case_id,case_name,process_group,total_frames,removed_na_segments
0,Lack_TV_Bench/0025_black_table_04_02_2019_08_20_13_48,Lack_TV_Bench,3249,12
1,Lack_TV_Bench/0008_black_floor_08_04_2019_08_28_11_26,Lack_TV_Bench,2588,10
10,Lack_TV_Bench/0022_white_floor_05_02_2019_08_19_15_49,Lack_TV_Bench,4530,5
100,Kallax_Shelf_Drawer/0029_black_table_04_02_2019_08_20_11_37,Kallax_Shelf_Drawer,1915,8
101,Kallax_Shelf_Drawer/0005_black_floor_08_04_2019_08_28_11_22,Kallax_Shelf_Drawer,1366,11
102,Kallax_Shelf_Drawer/0001_oak_floor_05_02_2019_08_19_16_54,Kallax_Shelf_Drawer,1042,12
103,Kallax_Shelf_Drawer/0014_black_floor_05_02_2019_08_19_12_46,Kallax_Shelf_Drawer,1542,4
104,Kallax_Shelf_Drawer/0004_white_floor_08_04_2019_08_28_10_58,Kallax_Shelf_Drawer,1055,2
105,Kallax_Shelf_Drawer/0002_black_floor_05_02_2019_08_19_17_50,Kallax_Shelf_Drawer,1324,7
106,Kallax_Shelf_Drawer/0041_oak_floor_08_04_2019_08_28_12_24,Kallax_Shelf_Drawer,1449,10
107,Kallax_Shelf_Drawer/0020_oak_floor_05_02_2019_08_19_12_58,Kallax_Shelf_Drawer,1341,3
108,Kallax_Shelf_Drawer/0021_white_floor_05_02_2019_08_19_13_15,Kallax_Shelf_Drawer,2763,3
109,Kallax_Shelf_Drawer/0008_black_floor_08_04_2019_08_28_11_49,Kallax_Shelf_Drawer,2102,4
11,Lack_TV_Bench/0020_black_floor_05_02_2019_08_19_12_51,Lack_TV_Bench,2692,3
110,Kallax_Shelf_Drawer/0012_white_table_04_02_2019_08_20_11_52,Kallax_Shelf_Drawer,2971,6
111,Kallax_Shelf_Drawer/0030_oak_table_04_02_2019_08_20_12_14,Kallax_Shelf_Drawer,1138,3
112,Kallax_Shelf_Drawer/0025_black_table_04_02_2019_08_20_13_51,Kallax_Shelf_Drawer,1097,5
113,Kallax_Shelf_Drawer/0014_black_floor_08_04_2019_08_28_11_12,Kallax_Shelf_Drawer,3196,14
114,Kallax_Shelf_Drawer/0028_white_table_04_02_2019_08_20_10_56,Kallax_Shelf_Drawer,1725,2
115,Kallax_Shelf_Drawer/0039_white_floor_08_04_2019_08_28_10_41,Kallax_Shelf_Drawer,1694,6
116,Kallax_Shelf_Drawer/0023_black_floor_05_02_2019_08_19_16_20,Kallax_Shelf_Drawer,2183,12
12,Lack_TV_Bench/0029_black_table_04_02_2019_08_20_11_30,Lack_TV_Bench,3062,4
13,Lack_TV_Bench/0024_white_table_04_02_2019_08_20_11_15,Lack_TV_Bench,2335,12
14,Lack_TV_Bench/0014_white_floor_05_02_2019_08_19_12_37,Lack_TV_Bench,2590,9
15,Lack_TV_Bench/0007_white_floor_08_04_2019_08_28_10_47,Lack_TV_Bench,2079,11
16,Lack_TV_Bench/0030_white_table_04_02_2019_08_20_12_08,Lack_TV_Bench,2678,6
17,Lack_TV_Bench/0021_white_floor_05_02_2019_08_19_13_08,Lack_TV_Bench,2909,0
18,Lack_TV_Bench/0039_white_floor_08_04_2019_08_28_10_38,Lack_TV_Bench,2236,14
19,Lack_TV_Bench/0028_black_table_04_02_2019_08_20_11_05,Lack_TV_Bench,3615,8
2,Lack_TV_Bench/0006_black_floor_05_02_2019_08_19_16_26,Lack_TV_Bench,2927,1
20,Lack_TV_Bench/0041_black_floor_08_04_2019_08_28_12_18,Lack_TV_Bench,2535,5
21,Lack_TV_Bench/0001_black_floor_05_02_2019_08_19_16_48,Lack_TV_Bench,2834,2
22,Lack_TV_Bench/0012_white_table_04_02_2019_08_20_11_45,Lack_TV_Bench,3529,1
23,Lack_TV_Bench/0024_white_floor_05_02_2019_08_19_17_01,Lack_TV_Bench,2457,8
24,Lack_TV_Bench/0025_white_floor_05_02_2019_08_19_17_14,Lack_TV_Bench,3173,9
25,Lack_TV_Bench/0002_black_floor_05_02_2019_08_19_17_43,Lack_TV_Bench,2669,12
26,Lack_TV_Bench/0006_black_table_04_02_2019_08_20_12_00,Lack_TV_Bench,4430,11
27,Lack_TV_Bench/0027_white_table_04_02_2019_08_20_10_43,Lack_TV_Bench,3232,8
28,Lack_TV_Bench/0023_black_floor_05_02_2019_08_19_16_11,Lack_TV_Bench,3637,6
29,Lack_Coffee_Table/0039_white_floor_08_04_2019_08_28_10_35,Lack_Coffee_Table,2944,12
3,Lack_TV_Bench/0040_white_floor_08_04_2019_08_28_11_55,Lack_TV_Bench,3948,4
30,Lack_Coffee_Table/0004_white_floor_08_04_2019_08_28_11_04,Lack_Coffee_Table,3300,4
31,Lack_Coffee_Table/0012_black_table_04_02_2019_08_20_11_49,Lack_Coffee_Table,3928,2
32,Lack_Coffee_Table/0021_oak_floor_05_02_2019_08_19_13_11,Lack_Coffee_Table,3186,3
33,Lack_Coffee_Table/0008_black_floor_08_04_2019_08_28_11_29,Lack_Coffee_Table,3455,6
34,Lack_Coffee_Table/0025_oak_floor_05_02_2019_08_19_17_17,Lack_Coffee_Table,3869,17
35,Lack_Coffee_Table/0021_black_table_04_02_2019_08_20_13_54,Lack_Coffee_Table,3211,9
36,Lack_Coffee_Table/0023_black_floor_05_02_2019_08_19_16_14,Lack_Coffee_Table,3846,7
37,Lack_Coffee_Table/0036_oak_floor_08_04_2019_08_28_12_14,Lack_Coffee_Table,2356,4
39,Lack_Coffee_Table/0040_oak_floor_08_04_2019_08_28_11_58,Lack_Coffee_Table,4247,11
4,Lack_TV_Bench/0006_white_floor_08_04_2019_08_28_12_08,Lack_TV_Bench,2574,2
40,Lack_Coffee_Table/0007_white_floor_08_04_2019_08_28_10_49,Lack_Coffee_Table,2779,6
41,Lack_Coffee_Table/0028_black_table_04_02_2019_08_20_11_01,Lack_Coffee_Table,3521,8
42,Lack_Coffee_Table/0023_black_table_04_02_2019_08_20_14_06,Lack_Coffee_Table,4405,6
43,Lack_Coffee_Table/0031_oak_table_04_02_2019_08_20_14_23,Lack_Coffee_Table,2878,13
44,Lack_Coffee_Table/0020_white_floor_05_02_2019_08_19_12_55,Lack_Coffee_Table,3185,5
45,Lack_Coffee_Table/0024_oak_floor_05_02_2019_08_19_17_03,Lack_Coffee_Table,3186,5
46,Lack_Coffee_Table/0014_oak_floor_05_02_2019_08_19_12_40,Lack_Coffee_Table,2603,11
47,Lack_Coffee_Table/0029_white_table_04_02_2019_08_20_11_33,Lack_Coffee_Table,3706,11
48,Lack_Coffee_Table/0022_white_floor_05_02_2019_08_19_15_53,Lack_Coffee_Table,5510,5
49,Lack_Coffee_Table/0005_black_floor_08_04_2019_08_28_11_20,Lack_Coffee_Table,2941,9
5,Lack_TV_Bench/0023_white_table_04_02_2019_08_20_14_02,Lack_TV_Bench,3930,2
50,Lack_Coffee_Table/0041_oak_floor_08_04_2019_08_28_12_22,Lack_Coffee_Table,3222,8
51,Lack_Coffee_Table/0024_oak_table_04_02_2019_08_20_11_19,Lack_Coffee_Table,2957,18
52,Lack_Coffee_Table/0026_black_floor_05_02_2019_08_19_17_25,Lack_Coffee_Table,4200,7
53,Lack_Coffee_Table/0002_white_floor_05_02_2019_08_19_17_47,Lack_Coffee_Table,3169,1
54,Lack_Coffee_Table/0025_oak_table_04_02_2019_08_20_13_42,Lack_Coffee_Table,3213,4
55,Lack_Coffee_Table/0030_white_table_04_02_2019_08_20_12_12,Lack_Coffee_Table,3120,2
56,Lack_Coffee_Table/0001_black_floor_05_02_2019_08_19_16_51,Lack_Coffee_Table,3074,2
57,Lack_Coffee_Table/0027_white_table_04_02_2019_08_20_10_47,Lack_Coffee_Table,3287,12
58,Lack_Side_Table/0024_white_floor_05_02_2019_08_19_16_58,Lack_Side_Table,2670,9
59,Lack_Side_Table/0024_black_table_04_02_2019_08_20_11_12,Lack_Side_Table,1970,9
6,Lack_TV_Bench/0004_white_floor_08_04_2019_08_28_10_56,Lack_TV_Bench,2609,13
60,Lack_Side_Table/0031_oak_table_04_02_2019_08_20_14_13,Lack_Side_Table,2963,1
61,Lack_Side_Table/0012_black_table_04_02_2019_08_20_11_42,Lack_Side_Table,3090,9
62,Lack_Side_Table/0006_white_table_04_02_2019_08_20_11_57,Lack_Side_Table,2757,6
63,Lack_Side_Table/0006_oak_floor_08_04_2019_08_28_12_05,Lack_Side_Table,2538,12
64,Lack_Side_Table/0002_white_floor_05_02_2019_08_19_17_39,Lack_Side_Table,2168,8
65,Lack_Side_Table/0029_oak_table_04_02_2019_08_20_11_26,Lack_Side_Table,2882,5
66,Lack_Side_Table/0023_oak_table_04_02_2019_08_20_13_58,Lack_Side_Table,3141,11
67,Lack_Side_Table/0023_white_floor_05_02_2019_08_19_16_05,Lack_Side_Table,3163,4
68,Lack_Side_Table/0014_white_floor_05_02_2019_08_19_12_33,Lack_Side_Table,2004,12
69,Lack_Side_Table/0041_oak_floor_08_04_2019_08_28_12_17,Lack_Side_Table,2327,2
7,Lack_TV_Bench/0031_black_table_04_02_2019_08_20_14_17,Lack_TV_Bench,3656,22
70,Lack_Side_Table/0040_oak_floor_08_04_2019_08_28_11_52,Lack_Side_Table,3738,7
71,Lack_Side_Table/0027_white_table_04_02_2019_08_20_10_38,Lack_Side_Table,2760,12
72,Lack_Side_Table/0025_black_floor_05_02_2019_08_19_17_12,Lack_Side_Table,2750,9
73,Lack_Side_Table/0025_white_table_04_02_2019_08_20_13_45,Lack_Side_Table,2485,8
74,Lack_Side_Table/0014_black_floor_08_04_2019_08_28_11_00,Lack_Side_Table,1705,3
75,Lack_Side_Table/0007_white_floor_08_04_2019_08_28_10_45,Lack_Side_Table,1627,7
76,Lack_Side_Table/0008_black_floor_08_04_2019_08_28_11_24,Lack_Side_Table,1869,8
77,Lack_Side_Table/0039_white_floor_08_04_2019_08_28_10_40,Lack_Side_Table,1932,3
78,Lack_Side_Table/0004_white_floor_08_04_2019_08_28_10_53,Lack_Side_Table,1866,2
79,Lack_Side_Table/0018_white_table_02_01_2019_08_16_10_07_Allstar_Richard_Hartley,Lack_Side_Table,3187,9
8,Lack_TV_Bench/0005_black_floor_08_04_2019_08_28_11_17,Lack_TV_Bench,2485,3
80,Lack_Side_Table/0001_oak_floor_05_02_2019_08_19_16_44,Lack_Side_Table,2342,6
81,Lack_Side_Table/0020_oak_floor_05_02_2019_08_19_12_49,Lack_Side_Table,2621,6
82,Lack_Side_Table/0006_black_floor_05_02_2019_08_19_16_23,Lack_Side_Table,2778,2
83,Lack_Side_Table/0030_oak_table_04_02_2019_08_20_12_05,Lack_Side_Table,2648,3
84,Lack_Side_Table/0005_black_floor_08_04_2019_08_28_11_15,Lack_Side_Table,2064,2
85,Lack_Side_Table/0021_black_floor_05_02_2019_08_19_13_04,Lack_Side_Table,2249,6
86,Lack_Side_Table/0028_black_table_04_02_2019_08_20_11_09,Lack_Side_Table,2910,15
87,Lack_Side_Table/0022_oak_floor_05_02_2019_08_19_15_44,Lack_Side_Table,5595,5
88,Kallax_Shelf_Drawer/0006_oak_floor_05_02_2019_08_19_16_40,Kallax_Shelf_Drawer,1447,3
89,Kallax_Shelf_Drawer/0007_white_floor_08_04_2019_08_28_10_51,Kallax_Shelf_Drawer,1346,2
9,Lack_TV_Bench/0014_black_floor_08_04_2019_08_28_11_02,Lack_TV_Bench,2379,0
90,Kallax_Shelf_Drawer/0006_oak_table_04_02_2019_08_20_12_04,Kallax_Shelf_Drawer,1109,6
91,Kallax_Shelf_Drawer/0040_oak_floor_08_04_2019_08_28_12_02,Kallax_Shelf_Drawer,4037,11
92,Kallax_Shelf_Drawer/0025_oak_floor_05_02_2019_08_19_17_21,Kallax_Shelf_Drawer,1425,18
93,Kallax_Shelf_Drawer/0006_oak_floor_08_04_2019_08_28_12_10,Kallax_Shelf_Drawer,1900,4
94,Kallax_Shelf_Drawer/0027_white_table_04_02_2019_08_20_10_52,Kallax_Shelf_Drawer,2438,22
95,Kallax_Shelf_Drawer/0031_white_table_04_02_2019_08_20_14_26,Kallax_Shelf_Drawer,2718,2
96,Kallax_Shelf_Drawer/0024_black_table_04_02_2019_08_20_11_21,Kallax_Shelf_Drawer,2086,12
97,Kallax_Shelf_Drawer/0022_white_floor_05_02_2019_08_19_15_58,Kallax_Shelf_Drawer,3454,4
98,Kallax_Shelf_Drawer/0024_oak_floor_05_02_2019_08_19_17_07,Kallax_Shelf_Drawer,2818,8
99,Kallax_Shelf_Drawer/0023_black_table_04_02_2019_08_20_14_10,Kallax_Shelf_Drawer,1517,1
