case_id,case_name,align leg screw with table thread,align side panel holes with front panel dowels,attach drawer back panel,attach drawer side panel,attach shelf to table,flip shelf,flip table,flip table top,insert drawer pin,lay down back panel,lay down bottom panel,lay down front panel,lay down leg,lay down shelf,lay down side panel,lay down table top,other,pick up back panel,pick up bottom panel,pick up front panel,pick up leg,pick up pin,pick up shelf,pick up side panel,pick up table top,position the drawer right side up,push table,push table top,rotate table,slide bottom of drawer,spin leg,tighten leg
0,Lack_TV_Bench/0025_black_table_04_02_2019_08_20_13_48,4,0,0,0,1,0,1,1,0,0,0,0,0,0,0,0,3,0,0,0,4,0,1,0,0,0,0,0,1,0,5,1
1,Lack_TV_Bench/0008_black_floor_08_04_2019_08_28_11_26,0,0,0,0,1,0,1,0,0,0,0,0,0,0,0,0,0,0,0,0,4,0,1,0,0,0,0,0,0,0,4,2
10,Lack_TV_Bench/0022_white_floor_05_02_2019_08_19_15_49,4,0,0,0,1,0,1,0,0,0,0,0,0,0,0,0,0,0,0,0,4,0,0,0,0,0,0,0,0,0,4,0
100,Kallax_Shelf_Drawer/0029_black_table_04_02_2019_08_20_11_37,0,2,1,2,0,0,0,0,2,0,0,1,0,0,0,0,0,1,1,1,0,2,0,2,0,1,0,0,0,1,0,0
101,Kallax_Shelf_Drawer/0005_black_floor_08_04_2019_08_28_11_22,0,2,1,0,0,0,0,0,1,0,0,1,0,0,0,0,0,0,1,0,0,0,0,2,0,1,0,0,0,1,0,0
102,Kallax_Shelf_Drawer/0001_oak_floor_05_02_2019_08_19_16_54,0,0,1,2,0,0,0,0,2,0,0,0,0,0,0,0,0,1,1,0,0,2,0,2,0,1,0,0,0,1,0,0
103,Kallax_Shelf_Drawer/0014_black_floor_05_02_2019_08_19_12_46,0,2,1,2,0,0,0,0,1,0,0,1,0,0,0,0,1,1,1,1,0,2,0,2,0,1,0,0,0,1,0,0
104,Kallax_Shelf_Drawer/0004_white_floor_08_04_2019_08_28_10_58,0,2,1,2,0,0,0,0,2,0,0,0,0,0,0,0,0,1,1,0,0,2,0,2,0,1,0,0,0,1,0,0
105,Kallax_Shelf_Drawer/0002_black_floor_05_02_2019_08_19_17_50,0,2,1,2,0,0,0,0,2,0,0,0,0,0,0,0,1,1,1,0,0,2,0,2,0,1,0,0,0,1,0,0
106,Kallax_Shelf_Drawer/0041_oak_floor_08_04_2019_08_28_12_24,0,2,0,2,0,0,0,0,1,0,0,1,0,0,0,0,0,1,1,1,0,1,0,2,0,1,0,0,0,2,0,0
107,Kallax_Shelf_Drawer/0020_oak_floor_05_02_2019_08_19_12_58,0,0,1,2,0,0,0,0,2,0,1,0,0,0,0,0,0,1,1,0,0,2,0,1,0,0,0,0,0,1,0,0
108,Kallax_Shelf_Drawer/0021_white_floor_05_02_2019_08_19_13_15,0,0,1,4,0,0,0,0,2,0,0,0,0,0,0,0,1,0,1,0,0,2,0,3,0,1,0,0,0,1,0,0
109,Kallax_Shelf_Drawer/0008_black_floor_08_04_2019_08_28_11_49,0,1,0,2,0,0,0,0,1,0,1,0,0,0,0,0,0,0,2,1,0,1,0,2,0,0,0,0,0,1,0,0
11,Lack_TV_Bench/0020_black_floor_05_02_2019_08_19_12_51,4,0,0,0,1,0,1,0,0,0,0,0,0,0,0,0,0,0,0,0,4,0,1,0,0,0,0,0,0,0,4,0
110,Kallax_Shelf_Drawer/0012_white_table_04_02_2019_08_20_11_52,0,2,1,2,0,0,0,0,1,0,0,0,0,0,0,0,0,2,1,1,0,1,0,3,0,1,0,0,0,1,0,0
111,Kallax_Shelf_Drawer/0030_oak_table_04_02_2019_08_20_12_14,0,2,1,2,0,0,0,0,1,0,0,0,0,0,0,0,0,1,1,0,0,1,0,2,0,1,0,0,0,1,0,0
112,Kallax_Shelf_Drawer/0025_black_table_04_02_2019_08_20_13_51,0,0,1,2,0,0,0,0,1,0,1,0,0,0,0,0,0,1,1,0,0,1,0,2,0,0,0,0,0,1,0,0
113,Kallax_Shelf_Drawer/0014_black_floor_08_04_2019_08_28_11_12,0,4,2,2,0,0,0,0,2,0,0,0,0,0,0,0,1,2,2,0,0,0,0,4,0,1,0,0,0,2,0,0
114,Kallax_Shelf_Drawer/0028_white_table_04_02_2019_08_20_10_56,0,2,1,2,0,0,0,0,2,0,0,0,0,0,0,0,0,1,1,0,0,2,0,2,0,1,0,0,0,1,0,0
115,Kallax_Shelf_Drawer/0039_white_floor_08_04_2019_08_28_10_41,0,2,1,2,0,0,0,0,2,0,0,0,0,0,0,0,0,2,1,1,0,2,0,3,0,1,0,0,0,1,0,0
116,Kallax_Shelf_Drawer/0023_black_floor_05_02_2019_08_19_16_20,0,0,1,2,0,0,0,0,2,0,1,0,0,0,0,0,0,1,1,0,0,2,0,2,0,0,0,0,0,1,0,0
12,Lack_TV_Bench/0029_black_table_04_02_2019_08_20_11_30,4,0,0,0,1,0,1,1,0,0,0,0,0,0,0,0,2,0,0,0,3,0,1,0,0,0,0,0,0,0,4,0
13,Lack_TV_Bench/0024_white_table_04_02_2019_08_20_11_15,3,0,0,0,1,0,1,0,0,0,0,0,0,0,0,0,0,0,0,0,4,0,1,0,0,0,0,0,0,0,4,0
14,Lack_TV_Bench/0014_white_floor_05_02_2019_08_19_12_37,4,0,0,0,1,0,1,0,0,0,0,0,0,0,0,0,0,0,0,0,4,0,1,0,0,0,0,0,0,0,4,1
15,Lack_TV_Bench/0007_white_floor_08_04_2019_08_28_10_47,4,0,0,0,1,0,1,0,0,0,0,0,0,0,0,0,0,0,0,0,4,0,1,0,0,0,1,0,0,0,4,4
16,Lack_TV_Bench/0030_white_table_04_02_2019_08_20_12_08,0,0,0,0,1,0,1,1,0,0,0,0,0,0,0,0,0,0,0,0,3,0,1,0,0,0,0,0,0,0,3,1
17,Lack_TV_Bench/0021_white_floor_05_02_2019_08_19_13_08,4,0,0,0,1,0,1,0,0,0,0,0,0,0,0,0,2,0,0,0,4,0,1,0,0,0,1,0,0,0,4,2
18,Lack_TV_Bench/0039_white_floor_08_04_2019_08_28_10_38,4,0,0,0,1,0,1,1,0,0,0,0,0,0,0,0,0,0,0,0,4,0,1,0,0,0,0,0,1,0,4,4
19,Lack_TV_Bench/0028_black_table_04_02_2019_08_20_11_05,4,0,0,0,1,0,1,0,0,0,0,0,0,0,0,0,0,0,0,0,5,0,1,0,1,0,0,0,0,0,5,0
2,Lack_TV_Bench/0006_black_floor_05_02_2019_08_19_16_26,4,0,0,0,1,0,1,0,0,0,0,0,0,0,0,0,1,0,0,0,4,0,1,0,0,0,0,0,0,0,4,1
20,Lack_TV_Bench/0041_black_floor_08_04_2019_08_28_12_18,4,0,0,0,1,0,1,1,0,0,0,0,0,0,0,0,0,0,0,0,3,0,1,0,0,0,0,0,0,0,4,3
21,Lack_TV_Bench/0001_black_floor_05_02_2019_08_19_16_48,4,0,0,0,1,0,1,0,0,0,0,0,0,0,0,0,0,0,0,0,4,0,1,0,0,0,0,0,1,0,4,0
22,Lack_TV_Bench/0012_white_table_04_02_2019_08_20_11_45,3,0,0,0,1,1,1,1,0,0,0,0,0,0,0,0,0,0,0,0,4,0,1,0,0,0,0,0,0,0,4,0
23,Lack_TV_Bench/0024_white_floor_05_02_2019_08_19_17_01,4,0,0,0,1,0,1,0,0,0,0,0,0,0,0,0,0,0,0,0,4,0,1,0,0,0,0,0,0,0,4,0
24,Lack_TV_Bench/0025_white_floor_05_02_2019_08_19_17_14,4,0,0,0,2,0,1,1,0,0,0,0,0,0,0,0,0,0,0,0,4,0,2,0,0,0,0,0,0,0,4,1
25,Lack_TV_Bench/0002_black_floor_05_02_2019_08_19_17_43,3,0,0,0,1,0,1,1,0,0,0,0,0,0,0,0,0,0,0,0,4,0,1,0,0,0,0,0,1,0,4,1
26,Lack_TV_Bench/0006_black_table_04_02_2019_08_20_12_00,4,0,0,0,1,0,1,1,0,0,0,0,0,0,0,0,0,0,0,0,4,0,1,0,0,0,0,0,0,0,4,3
27,Lack_TV_Bench/0027_white_table_04_02_2019_08_20_10_43,4,0,0,0,1,0,1,0,0,0,0,0,0,0,0,0,0,0,0,0,4,0,1,0,0,0,0,0,0,0,4,0
28,Lack_TV_Bench/0023_black_floor_05_02_2019_08_19_16_11,3,0,0,0,1,0,1,0,0,0,0,0,0,0,0,0,0,0,0,0,4,0,1,0,0,0,0,0,0,0,4,2
29,Lack_Coffee_Table/0039_white_floor_08_04_2019_08_28_10_35,4,0,0,0,1,2,1,1,0,0,0,0,1,1,0,0,0,0,0,0,5,0,1,0,0,0,0,0,0,0,4,0
3,Lack_TV_Bench/0040_white_floor_08_04_2019_08_28_11_55,5,0,0,0,1,0,1,1,0,0,0,0,0,0,0,1,0,0,0,0,4,0,1,0,1,0,0,0,0,0,4,0
30,Lack_Coffee_Table/0004_white_floor_08_04_2019_08_28_11_04,0,0,0,0,1,0,1,1,0,0,0,0,0,0,0,0,0,0,0,0,4,0,1,0,0,0,0,0,0,0,4,0
31,Lack_Coffee_Table/0012_black_table_04_02_2019_08_20_11_49,4,0,0,0,1,0,1,1,0,0,0,0,0,0,0,0,0,0,0,0,4,0,1,0,0,0,0,0,0,0,4,1
32,Lack_Coffee_Table/0021_oak_floor_05_02_2019_08_19_13_11,4,0,0,0,1,0,1,0,0,0,0,0,0,0,0,0,0,0,0,0,4,0,1,0,0,0,0,0,0,0,4,0
33,Lack_Coffee_Table/0008_black_floor_08_04_2019_08_28_11_29,0,0,0,0,1,0,1,0,0,0,0,0,0,0,0,0,0,0,0,0,3,0,0,0,0,0,0,0,3,0,4,0
34,Lack_Coffee_Table/0025_oak_floor_05_02_2019_08_19_17_17,0,0,0,0,1,0,3,1,0,0,0,0,0,0,0,0,0,0,0,0,4,0,2,0,0,0,0,0,0,0,4,1
35,Lack_Coffee_Table/0021_black_table_04_02_2019_08_20_13_54,4,0,0,0,1,0,1,0,0,0,0,0,0,0,0,0,0,0,0,0,4,0,1,0,0,0,0,0,0,0,5,3
36,Lack_Coffee_Table/0023_black_floor_05_02_2019_08_19_16_14,4,0,0,0,1,0,1,0,0,0,0,0,0,0,0,0,0,0,0,0,4,0,1,0,0,0,0,0,0,0,4,1
37,Lack_Coffee_Table/0036_oak_floor_08_04_2019_08_28_12_14,0,0,0,0,1,0,1,0,0,0,0,0,0,0,0,0,0,0,0,0,4,0,1,0,0,0,0,0,0,0,4,2
39,Lack_Coffee_Table/0040_oak_floor_08_04_2019_08_28_11_58,0,0,0,0,1,0,1,1,0,0,0,0,0,0,0,0,0,0,0,0,5,0,1,0,0,0,0,0,0,0,4,2
4,Lack_TV_Bench/0006_white_floor_08_04_2019_08_28_12_08,4,0,0,0,0,0,1,1,0,0,0,0,0,0,0,0,0,0,0,0,4,0,1,0,0,0,0,0,0,0,4,0
40,Lack_Coffee_Table/0007_white_floor_08_04_2019_08_28_10_49,4,0,0,0,1,0,1,1,0,0,0,0,0,0,0,0,0,0,0,0,4,0,1,0,0,0,0,0,0,0,4,0
41,Lack_Coffee_Table/0028_black_table_04_02_2019_08_20_11_01,4,0,0,0,1,0,1,1,0,0,0,0,0,1,0,0,0,0,0,0,4,0,1,0,0,0,0,0,0,0,4,0
42,Lack_Coffee_Table/0023_black_table_04_02_2019_08_20_14_06,5,0,0,0,1,0,1,1,0,0,0,0,0,0,0,0,0,0,0,0,4,0,1,0,0,0,0,0,1,0,4,2
43,Lack_Coffee_Table/0031_oak_table_04_02_2019_08_20_14_23,5,0,0,0,1,0,1,0,0,0,0,0,0,0,0,0,0,0,0,0,4,0,1,0,0,0,0,0,5,0,4,5
44,Lack_Coffee_Table/0020_white_floor_05_02_2019_08_19_12_55,3,0,0,0,1,0,1,0,0,0,0,0,0,0,0,0,1,0,0,0,3,0,1,0,0,0,0,0,0,0,4,2
45,Lack_Coffee_Table/0024_oak_floor_05_02_2019_08_19_17_03,4,0,0,0,1,0,1,1,0,0,0,0,0,0,0,0,0,0,0,0,4,0,1,0,0,0,0,0,0,0,4,0
46,Lack_Coffee_Table/0014_oak_floor_05_02_2019_08_19_12_40,0,0,0,0,1,0,1,0,0,0,0,0,0,0,0,0,0,0,0,0,4,0,1,0,0,0,0,0,2,0,4,0
47,Lack_Coffee_Table/0029_white_table_04_02_2019_08_20_11_33,4,0,0,0,1,0,1,1,0,0,0,0,0,0,0,0,0,0,0,0,4,0,1,0,0,0,0,0,1,0,6,1
48,Lack_Coffee_Table/0022_white_floor_05_02_2019_08_19_15_53,0,0,0,0,1,0,1,0,0,0,0,0,0,0,0,0,0,0,0,0,3,0,0,0,0,0,0,0,2,0,4,0
49,Lack_Coffee_Table/0005_black_floor_08_04_2019_08_28_11_20,3,0,0,0,1,0,2,0,0,0,0,0,0,0,0,0,0,0,0,0,3,0,1,0,0,0,0,1,0,0,5,0
5,Lack_TV_Bench/0023_white_table_04_02_2019_08_20_14_02,4,0,0,0,1,0,1,1,0,0,0,0,0,0,0,0,0,0,0,0,4,0,1,0,0,0,1,0,0,0,4,1
50,Lack_Coffee_Table/0041_oak_floor_08_04_2019_08_28_12_22,0,0,0,0,1,0,1,0,0,0,0,0,0,0,0,0,0,0,0,0,4,0,1,0,0,0,0,0,0,0,4,0
51,Lack_Coffee_Table/0024_oak_table_04_02_2019_08_20_11_19,4,0,0,0,1,0,1,0,0,0,0,0,1,0,0,0,1,0,0,0,3,0,1,0,0,0,0,0,1,0,4,0
52,Lack_Coffee_Table/0026_black_floor_05_02_2019_08_19_17_25,4,0,0,0,1,0,1,1,0,0,0,0,0,0,0,0,0,0,0,0,4,0,1,0,0,0,0,0,0,0,4,0
53,Lack_Coffee_Table/0002_white_floor_05_02_2019_08_19_17_47,4,0,0,0,1,0,1,0,0,0,0,0,0,0,0,1,0,0,0,0,4,0,2,0,0,0,0,0,0,0,4,1
54,Lack_Coffee_Table/0025_oak_table_04_02_2019_08_20_13_42,4,0,0,0,1,0,1,1,0,0,0,0,0,0,0,0,0,0,0,0,4,0,1,0,0,0,0,0,0,0,4,2
55,Lack_Coffee_Table/0030_white_table_04_02_2019_08_20_12_12,4,0,0,0,1,0,1,0,0,0,0,0,0,0,0,0,0,0,0,0,4,0,1,0,0,0,0,0,0,0,4,1
56,Lack_Coffee_Table/0001_black_floor_05_02_2019_08_19_16_51,3,0,0,0,1,0,1,1,0,0,0,0,0,0,0,0,0,0,0,0,4,0,1,0,0,0,0,0,0,0,4,0
57,Lack_Coffee_Table/0027_white_table_04_02_2019_08_20_10_47,4,0,0,0,1,0,1,0,0,0,0,0,0,0,0,0,0,0,0,0,4,0,1,0,0,0,0,0,0,0,5,2
58,Lack_Side_Table/0024_white_floor_05_02_2019_08_19_16_58,4,0,0,0,0,0,0,1,0,0,0,0,0,0,0,0,0,0,0,0,2,0,0,0,0,0,0,0,1,0,8,0
59,Lack_Side_Table/0024_black_table_04_02_2019_08_20_11_12,0,0,0,0,0,0,1,0,0,0,0,0,0,0,0,0,0,0,0,0,3,0,0,0,0,0,0,0,0,0,4,0
6,Lack_TV_Bench/0004_white_floor_08_04_2019_08_28_10_56,4,0,0,0,1,0,1,1,0,0,0,0,0,0,0,0,0,0,0,0,4,0,1,0,0,0,0,0,0,0,4,1
60,Lack_Side_Table/0031_oak_table_04_02_2019_08_20_14_13,4,0,0,0,0,0,1,0,0,0,0,0,0,0,0,1,0,0,0,0,4,0,0,0,1,0,0,0,1,0,4,0
61,Lack_Side_Table/0012_black_table_04_02_2019_08_20_11_42,4,0,0,0,0,0,1,0,0,0,0,0,1,0,0,0,0,0,0,0,5,0,0,0,0,0,0,0,0,0,5,0
62,Lack_Side_Table/0006_white_table_04_02_2019_08_20_11_57,4,0,0,0,0,0,1,0,0,0,0,0,0,0,0,0,0,0,0,0,4,0,0,0,0,0,0,0,2,0,4,4
63,Lack_Side_Table/0006_oak_floor_08_04_2019_08_28_12_05,0,0,0,0,0,0,1,0,0,0,0,0,0,0,0,0,0,0,0,0,4,0,0,0,0,0,0,0,2,0,4,0
64,Lack_Side_Table/0002_white_floor_05_02_2019_08_19_17_39,4,0,0,0,0,0,1,1,0,0,0,0,0,0,0,0,0,0,0,0,4,0,0,0,0,0,1,0,3,0,4,0
65,Lack_Side_Table/0029_oak_table_04_02_2019_08_20_11_26,4,0,0,0,0,0,2,0,0,0,0,0,0,0,0,0,0,0,0,0,4,0,0,0,0,0,0,0,1,0,4,0
66,Lack_Side_Table/0023_oak_table_04_02_2019_08_20_13_58,4,0,0,0,0,0,1,0,0,0,0,0,0,0,0,0,0,0,0,0,3,0,0,0,0,0,0,0,2,0,4,3
67,Lack_Side_Table/0023_white_floor_05_02_2019_08_19_16_05,4,0,0,0,0,0,1,0,0,0,0,0,0,0,0,0,0,0,0,0,4,0,0,0,0,0,0,0,0,0,4,0
68,Lack_Side_Table/0014_white_floor_05_02_2019_08_19_12_33,0,0,0,0,0,0,1,0,0,0,0,0,0,0,0,0,0,0,0,0,4,0,0,0,0,0,0,0,2,0,4,0
69,Lack_Side_Table/0041_oak_floor_08_04_2019_08_28_12_17,4,0,0,0,0,0,1,0,0,0,0,0,0,0,0,0,0,0,0,0,4,0,0,0,0,0,0,0,2,0,4,0
7,Lack_TV_Bench/0031_black_table_04_02_2019_08_20_14_17,4,0,0,0,1,0,1,1,0,0,0,0,0,0,0,1,0,0,0,0,4,0,1,0,0,0,0,0,5,0,4,4
70,Lack_Side_Table/0040_oak_floor_08_04_2019_08_28_11_52,4,0,0,0,0,0,1,1,0,0,0,0,0,0,0,1,0,0,0,0,4,0,0,0,1,0,0,0,0,0,4,0
71,Lack_Side_Table/0027_white_table_04_02_2019_08_20_10_38,4,0,0,0,0,0,1,0,0,0,0,0,0,0,0,0,0,0,0,0,4,0,0,0,0,0,0,0,1,0,4,3
72,Lack_Side_Table/0025_black_floor_05_02_2019_08_19_17_12,4,0,0,0,0,0,1,1,0,0,0,0,0,0,0,0,0,0,0,0,3,0,0,0,0,0,0,0,0,0,4,1
73,Lack_Side_Table/0025_white_table_04_02_2019_08_20_13_45,4,0,0,0,0,0,1,1,0,0,0,0,0,0,0,0,0,0,0,0,4,0,0,0,0,0,0,0,0,0,4,0
74,Lack_Side_Table/0014_black_floor_08_04_2019_08_28_11_00,4,0,0,0,0,0,1,0,0,0,0,0,0,0,0,0,0,0,0,0,4,0,0,0,0,0,0,0,2,0,4,0
75,Lack_Side_Table/0007_white_floor_08_04_2019_08_28_10_45,0,0,0,0,0,0,1,0,0,0,0,0,0,0,0,0,0,0,0,0,4,0,0,0,0,0,0,0,1,0,4,1
76,Lack_Side_Table/0008_black_floor_08_04_2019_08_28_11_24,4,0,0,0,0,0,1,1,0,0,0,0,0,0,0,0,0,0,0,0,4,0,0,0,1,0,0,0,1,0,4,2
77,Lack_Side_Table/0039_white_floor_08_04_2019_08_28_10_40,4,0,0,0,0,0,1,0,0,0,0,0,0,0,0,0,0,0,0,0,4,0,0,0,1,0,0,0,3,0,4,0
78,Lack_Side_Table/0004_white_floor_08_04_2019_08_28_10_53,4,0,0,0,0,0,1,1,0,0,0,0,0,0,0,0,0,0,0,0,3,0,0,0,0,0,0,0,0,0,4,0
79,Lack_Side_Table/0018_white_table_02_01_2019_08_16_10_07_Allstar_Richard_Hartley,4,0,0,0,0,0,1,0,0,0,0,0,0,0,0,0,0,0,0,0,4,0,0,0,0,0,0,0,2,0,7,3
8,Lack_TV_Bench/0005_black_floor_08_04_2019_08_28_11_17,3,0,0,0,1,0,1,0,0,0,0,0,0,0,0,0,0,0,0,0,4,0,1,0,0,0,0,0,0,0,4,0
80,Lack_Side_Table/0001_oak_floor_05_02_2019_08_19_16_44,4,0,0,0,0,0,1,0,0,0,0,0,0,0,0,0,0,0,0,0,4,0,0,0,0,0,0,0,3,0,4,3
81,Lack_Side_Table/0020_oak_floor_05_02_2019_08_19_12_49,4,0,0,0,0,0,1,0,0,0,0,0,0,0,0,0,0,0,0,0,4,0,0,0,0,0,0,0,0,0,4,0
82,Lack_Side_Table/0006_black_floor_05_02_2019_08_19_16_23,4,0,0,0,0,0,1,0,0,0,0,0,0,0,0,0,0,0,0,0,4,0,0,0,0,0,0,0,1,0,4,4
83,Lack_Side_Table/0030_oak_table_04_02_2019_08_20_12_05,4,0,0,0,0,0,0,1,0,0,0,0,0,0,0,0,0,0,0,0,4,0,0,0,0,0,0,0,2,0,4,2
84,Lack_Side_Table/0005_black_floor_08_04_2019_08_28_11_15,4,0,0,0,0,0,0,1,0,0,0,0,0,0,0,0,1,0,0,0,4,0,0,0,1,0,0,0,0,0,4,0
85,Lack_Side_Table/0021_black_floor_05_02_2019_08_19_13_04,4,0,0,0,0,0,1,0,0,0,0,0,0,0,0,0,0,0,0,0,4,0,0,0,0,0,0,0,1,0,4,0
86,Lack_Side_Table/0028_black_table_04_02_2019_08_20_11_09,4,0,0,0,0,0,1,0,0,0,0,0,0,0,0,0,0,0,0,0,4,0,0,0,0,0,0,0,1,0,4,0
87,Lack_Side_Table/0022_oak_floor_05_02_2019_08_19_15_44,0,0,0,0,0,0,1,0,0,0,0,0,0,0,0,0,0,0,0,0,3,0,0,0,0,0,0,0,2,0,4,0
88,Kallax_Shelf_Drawer/0006_oak_floor_05_02_2019_08_19_16_40,0,2,1,2,0,0,0,0,1,0,0,0,0,0,0,0,0,1,1,0,0,1,0,2,0,1,0,0,0,1,0,0
89,Kallax_Shelf_Drawer/0007_white_floor_08_04_2019_08_28_10_51,0,1,0,2,0,0,0,0,1,0,0,0,0,0,0,0,0,0,1,1,0,1,0,2,0,0,0,0,0,1,0,0
9,Lack_TV_Bench/0014_black_floor_08_04_2019_08_28_11_02,4,0,0,0,1,0,1,0,0,0,0,0,0,0,0,1,2,0,0,0,5,0,1,0,1,0,0,0,1,0,4,1
90,Kallax_Shelf_Drawer/0006_oak_table_04_02_2019_08_20_12_04,0,0,1,2,0,0,0,0,2,0,1,0,0,0,0,0,0,1,1,0,0,2,0,1,0,0,0,0,0,1,0,0
91,Kallax_Shelf_Drawer/0040_oak_floor_08_04_2019_08_28_12_02,0,4,1,4,0,0,0,0,1,2,1,1,0,0,1,0,1,3,3,2,0,1,0,6,0,1,0,0,0,2,0,0
92,Kallax_Shelf_Drawer/0025_oak_floor_05_02_2019_08_19_17_21,0,2,1,2,0,0,0,0,2,0,0,1,0,0,0,0,0,1,1,1,0,2,0,2,0,1,0,0,0,1,0,0
93,Kallax_Shelf_Drawer/0006_oak_floor_08_04_2019_08_28_12_10,0,2,1,2,0,0,0,0,2,0,0,1,0,0,0,0,0,0,1,1,0,2,0,2,0,1,0,0,0,1,0,0
94,Kallax_Shelf_Drawer/0027_white_table_04_02_2019_08_20_10_52,0,2,2,2,0,0,0,0,2,1,0,0,0,0,0,0,3,3,1,0,0,2,0,2,0,1,0,0,0,1,0,0
95,Kallax_Shelf_Drawer/0031_white_table_04_02_2019_08_20_14_26,0,2,1,2,0,0,0,0,2,1,0,0,0,0,0,0,0,2,1,0,0,2,0,2,0,1,0,0,0,1,0,0
96,Kallax_Shelf_Drawer/0024_black_table_04_02_2019_08_20_11_21,0,0,1,2,0,0,0,0,2,0,1,0,0,0,0,0,1,1,1,0,0,1,0,2,0,0,0,0,0,1,0,0
97,Kallax_Shelf_Drawer/0022_white_floor_05_02_2019_08_19_15_58,0,0,1,2,0,0,0,0,1,0,1,0,0,0,0,0,0,2,1,0,0,1,0,2,0,0,0,0,0,1,0,0
98,Kallax_Shelf_Drawer/0024_oak_floor_05_02_2019_08_19_17_07,0,2,0,3,0,0,0,0,3,0,0,0,0,0,0,0,0,0,1,1,0,3,0,2,0,0,0,0,0,1,0,0
99,Kallax_Shelf_Drawer/0023_black_table_04_02_2019_08_20_14_10,0,0,1,2,0,0,0,0,2,0,0,1,0,0,0,0,1,1,1,1,0,2,0,2,0,1,0,0,0,1,0,0
