activity,minimum,maximum,per_case_counts,minimum_witness_case_ids,maximum_witness_case_ids,positive_minimum,informative_maximum,maximum_trivial_against_event_positions,maximum_informative_case_ids,observed_in_cases,total_occurrences
align leg screw with table thread,0,5,"{""0"":4,""1"":0,""10"":4,""100"":0,""101"":0,""102"":0,""103"":0,""104"":0,""105"":0,""106"":0,""107"":0,""108"":0,""109"":0,""11"":4,""110"":0,""111"":0,""112"":0,""113"":0,""114"":0,""115"":0,""116"":0,""12"":4,""13"":3,""14"":4,""15"":4,""16"":0,""17"":4,""18"":4,""19"":4,""2"":4,""20"":4,""21"":4,""22"":3,""23"":4,""24"":4,""25"":3,""26"":4,""27"":4,""28"":3,""29"":4,""3"":5,""30"":0,""31"":4,""32"":4,""33"":0,""34"":0,""35"":4,""36"":4,""37"":0,""39"":0,""4"":4,""40"":4,""41"":4,""42"":5,""43"":5,""44"":3,""45"":4,""46"":0,""47"":4,""48"":0,""49"":3,""5"":4,""50"":0,""51"":4,""52"":4,""53"":4,""54"":4,""55"":4,""56"":3,""57"":4,""58"":4,""59"":0,""6"":4,""60"":4,""61"":4,""62"":4,""63"":0,""64"":4,""65"":4,""66"":4,""67"":4,""68"":0,""69"":4,""7"":4,""70"":4,""71"":4,""72"":4,""73"":4,""74"":4,""75"":0,""76"":4,""77"":4,""78"":4,""79"":4,""8"":3,""80"":4,""81"":4,""82"":4,""83"":4,""84"":4,""85"":4,""86"":4,""87"":0,""88"":0,""89"":0,""9"":4,""90"":0,""91"":0,""92"":0,""93"":0,""94"":0,""95"":0,""96"":0,""97"":0,""98"":0,""99"":0}","[""1"",""100"",""101"",""102"",""103"",""104"",""105"",""106"",""107"",""108"",""109"",""110"",""111"",""112"",""113"",""114"",""115"",""116"",""16"",""30"",""33"",""34"",""37"",""39"",""46"",""48"",""50"",""59"",""63"",""68"",""75"",""87"",""88"",""89"",""90"",""91"",""92"",""93"",""94"",""95"",""96"",""97"",""98"",""99""]","[""3"",""42"",""43""]",False,True,False,"[""0"",""1"",""10"",""100"",""101"",""102"",""103"",""104"",""105"",""106"",""107"",""108"",""109"",""11"",""110"",""111"",""112"",""113"",""114"",""115"",""116"",""12"",""13"",""14"",""15"",""16"",""17"",""18"",""19"",""2"",""20"",""21"",""22"",""23"",""24"",""25"",""26"",""27"",""28"",""29"",""3"",""30"",""31"",""32"",""33"",""34"",""35"",""36"",""37"",""39"",""4"",""40"",""41"",""42"",""43"",""44"",""45"",""46"",""47"",""48"",""49"",""5"",""50"",""51"",""52"",""53"",""54"",""55"",""56"",""57"",""58"",""59"",""6"",""60"",""61"",""62"",""63"",""64"",""65"",""66"",""67"",""68"",""69"",""7"",""70"",""71"",""72"",""73"",""74"",""75"",""76"",""77"",""78"",""79"",""8"",""80"",""81"",""82"",""83"",""84"",""85"",""86"",""87"",""88"",""89"",""9"",""90"",""91"",""92"",""93"",""94"",""95"",""96"",""97"",""98"",""99""]",72,283
align side panel holes with front panel dowels,0,4,"{""0"":0,""1"":0,""10"":0,""100"":2,""101"":2,""102"":0,""103"":2,""104"":2,""105"":2,""106"":2,""107"":0,""108"":0,""109"":1,""11"":0,""110"":2,""111"":2,""112"":0,""113"":4,""114"":2,""115"":2,""116"":0,""12"":0,""13"":0,""14"":0,""15"":0,""16"":0,""17"":0,""18"":0,""19"":0,""2"":0,""20"":0,""21"":0,""22"":0,""23"":0,""24"":0,""25"":0,""26"":0,""27"":0,""28"":0,""29"":0,""3"":0,""30"":0,""31"":0,""32"":0,""33"":0,""34"":0,""35"":0,""36"":0,""37"":0,""39"":0,""4"":0,""40"":0,""41"":0,""42"":0,""43"":0,""44"":0,""45"":0,""46"":0,""47"":0,""48"":0,""49"":0,""5"":0,""50"":0,""51"":0,""52"":0,""53"":0,""54"":0,""55"":0,""56"":0,""57"":0,""58"":0,""59"":0,""6"":0,""60"":0,""61"":0,""62"":0,""63"":0,""64"":0,""65"":0,""66"":0,""67"":0,""68"":0,""69"":0,""7"":0,""70"":0,""71"":0,""72"":0,""73"":0,""74"":0,""75"":0,""76"":0,""77"":0,""78"":0,""79"":0,""8"":0,""80"":0,""81"":0,""82"":0,""83"":0,""84"":0,""85"":0,""86"":0,""87"":0,""88"":2,""89"":1,""9"":0,""90"":0,""91"":4,""92"":2,""93"":2,""94"":2,""95"":2,""96"":0,""97"":0,""98"":2,""99"":0}","[""0"",""1"",""10"",""102"",""107"",""108"",""11"",""112"",""116"",""12"",""13"",""14"",""15"",""16"",""17"",""18"",""19"",""2"",""20"",""21"",""22"",""23"",""24"",""25"",""26"",""27"",""28"",""29"",""3"",""30"",""31"",""32"",""33"",""34"",""35"",""36"",""37"",""39"",""4"",""40"",""41"",""42"",""43"",""44"",""45"",""46"",""47"",""48"",""49"",""5"",""50"",""51"",""52"",""53"",""54"",""55"",""56"",""57"",""58"",""59"",""6"",""60"",""61"",""62"",""63"",""64"",""65"",""66"",""67"",""68"",""69"",""7"",""70"",""71"",""72"",""73"",""74"",""75"",""76"",""77"",""78"",""79"",""8"",""80"",""81"",""82"",""83"",""84"",""85"",""86"",""87"",""9"",""90"",""96"",""97"",""99""]","[""113"",""91""]",False,True,False,"[""0"",""1"",""10"",""100"",""101"",""102"",""103"",""104"",""105"",""106"",""107"",""108"",""109"",""11"",""110"",""111"",""112"",""113"",""114"",""115"",""116"",""12"",""13"",""14"",""15"",""16"",""17"",""18"",""19"",""2"",""20"",""21"",""22"",""23"",""24"",""25"",""26"",""27"",""28"",""29"",""3"",""30"",""31"",""32"",""33"",""34"",""35"",""36"",""37"",""39"",""4"",""40"",""41"",""42"",""43"",""44"",""45"",""46"",""47"",""48"",""49"",""5"",""50"",""51"",""52"",""53"",""54"",""55"",""56"",""57"",""58"",""59"",""6"",""60"",""61"",""62"",""63"",""64"",""65"",""66"",""67"",""68"",""69"",""7"",""70"",""71"",""72"",""73"",""74"",""75"",""76"",""77"",""78"",""79"",""8"",""80"",""81"",""82"",""83"",""84"",""85"",""86"",""87"",""88"",""89"",""9"",""90"",""91"",""92"",""93"",""94"",""95"",""96"",""97"",""98"",""99""]",20,42
attach drawer back panel,0,2,"{""0"":0,""1"":0,""10"":0,""100"":1,""101"":1,""102"":1,""103"":1,""104"":1,""105"":1,""106"":0,""107"":1,""108"":1,""109"":0,""11"":0,""110"":1,""111"":1,""112"":1,""113"":2,""114"":1,""115"":1,""116"":1,""12"":0,""13"":0,""14"":0,""15"":0,""16"":0,""17"":0,""18"":0,""19"":0,""2"":0,""20"":0,""21"":0,""22"":0,""23"":0,""24"":0,""25"":0,""26"":0,""27"":0,""28"":0,""29"":0,""3"":0,""30"":0,""31"":0,""32"":0,""33"":0,""34"":0,""35"":0,""36"":0,""37"":0,""39"":0,""4"":0,""40"":0,""41"":0,""42"":0,""43"":0,""44"":0,""45"":0,""46"":0,""47"":0,""48"":0,""49"":0,""5"":0,""50"":0,""51"":0,""52"":0,""53"":0,""54"":0,""55"":0,""56"":0,""57"":0,""58"":0,""59"":0,""6"":0,""60"":0,""61"":0,""62"":0,""63"":0,""64"":0,""65"":0,""66"":0,""67"":0,""68"":0,""69"":0,""7"":0,""70"":0,""71"":0,""72"":0,""73"":0,""74"":0,""75"":0,""76"":0,""77"":0,""78"":0,""79"":0,""8"":0,""80"":0,""81"":0,""82"":0,""83"":0,""84"":0,""85"":0,""86"":0,""87"":0,""88"":1,""89"":0,""9"":0,""90"":1,""91"":1,""92"":1,""93"":1,""94"":2,""95"":1,""96"":1,""97"":1,""98"":0,""99"":1}","[""0"",""1"",""10"",""106"",""109"",""11"",""12"",""13"",""14"",""15"",""16"",""17"",""18"",""19"",""2"",""20"",""21"",""22"",""23"",""24"",""25"",""26"",""27"",""28"",""29"",""3"",""30"",""31"",""32"",""33"",""34"",""35"",""36"",""37"",""39"",""4"",""40"",""41"",""42"",""43"",""44"",""45"",""46"",""47"",""48"",""49"",""5"",""50"",""51"",""52"",""53"",""54"",""55"",""56"",""57"",""58"",""59"",""6"",""60"",""61"",""62"",""63"",""64"",""65"",""66"",""67"",""68"",""69"",""7"",""70"",""71"",""72"",""73"",""74"",""75"",""76"",""77"",""78"",""79"",""8"",""80"",""81"",""82"",""83"",""84"",""85"",""86"",""87"",""89"",""9"",""98""]","[""113"",""94""]",False,True,False,"[""0"",""1"",""10"",""100"",""101"",""102"",""103"",""104"",""105"",""106"",""107"",""108"",""109"",""11"",""110"",""111"",""112"",""113"",""114"",""115"",""116"",""12"",""13"",""14"",""15"",""16"",""17"",""18"",""19"",""2"",""20"",""21"",""22"",""23"",""24"",""25"",""26"",""27"",""28"",""29"",""3"",""30"",""31"",""32"",""33"",""34"",""35"",""36"",""37"",""39"",""4"",""40"",""41"",""42"",""43"",""44"",""45"",""46"",""47"",""48"",""49"",""5"",""50"",""51"",""52"",""53"",""54"",""55"",""56"",""57"",""58"",""59"",""6"",""60"",""61"",""62"",""63"",""64"",""65"",""66"",""67"",""68"",""69"",""7"",""70"",""71"",""72"",""73"",""74"",""75"",""76"",""77"",""78"",""79"",""8"",""80"",""81"",""82"",""83"",""84"",""85"",""86"",""87"",""88"",""89"",""9"",""90"",""91"",""92"",""93"",""94"",""95"",""96"",""97"",""98"",""99""]",25,27
attach drawer side panel,0,4,"{""0"":0,""1"":0,""10"":0,""100"":2,""101"":0,""102"":2,""103"":2,""104"":2,""105"":2,""106"":2,""107"":2,""108"":4,""109"":2,""11"":0,""110"":2,""111"":2,""112"":2,""113"":2,""114"":2,""115"":2,""116"":2,""12"":0,""13"":0,""14"":0,""15"":0,""16"":0,""17"":0,""18"":0,""19"":0,""2"":0,""20"":0,""21"":0,""22"":0,""23"":0,""24"":0,""25"":0,""26"":0,""27"":0,""28"":0,""29"":0,""3"":0,""30"":0,""31"":0,""32"":0,""33"":0,""34"":0,""35"":0,""36"":0,""37"":0,""39"":0,""4"":0,""40"":0,""41"":0,""42"":0,""43"":0,""44"":0,""45"":0,""46"":0,""47"":0,""48"":0,""49"":0,""5"":0,""50"":0,""51"":0,""52"":0,""53"":0,""54"":0,""55"":0,""56"":0,""57"":0,""58"":0,""59"":0,""6"":0,""60"":0,""61"":0,""62"":0,""63"":0,""64"":0,""65"":0,""66"":0,""67"":0,""68"":0,""69"":0,""7"":0,""70"":0,""71"":0,""72"":0,""73"":0,""74"":0,""75"":0,""76"":0,""77"":0,""78"":0,""79"":0,""8"":0,""80"":0,""81"":0,""82"":0,""83"":0,""84"":0,""85"":0,""86"":0,""87"":0,""88"":2,""89"":2,""9"":0,""90"":2,""91"":4,""92"":2,""93"":2,""94"":2,""95"":2,""96"":2,""97"":2,""98"":3,""99"":2}","[""0"",""1"",""10"",""101"",""11"",""12"",""13"",""14"",""15"",""16"",""17"",""18"",""19"",""2"",""20"",""21"",""22"",""23"",""24"",""25"",""26"",""27"",""28"",""29"",""3"",""30"",""31"",""32"",""33"",""34"",""35"",""36"",""37"",""39"",""4"",""40"",""41"",""42"",""43"",""44"",""45"",""46"",""47"",""48"",""49"",""5"",""50"",""51"",""52"",""53"",""54"",""55"",""56"",""57"",""58"",""59"",""6"",""60"",""61"",""62"",""63"",""64"",""65"",""66"",""67"",""68"",""69"",""7"",""70"",""71"",""72"",""73"",""74"",""75"",""76"",""77"",""78"",""79"",""8"",""80"",""81"",""82"",""83"",""84"",""85"",""86"",""87"",""9""]","[""108"",""91""]",False,True,False,"[""0"",""1"",""10"",""100"",""101"",""102"",""103"",""104"",""105"",""106"",""107"",""108"",""109"",""11"",""110"",""111"",""112"",""113"",""114"",""115"",""116"",""12"",""13"",""14"",""15"",""16"",""17"",""18"",""19"",""2"",""20"",""21"",""22"",""23"",""24"",""25"",""26"",""27"",""28"",""29"",""3"",""30"",""31"",""32"",""33"",""34"",""35"",""36"",""37"",""39"",""4"",""40"",""41"",""42"",""43"",""44"",""45"",""46"",""47"",""48"",""49"",""5"",""50"",""51"",""52"",""53"",""54"",""55"",""56"",""57"",""58"",""59"",""6"",""60"",""61"",""62"",""63"",""64"",""65"",""66"",""67"",""68"",""69"",""7"",""70"",""71"",""72"",""73"",""74"",""75"",""76"",""77"",""78"",""79"",""8"",""80"",""81"",""82"",""83"",""84"",""85"",""86"",""87"",""88"",""89"",""9"",""90"",""91"",""92"",""93"",""94"",""95"",""96"",""97"",""98"",""99""]",28,61
attach shelf to table,0,2,"{""0"":1,""1"":1,""10"":1,""100"":0,""101"":0,""102"":0,""103"":0,""104"":0,""105"":0,""106"":0,""107"":0,""108"":0,""109"":0,""11"":1,""110"":0,""111"":0,""112"":0,""113"":0,""114"":0,""115"":0,""116"":0,""12"":1,""13"":1,""14"":1,""15"":1,""16"":1,""17"":1,""18"":1,""19"":1,""2"":1,""20"":1,""21"":1,""22"":1,""23"":1,""24"":2,""25"":1,""26"":1,""27"":1,""28"":1,""29"":1,""3"":1,""30"":1,""31"":1,""32"":1,""33"":1,""34"":1,""35"":1,""36"":1,""37"":1,""39"":1,""4"":0,""40"":1,""41"":1,""42"":1,""43"":1,""44"":1,""45"":1,""46"":1,""47"":1,""48"":1,""49"":1,""5"":1,""50"":1,""51"":1,""52"":1,""53"":1,""54"":1,""55"":1,""56"":1,""57"":1,""58"":0,""59"":0,""6"":1,""60"":0,""61"":0,""62"":0,""63"":0,""64"":0,""65"":0,""66"":0,""67"":0,""68"":0,""69"":0,""7"":1,""70"":0,""71"":0,""72"":0,""73"":0,""74"":0,""75"":0,""76"":0,""77"":0,""78"":0,""79"":0,""8"":1,""80"":0,""81"":0,""82"":0,""83"":0,""84"":0,""85"":0,""86"":0,""87"":0,""88"":0,""89"":0,""9"":1,""90"":0,""91"":0,""92"":0,""93"":0,""94"":0,""95"":0,""96"":0,""97"":0,""98"":0,""99"":0}","[""100"",""101"",""102"",""103"",""104"",""105"",""106"",""107"",""108"",""109"",""110"",""111"",""112"",""113"",""114"",""115"",""116"",""4"",""58"",""59"",""60"",""61"",""62"",""63"",""64"",""65"",""66"",""67"",""68"",""69"",""70"",""71"",""72"",""73"",""74"",""75"",""76"",""77"",""78"",""79"",""80"",""81"",""82"",""83"",""84"",""85"",""86"",""87"",""88"",""89"",""90"",""91"",""92"",""93"",""94"",""95"",""96"",""97"",""98"",""99""]","[""24""]",False,True,False,"[""0"",""1"",""10"",""100"",""101"",""102"",""103"",""104"",""105"",""106"",""107"",""108"",""109"",""11"",""110"",""111"",""112"",""113"",""114"",""115"",""116"",""12"",""13"",""14"",""15"",""16"",""17"",""18"",""19"",""2"",""20"",""21"",""22"",""23"",""24"",""25"",""26"",""27"",""28"",""29"",""3"",""30"",""31"",""32"",""33"",""34"",""35"",""36"",""37"",""39"",""4"",""40"",""41"",""42"",""43"",""44"",""45"",""46"",""47"",""48"",""49"",""5"",""50"",""51"",""52"",""53"",""54"",""55"",""56"",""57"",""58"",""59"",""6"",""60"",""61"",""62"",""63"",""64"",""65"",""66"",""67"",""68"",""69"",""7"",""70"",""71"",""72"",""73"",""74"",""75"",""76"",""77"",""78"",""79"",""8"",""80"",""81"",""82"",""83"",""84"",""85"",""86"",""87"",""88"",""89"",""9"",""90"",""91"",""92"",""93"",""94"",""95"",""96"",""97"",""98"",""99""]",56,57
flip shelf,0,2,"{""0"":0,""1"":0,""10"":0,""100"":0,""101"":0,""102"":0,""103"":0,""104"":0,""105"":0,""106"":0,""107"":0,""108"":0,""109"":0,""11"":0,""110"":0,""111"":0,""112"":0,""113"":0,""114"":0,""115"":0,""116"":0,""12"":0,""13"":0,""14"":0,""15"":0,""16"":0,""17"":0,""18"":0,""19"":0,""2"":0,""20"":0,""21"":0,""22"":1,""23"":0,""24"":0,""25"":0,""26"":0,""27"":0,""28"":0,""29"":2,""3"":0,""30"":0,""31"":0,""32"":0,""33"":0,""34"":0,""35"":0,""36"":0,""37"":0,""39"":0,""4"":0,""40"":0,""41"":0,""42"":0,""43"":0,""44"":0,""45"":0,""46"":0,""47"":0,""48"":0,""49"":0,""5"":0,""50"":0,""51"":0,""52"":0,""53"":0,""54"":0,""55"":0,""56"":0,""57"":0,""58"":0,""59"":0,""6"":0,""60"":0,""61"":0,""62"":0,""63"":0,""64"":0,""65"":0,""66"":0,""67"":0,""68"":0,""69"":0,""7"":0,""70"":0,""71"":0,""72"":0,""73"":0,""74"":0,""75"":0,""76"":0,""77"":0,""78"":0,""79"":0,""8"":0,""80"":0,""81"":0,""82"":0,""83"":0,""84"":0,""85"":0,""86"":0,""87"":0,""88"":0,""89"":0,""9"":0,""90"":0,""91"":0,""92"":0,""93"":0,""94"":0,""95"":0,""96"":0,""97"":0,""98"":0,""99"":0}","[""0"",""1"",""10"",""100"",""101"",""102"",""103"",""104"",""105"",""106"",""107"",""108"",""109"",""11"",""110"",""111"",""112"",""113"",""114"",""115"",""116"",""12"",""13"",""14"",""15"",""16"",""17"",""18"",""19"",""2"",""20"",""21"",""23"",""24"",""25"",""26"",""27"",""28"",""3"",""30"",""31"",""32"",""33"",""34"",""35"",""36"",""37"",""39"",""4"",""40"",""41"",""42"",""43"",""44"",""45"",""46"",""47"",""48"",""49"",""5"",""50"",""51"",""52"",""53"",""54"",""55"",""56"",""57"",""58"",""59"",""6"",""60"",""61"",""62"",""63"",""64"",""65"",""66"",""67"",""68"",""69"",""7"",""70"",""71"",""72"",""73"",""74"",""75"",""76"",""77"",""78"",""79"",""8"",""80"",""81"",""82"",""83"",""84"",""85"",""86"",""87"",""88"",""89"",""9"",""90"",""91"",""92"",""93"",""94"",""95"",""96"",""97"",""98"",""99""]","[""29""]",False,True,False,"[""0"",""1"",""10"",""100"",""101"",""102"",""103"",""104"",""105"",""106"",""107"",""108"",""109"",""11"",""110"",""111"",""112"",""113"",""114"",""115"",""116"",""12"",""13"",""14"",""15"",""16"",""17"",""18"",""19"",""2"",""20"",""21"",""22"",""23"",""24"",""25"",""26"",""27"",""28"",""29"",""3"",""30"",""31"",""32"",""33"",""34"",""35"",""36"",""37"",""39"",""4"",""40"",""41"",""42"",""43"",""44"",""45"",""46"",""47"",""48"",""49"",""5"",""50"",""51"",""52"",""53"",""54"",""55"",""56"",""57"",""58"",""59"",""6"",""60"",""61"",""62"",""63"",""64"",""65"",""66"",""67"",""68"",""69"",""7"",""70"",""71"",""72"",""73"",""74"",""75"",""76"",""77"",""78"",""79"",""8"",""80"",""81"",""82"",""83"",""84"",""85"",""86"",""87"",""88"",""89"",""9"",""90"",""91"",""92"",""93"",""94"",""95"",""96"",""97"",""98"",""99""]",2,3
flip table,0,3,"{""0"":1,""1"":1,""10"":1,""100"":0,""101"":0,""102"":0,""103"":0,""104"":0,""105"":0,""106"":0,""107"":0,""108"":0,""109"":0,""11"":1,""110"":0,""111"":0,""112"":0,""113"":0,""114"":0,""115"":0,""116"":0,""12"":1,""13"":1,""14"":1,""15"":1,""16"":1,""17"":1,""18"":1,""19"":1,""2"":1,""20"":1,""21"":1,""22"":1,""23"":1,""24"":1,""25"":1,""26"":1,""27"":1,""28"":1,""29"":1,""3"":1,""30"":1,""31"":1,""32"":1,""33"":1,""34"":3,""35"":1,""36"":1,""37"":1,""39"":1,""4"":1,""40"":1,""41"":1,""42"":1,""43"":1,""44"":1,""45"":1,""46"":1,""47"":1,""48"":1,""49"":2,""5"":1,""50"":1,""51"":1,""52"":1,""53"":1,""54"":1,""55"":1,""56"":1,""57"":1,""58"":0,""59"":1,""6"":1,""60"":1,""61"":1,""62"":1,""63"":1,""64"":1,""65"":2,""66"":1,""67"":1,""68"":1,""69"":1,""7"":1,""70"":1,""71"":1,""72"":1,""73"":1,""74"":1,""75"":1,""76"":1,""77"":1,""78"":1,""79"":1,""8"":1,""80"":1,""81"":1,""82"":1,""83"":0,""84"":0,""85"":1,""86"":1,""87"":1,""88"":0,""89"":0,""9"":1,""90"":0,""91"":0,""92"":0,""93"":0,""94"":0,""95"":0,""96"":0,""97"":0,""98"":0,""99"":0}","[""100"",""101"",""102"",""103"",""104"",""105"",""106"",""107"",""108"",""109"",""110"",""111"",""112"",""113"",""114"",""115"",""116"",""58"",""83"",""84"",""88"",""89"",""90"",""91"",""92"",""93"",""94"",""95"",""96"",""97"",""98"",""99""]","[""34""]",False,True,False,"[""0"",""1"",""10"",""100"",""101"",""102"",""103"",""104"",""105"",""106"",""107"",""108"",""109"",""11"",""110"",""111"",""112"",""113"",""114"",""115"",""116"",""12"",""13"",""14"",""15"",""16"",""17"",""18"",""19"",""2"",""20"",""21"",""22"",""23"",""24"",""25"",""26"",""27"",""28"",""29"",""3"",""30"",""31"",""32"",""33"",""34"",""35"",""36"",""37"",""39"",""4"",""40"",""41"",""42"",""43"",""44"",""45"",""46"",""47"",""48"",""49"",""5"",""50"",""51"",""52"",""53"",""54"",""55"",""56"",""57"",""58"",""59"",""6"",""60"",""61"",""62"",""63"",""64"",""65"",""66"",""67"",""68"",""69"",""7"",""70"",""71"",""72"",""73"",""74"",""75"",""76"",""77"",""78"",""79"",""8"",""80"",""81"",""82"",""83"",""84"",""85"",""86"",""87"",""88"",""89"",""9"",""90"",""91"",""92"",""93"",""94"",""95"",""96"",""97"",""98"",""99""]",84,88
flip table top,0,1,"{""0"":1,""1"":0,""10"":0,""100"":0,""101"":0,""102"":0,""103"":0,""104"":0,""105"":0,""106"":0,""107"":0,""108"":0,""109"":0,""11"":0,""110"":0,""111"":0,""112"":0,""113"":0,""114"":0,""115"":0,""116"":0,""12"":1,""13"":0,""14"":0,""15"":0,""16"":1,""17"":0,""18"":1,""19"":0,""2"":0,""20"":1,""21"":0,""22"":1,""23"":0,""24"":1,""25"":1,""26"":1,""27"":0,""28"":0,""29"":1,""3"":1,""30"":1,""31"":1,""32"":0,""33"":0,""34"":1,""35"":0,""36"":0,""37"":0,""39"":1,""4"":1,""40"":1,""41"":1,""42"":1,""43"":0,""44"":0,""45"":1,""46"":0,""47"":1,""48"":0,""49"":0,""5"":1,""50"":0,""51"":0,""52"":1,""53"":0,""54"":1,""55"":0,""56"":1,""57"":0,""58"":1,""59"":0,""6"":1,""60"":0,""61"":0,""62"":0,""63"":0,""64"":1,""65"":0,""66"":0,""67"":0,""68"":0,""69"":0,""7"":1,""70"":1,""71"":0,""72"":1,""73"":1,""74"":0,""75"":0,""76"":1,""77"":0,""78"":1,""79"":0,""8"":0,""80"":0,""81"":0,""82"":0,""83"":1,""84"":1,""85"":0,""86"":0,""87"":0,""88"":0,""89"":0,""9"":0,""90"":0,""91"":0,""92"":0,""93"":0,""94"":0,""95"":0,""96"":0,""97"":0,""98"":0,""99"":0}","[""1"",""10"",""100"",""101"",""102"",""103"",""104"",""105"",""106"",""107"",""108"",""109"",""11"",""110"",""111"",""112"",""113"",""114"",""115"",""116"",""13"",""14"",""15"",""17"",""19"",""2"",""21"",""23"",""27"",""28"",""32"",""33"",""35"",""36"",""37"",""43"",""44"",""46"",""48"",""49"",""50"",""51"",""53"",""55"",""57"",""59"",""60"",""61"",""62"",""63"",""65"",""66"",""67"",""68"",""69"",""71"",""74"",""75"",""77"",""79"",""8"",""80"",""81"",""82"",""85"",""86"",""87"",""88"",""89"",""9"",""90"",""91"",""92"",""93"",""94"",""95"",""96"",""97"",""98"",""99""]","[""0"",""12"",""16"",""18"",""20"",""22"",""24"",""25"",""26"",""29"",""3"",""30"",""31"",""34"",""39"",""4"",""40"",""41"",""42"",""45"",""47"",""5"",""52"",""54"",""56"",""58"",""6"",""64"",""7"",""70"",""72"",""73"",""76"",""78"",""83"",""84""]",False,True,False,"[""0"",""1"",""10"",""100"",""101"",""102"",""103"",""104"",""105"",""106"",""107"",""108"",""109"",""11"",""110"",""111"",""112"",""113"",""114"",""115"",""116"",""12"",""13"",""14"",""15"",""16"",""17"",""18"",""19"",""2"",""20"",""21"",""22"",""23"",""24"",""25"",""26"",""27"",""28"",""29"",""3"",""30"",""31"",""32"",""33"",""34"",""35"",""36"",""37"",""39"",""4"",""40"",""41"",""42"",""43"",""44"",""45"",""46"",""47"",""48"",""49"",""5"",""50"",""51"",""52"",""53"",""54"",""55"",""56"",""57"",""58"",""59"",""6"",""60"",""61"",""62"",""63"",""64"",""65"",""66"",""67"",""68"",""69"",""7"",""70"",""71"",""72"",""73"",""74"",""75"",""76"",""77"",""78"",""79"",""8"",""80"",""81"",""82"",""83"",""84"",""85"",""86"",""87"",""88"",""89"",""9"",""90"",""91"",""92"",""93"",""94"",""95"",""96"",""97"",""98"",""99""]",36,36
insert drawer pin,0,3,"{""0"":0,""1"":0,""10"":0,""100"":2,""101"":1,""102"":2,""103"":1,""104"":2,""105"":2,""106"":1,""107"":2,""108"":2,""109"":1,""11"":0,""110"":1,""111"":1,""112"":1,""113"":2,""114"":2,""115"":2,""116"":2,""12"":0,""13"":0,""14"":0,""15"":0,""16"":0,""17"":0,""18"":0,""19"":0,""2"":0,""20"":0,""21"":0,""22"":0,""23"":0,""24"":0,""25"":0,""26"":0,""27"":0,""28"":0,""29"":0,""3"":0,""30"":0,""31"":0,""32"":0,""33"":0,""34"":0,""35"":0,""36"":0,""37"":0,""39"":0,""4"":0,""40"":0,""41"":0,""42"":0,""43"":0,""44"":0,""45"":0,""46"":0,""47"":0,""48"":0,""49"":0,""5"":0,""50"":0,""51"":0,""52"":0,""53"":0,""54"":0,""55"":0,""56"":0,""57"":0,""58"":0,""59"":0,""6"":0,""60"":0,""61"":0,""62"":0,""63"":0,""64"":0,""65"":0,""66"":0,""67"":0,""68"":0,""69"":0,""7"":0,""70"":0,""71"":0,""72"":0,""73"":0,""74"":0,""75"":0,""76"":0,""77"":0,""78"":0,""79"":0,""8"":0,""80"":0,""81"":0,""82"":0,""83"":0,""84"":0,""85"":0,""86"":0,""87"":0,""88"":1,""89"":1,""9"":0,""90"":2,""91"":1,""92"":2,""93"":2,""94"":2,""95"":2,""96"":2,""97"":1,""98"":3,""99"":2}","[""0"",""1"",""10"",""11"",""12"",""13"",""14"",""15"",""16"",""17"",""18"",""19"",""2"",""20"",""21"",""22"",""23"",""24"",""25"",""26"",""27"",""28"",""29"",""3"",""30"",""31"",""32"",""33"",""34"",""35"",""36"",""37"",""39"",""4"",""40"",""41"",""42"",""43"",""44"",""45"",""46"",""47"",""48"",""49"",""5"",""50"",""51"",""52"",""53"",""54"",""55"",""56"",""57"",""58"",""59"",""6"",""60"",""61"",""62"",""63"",""64"",""65"",""66"",""67"",""68"",""69"",""7"",""70"",""71"",""72"",""73"",""74"",""75"",""76"",""77"",""78"",""79"",""8"",""80"",""81"",""82"",""83"",""84"",""85"",""86"",""87"",""9""]","[""98""]",False,True,False,"[""0"",""1"",""10"",""100"",""101"",""102"",""103"",""104"",""105"",""106"",""107"",""108"",""109"",""11"",""110"",""111"",""112"",""113"",""114"",""115"",""116"",""12"",""13"",""14"",""15"",""16"",""17"",""18"",""19"",""2"",""20"",""21"",""22"",""23"",""24"",""25"",""26"",""27"",""28"",""29"",""3"",""30"",""31"",""32"",""33"",""34"",""35"",""36"",""37"",""39"",""4"",""40"",""41"",""42"",""43"",""44"",""45"",""46"",""47"",""48"",""49"",""5"",""50"",""51"",""52"",""53"",""54"",""55"",""56"",""57"",""58"",""59"",""6"",""60"",""61"",""62"",""63"",""64"",""65"",""66"",""67"",""68"",""69"",""7"",""70"",""71"",""72"",""73"",""74"",""75"",""76"",""77"",""78"",""79"",""8"",""80"",""81"",""82"",""83"",""84"",""85"",""86"",""87"",""88"",""89"",""9"",""90"",""91"",""92"",""93"",""94"",""95"",""96"",""97"",""98"",""99""]",29,48
lay down back panel,0,2,"{""0"":0,""1"":0,""10"":0,""100"":0,""101"":0,""102"":0,""103"":0,""104"":0,""105"":0,""106"":0,""107"":0,""108"":0,""109"":0,""11"":0,""110"":0,""111"":0,""112"":0,""113"":0,""114"":0,""115"":0,""116"":0,""12"":0,""13"":0,""14"":0,""15"":0,""16"":0,""17"":0,""18"":0,""19"":0,""2"":0,""20"":0,""21"":0,""22"":0,""23"":0,""24"":0,""25"":0,""26"":0,""27"":0,""28"":0,""29"":0,""3"":0,""30"":0,""31"":0,""32"":0,""33"":0,""34"":0,""35"":0,""36"":0,""37"":0,""39"":0,""4"":0,""40"":0,""41"":0,""42"":0,""43"":0,""44"":0,""45"":0,""46"":0,""47"":0,""48"":0,""49"":0,""5"":0,""50"":0,""51"":0,""52"":0,""53"":0,""54"":0,""55"":0,""56"":0,""57"":0,""58"":0,""59"":0,""6"":0,""60"":0,""61"":0,""62"":0,""63"":0,""64"":0,""65"":0,""66"":0,""67"":0,""68"":0,""69"":0,""7"":0,""70"":0,""71"":0,""72"":0,""73"":0,""74"":0,""75"":0,""76"":0,""77"":0,""78"":0,""79"":0,""8"":0,""80"":0,""81"":0,""82"":0,""83"":0,""84"":0,""85"":0,""86"":0,""87"":0,""88"":0,""89"":0,""9"":0,""90"":0,""91"":2,""92"":0,""93"":0,""94"":1,""95"":1,""96"":0,""97"":0,""98"":0,""99"":0}","[""0"",""1"",""10"",""100"",""101"",""102"",""103"",""104"",""105"",""106"",""107"",""108"",""109"",""11"",""110"",""111"",""112"",""113"",""114"",""115"",""116"",""12"",""13"",""14"",""15"",""16"",""17"",""18"",""19"",""2"",""20"",""21"",""22"",""23"",""24"",""25"",""26"",""27"",""28"",""29"",""3"",""30"",""31"",""32"",""33"",""34"",""35"",""36"",""37"",""39"",""4"",""40"",""41"",""42"",""43"",""44"",""45"",""46"",""47"",""48"",""49"",""5"",""50"",""51"",""52"",""53"",""54"",""55"",""56"",""57"",""58"",""59"",""6"",""60"",""61"",""62"",""63"",""64"",""65"",""66"",""67"",""68"",""69"",""7"",""70"",""71"",""72"",""73"",""74"",""75"",""76"",""77"",""78"",""79"",""8"",""80"",""81"",""82"",""83"",""84"",""85"",""86"",""87"",""88"",""89"",""9"",""90"",""92"",""93"",""96"",""97"",""98"",""99""]","[""91""]",False,True,False,"[""0"",""1"",""10"",""100"",""101"",""102"",""103"",""104"",""105"",""106"",""107"",""108"",""109"",""11"",""110"",""111"",""112"",""113"",""114"",""115"",""116"",""12"",""13"",""14"",""15"",""16"",""17"",""18"",""19"",""2"",""20"",""21"",""22"",""23"",""24"",""25"",""26"",""27"",""28"",""29"",""3"",""30"",""31"",""32"",""33"",""34"",""35"",""36"",""37"",""39"",""4"",""40"",""41"",""42"",""43"",""44"",""45"",""46"",""47"",""48"",""49"",""5"",""50"",""51"",""52"",""53"",""54"",""55"",""56"",""57"",""58"",""59"",""6"",""60"",""61"",""62"",""63"",""64"",""65"",""66"",""67"",""68"",""69"",""7"",""70"",""71"",""72"",""73"",""74"",""75"",""76"",""77"",""78"",""79"",""8"",""80"",""81"",""82"",""83"",""84"",""85"",""86"",""87"",""88"",""89"",""9"",""90"",""91"",""92"",""93"",""94"",""95"",""96"",""97"",""98"",""99""]",3,4
lay down bottom panel,0,1,"{""0"":0,""1"":0,""10"":0,""100"":0,""101"":0,""102"":0,""103"":0,""104"":0,""105"":0,""106"":0,""107"":1,""108"":0,""109"":1,""11"":0,""110"":0,""111"":0,""112"":1,""113"":0,""114"":0,""115"":0,""116"":1,""12"":0,""13"":0,""14"":0,""15"":0,""16"":0,""17"":0,""18"":0,""19"":0,""2"":0,""20"":0,""21"":0,""22"":0,""23"":0,""24"":0,""25"":0,""26"":0,""27"":0,""28"":0,""29"":0,""3"":0,""30"":0,""31"":0,""32"":0,""33"":0,""34"":0,""35"":0,""36"":0,""37"":0,""39"":0,""4"":0,""40"":0,""41"":0,""42"":0,""43"":0,""44"":0,""45"":0,""46"":0,""47"":0,""48"":0,""49"":0,""5"":0,""50"":0,""51"":0,""52"":0,""53"":0,""54"":0,""55"":0,""56"":0,""57"":0,""58"":0,""59"":0,""6"":0,""60"":0,""61"":0,""62"":0,""63"":0,""64"":0,""65"":0,""66"":0,""67"":0,""68"":0,""69"":0,""7"":0,""70"":0,""71"":0,""72"":0,""73"":0,""74"":0,""75"":0,""76"":0,""77"":0,""78"":0,""79"":0,""8"":0,""80"":0,""81"":0,""82"":0,""83"":0,""84"":0,""85"":0,""86"":0,""87"":0,""88"":0,""89"":0,""9"":0,""90"":1,""91"":1,""92"":0,""93"":0,""94"":0,""95"":0,""96"":1,""97"":1,""98"":0,""99"":0}","[""0"",""1"",""10"",""100"",""101"",""102"",""103"",""104"",""105"",""106"",""108"",""11"",""110"",""111"",""113"",""114"",""115"",""12"",""13"",""14"",""15"",""16"",""17"",""18"",""19"",""2"",""20"",""21"",""22"",""23"",""24"",""25"",""26"",""27"",""28"",""29"",""3"",""30"",""31"",""32"",""33"",""34"",""35"",""36"",""37"",""39"",""4"",""40"",""41"",""42"",""43"",""44"",""45"",""46"",""47"",""48"",""49"",""5"",""50"",""51"",""52"",""53"",""54"",""55"",""56"",""57"",""58"",""59"",""6"",""60"",""61"",""62"",""63"",""64"",""65"",""66"",""67"",""68"",""69"",""7"",""70"",""71"",""72"",""73"",""74"",""75"",""76"",""77"",""78"",""79"",""8"",""80"",""81"",""82"",""83"",""84"",""85"",""86"",""87"",""88"",""89"",""9"",""92"",""93"",""94"",""95"",""98"",""99""]","[""107"",""109"",""112"",""116"",""90"",""91"",""96"",""97""]",False,True,False,"[""0"",""1"",""10"",""100"",""101"",""102"",""103"",""104"",""105"",""106"",""107"",""108"",""109"",""11"",""110"",""111"",""112"",""113"",""114"",""115"",""116"",""12"",""13"",""14"",""15"",""16"",""17"",""18"",""19"",""2"",""20"",""21"",""22"",""23"",""24"",""25"",""26"",""27"",""28"",""29"",""3"",""30"",""31"",""32"",""33"",""34"",""35"",""36"",""37"",""39"",""4"",""40"",""41"",""42"",""43"",""44"",""45"",""46"",""47"",""48"",""49"",""5"",""50"",""51"",""52"",""53"",""54"",""55"",""56"",""57"",""58"",""59"",""6"",""60"",""61"",""62"",""63"",""64"",""65"",""66"",""67"",""68"",""69"",""7"",""70"",""71"",""72"",""73"",""74"",""75"",""76"",""77"",""78"",""79"",""8"",""80"",""81"",""82"",""83"",""84"",""85"",""86"",""87"",""88"",""89"",""9"",""90"",""91"",""92"",""93"",""94"",""95"",""96"",""97"",""98"",""99""]",8,8
lay down front panel,0,1,"{""0"":0,""1"":0,""10"":0,""100"":1,""101"":1,""102"":0,""103"":1,""104"":0,""105"":0,""106"":1,""107"":0,""108"":0,""109"":0,""11"":0,""110"":0,""111"":0,""112"":0,""113"":0,""114"":0,""115"":0,""116"":0,""12"":0,""13"":0,""14"":0,""15"":0,""16"":0,""17"":0,""18"":0,""19"":0,""2"":0,""20"":0,""21"":0,""22"":0,""23"":0,""24"":0,""25"":0,""26"":0,""27"":0,""28"":0,""29"":0,""3"":0,""30"":0,""31"":0,""32"":0,""33"":0,""34"":0,""35"":0,""36"":0,""37"":0,""39"":0,""4"":0,""40"":0,""41"":0,""42"":0,""43"":0,""44"":0,""45"":0,""46"":0,""47"":0,""48"":0,""49"":0,""5"":0,""50"":0,""51"":0,""52"":0,""53"":0,""54"":0,""55"":0,""56"":0,""57"":0,""58"":0,""59"":0,""6"":0,""60"":0,""61"":0,""62"":0,""63"":0,""64"":0,""65"":0,""66"":0,""67"":0,""68"":0,""69"":0,""7"":0,""70"":0,""71"":0,""72"":0,""73"":0,""74"":0,""75"":0,""76"":0,""77"":0,""78"":0,""79"":0,""8"":0,""80"":0,""81"":0,""82"":0,""83"":0,""84"":0,""85"":0,""86"":0,""87"":0,""88"":0,""89"":0,""9"":0,""90"":0,""91"":1,""92"":1,""93"":1,""94"":0,""95"":0,""96"":0,""97"":0,""98"":0,""99"":1}","[""0"",""1"",""10"",""102"",""104"",""105"",""107"",""108"",""109"",""11"",""110"",""111"",""112"",""113"",""114"",""115"",""116"",""12"",""13"",""14"",""15"",""16"",""17"",""18"",""19"",""2"",""20"",""21"",""22"",""23"",""24"",""25"",""26"",""27"",""28"",""29"",""3"",""30"",""31"",""32"",""33"",""34"",""35"",""36"",""37"",""39"",""4"",""40"",""41"",""42"",""43"",""44"",""45"",""46"",""47"",""48"",""49"",""5"",""50"",""51"",""52"",""53"",""54"",""55"",""56"",""57"",""58"",""59"",""6"",""60"",""61"",""62"",""63"",""64"",""65"",""66"",""67"",""68"",""69"",""7"",""70"",""71"",""72"",""73"",""74"",""75"",""76"",""77"",""78"",""79"",""8"",""80"",""81"",""82"",""83"",""84"",""85"",""86"",""87"",""88"",""89"",""9"",""90"",""94"",""95"",""96"",""97"",""98""]","[""100"",""101"",""103"",""106"",""91"",""92"",""93"",""99""]",False,True,False,"[""0"",""1"",""10"",""100"",""101"",""102"",""103"",""104"",""105"",""106"",""107"",""108"",""109"",""11"",""110"",""111"",""112"",""113"",""114"",""115"",""116"",""12"",""13"",""14"",""15"",""16"",""17"",""18"",""19"",""2"",""20"",""21"",""22"",""23"",""24"",""25"",""26"",""27"",""28"",""29"",""3"",""30"",""31"",""32"",""33"",""34"",""35"",""36"",""37"",""39"",""4"",""40"",""41"",""42"",""43"",""44"",""45"",""46"",""47"",""48"",""49"",""5"",""50"",""51"",""52"",""53"",""54"",""55"",""56"",""57"",""58"",""59"",""6"",""60"",""61"",""62"",""63"",""64"",""65"",""66"",""67"",""68"",""69"",""7"",""70"",""71"",""72"",""73"",""74"",""75"",""76"",""77"",""78"",""79"",""8"",""80"",""81"",""82"",""83"",""84"",""85"",""86"",""87"",""88"",""89"",""9"",""90"",""91"",""92"",""93"",""94"",""95"",""96"",""97"",""98"",""99""]",8,8
lay down leg,0,1,"{""0"":0,""1"":0,""10"":0,""100"":0,""101"":0,""102"":0,""103"":0,""104"":0,""105"":0,""106"":0,""107"":0,""108"":0,""109"":0,""11"":0,""110"":0,""111"":0,""112"":0,""113"":0,""114"":0,""115"":0,""116"":0,""12"":0,""13"":0,""14"":0,""15"":0,""16"":0,""17"":0,""18"":0,""19"":0,""2"":0,""20"":0,""21"":0,""22"":0,""23"":0,""24"":0,""25"":0,""26"":0,""27"":0,""28"":0,""29"":1,""3"":0,""30"":0,""31"":0,""32"":0,""33"":0,""34"":0,""35"":0,""36"":0,""37"":0,""39"":0,""4"":0,""40"":0,""41"":0,""42"":0,""43"":0,""44"":0,""45"":0,""46"":0,""47"":0,""48"":0,""49"":0,""5"":0,""50"":0,""51"":1,""52"":0,""53"":0,""54"":0,""55"":0,""56"":0,""57"":0,""58"":0,""59"":0,""6"":0,""60"":0,""61"":1,""62"":0,""63"":0,""64"":0,""65"":0,""66"":0,""67"":0,""68"":0,""69"":0,""7"":0,""70"":0,""71"":0,""72"":0,""73"":0,""74"":0,""75"":0,""76"":0,""77"":0,""78"":0,""79"":0,""8"":0,""80"":0,""81"":0,""82"":0,""83"":0,""84"":0,""85"":0,""86"":0,""87"":0,""88"":0,""89"":0,""9"":0,""90"":0,""91"":0,""92"":0,""93"":0,""94"":0,""95"":0,""96"":0,""97"":0,""98"":0,""99"":0}","[""0"",""1"",""10"",""100"",""101"",""102"",""103"",""104"",""105"",""106"",""107"",""108"",""109"",""11"",""110"",""111"",""112"",""113"",""114"",""115"",""116"",""12"",""13"",""14"",""15"",""16"",""17"",""18"",""19"",""2"",""20"",""21"",""22"",""23"",""24"",""25"",""26"",""27"",""28"",""3"",""30"",""31"",""32"",""33"",""34"",""35"",""36"",""37"",""39"",""4"",""40"",""41"",""42"",""43"",""44"",""45"",""46"",""47"",""48"",""49"",""5"",""50"",""52"",""53"",""54"",""55"",""56"",""57"",""58"",""59"",""6"",""60"",""62"",""63"",""64"",""65"",""66"",""67"",""68"",""69"",""7"",""70"",""71"",""72"",""73"",""74"",""75"",""76"",""77"",""78"",""79"",""8"",""80"",""81"",""82"",""83"",""84"",""85"",""86"",""87"",""88"",""89"",""9"",""90"",""91"",""92"",""93"",""94"",""95"",""96"",""97"",""98"",""99""]","[""29"",""51"",""61""]",False,True,False,"[""0"",""1"",""10"",""100"",""101"",""102"",""103"",""104"",""105"",""106"",""107"",""108"",""109"",""11"",""110"",""111"",""112"",""113"",""114"",""115"",""116"",""12"",""13"",""14"",""15"",""16"",""17"",""18"",""19"",""2"",""20"",""21"",""22"",""23"",""24"",""25"",""26"",""27"",""28"",""29"",""3"",""30"",""31"",""32"",""33"",""34"",""35"",""36"",""37"",""39"",""4"",""40"",""41"",""42"",""43"",""44"",""45"",""46"",""47"",""48"",""49"",""5"",""50"",""51"",""52"",""53"",""54"",""55"",""56"",""57"",""58"",""59"",""6"",""60"",""61"",""62"",""63"",""64"",""65"",""66"",""67"",""68"",""69"",""7"",""70"",""71"",""72"",""73"",""74"",""75"",""76"",""77"",""78"",""79"",""8"",""80"",""81"",""82"",""83"",""84"",""85"",""86"",""87"",""88"",""89"",""9"",""90"",""91"",""92"",""93"",""94"",""95"",""96"",""97"",""98"",""99""]",3,3
lay down shelf,0,1,"{""0"":0,""1"":0,""10"":0,""100"":0,""101"":0,""102"":0,""103"":0,""104"":0,""105"":0,""106"":0,""107"":0,""108"":0,""109"":0,""11"":0,""110"":0,""111"":0,""112"":0,""113"":0,""114"":0,""115"":0,""116"":0,""12"":0,""13"":0,""14"":0,""15"":0,""16"":0,""17"":0,""18"":0,""19"":0,""2"":0,""20"":0,""21"":0,""22"":0,""23"":0,""24"":0,""25"":0,""26"":0,""27"":0,""28"":0,""29"":1,""3"":0,""30"":0,""31"":0,""32"":0,""33"":0,""34"":0,""35"":0,""36"":0,""37"":0,""39"":0,""4"":0,""40"":0,""41"":1,""42"":0,""43"":0,""44"":0,""45"":0,""46"":0,""47"":0,""48"":0,""49"":0,""5"":0,""50"":0,""51"":0,""52"":0,""53"":0,""54"":0,""55"":0,""56"":0,""57"":0,""58"":0,""59"":0,""6"":0,""60"":0,""61"":0,""62"":0,""63"":0,""64"":0,""65"":0,""66"":0,""67"":0,""68"":0,""69"":0,""7"":0,""70"":0,""71"":0,""72"":0,""73"":0,""74"":0,""75"":0,""76"":0,""77"":0,""78"":0,""79"":0,""8"":0,""80"":0,""81"":0,""82"":0,""83"":0,""84"":0,""85"":0,""86"":0,""87"":0,""88"":0,""89"":0,""9"":0,""90"":0,""91"":0,""92"":0,""93"":0,""94"":0,""95"":0,""96"":0,""97"":0,""98"":0,""99"":0}","[""0"",""1"",""10"",""100"",""101"",""102"",""103"",""104"",""105"",""106"",""107"",""108"",""109"",""11"",""110"",""111"",""112"",""113"",""114"",""115"",""116"",""12"",""13"",""14"",""15"",""16"",""17"",""18"",""19"",""2"",""20"",""21"",""22"",""23"",""24"",""25"",""26"",""27"",""28"",""3"",""30"",""31"",""32"",""33"",""34"",""35"",""36"",""37"",""39"",""4"",""40"",""42"",""43"",""44"",""45"",""46"",""47"",""48"",""49"",""5"",""50"",""51"",""52"",""53"",""54"",""55"",""56"",""57"",""58"",""59"",""6"",""60"",""61"",""62"",""63"",""64"",""65"",""66"",""67"",""68"",""69"",""7"",""70"",""71"",""72"",""73"",""74"",""75"",""76"",""77"",""78"",""79"",""8"",""80"",""81"",""82"",""83"",""84"",""85"",""86"",""87"",""88"",""89"",""9"",""90"",""91"",""92"",""93"",""94"",""95"",""96"",""97"",""98"",""99""]","[""29"",""41""]",False,True,False,"[""0"",""1"",""10"",""100"",""101"",""102"",""103"",""104"",""105"",""106"",""107"",""108"",""109"",""11"",""110"",""111"",""112"",""113"",""114"",""115"",""116"",""12"",""13"",""14"",""15"",""16"",""17"",""18"",""19"",""2"",""20"",""21"",""22"",""23"",""24"",""25"",""26"",""27"",""28"",""29"",""3"",""30"",""31"",""32"",""33"",""34"",""35"",""36"",""37"",""39"",""4"",""40"",""41"",""42"",""43"",""44"",""45"",""46"",""47"",""48"",""49"",""5"",""50"",""51"",""52"",""53"",""54"",""55"",""56"",""57"",""58"",""59"",""6"",""60"",""61"",""62"",""63"",""64"",""65"",""66"",""67"",""68"",""69"",""7"",""70"",""71"",""72"",""73"",""74"",""75"",""76"",""77"",""78"",""79"",""8"",""80"",""81"",""82"",""83"",""84"",""85"",""86"",""87"",""88"",""89"",""9"",""90"",""91"",""92"",""93"",""94"",""95"",""96"",""97"",""98"",""99""]",2,2
lay down side panel,0,1,"{""0"":0,""1"":0,""10"":0,""100"":0,""101"":0,""102"":0,""103"":0,""104"":0,""105"":0,""106"":0,""107"":0,""108"":0,""109"":0,""11"":0,""110"":0,""111"":0,""112"":0,""113"":0,""114"":0,""115"":0,""116"":0,""12"":0,""13"":0,""14"":0,""15"":0,""16"":0,""17"":0,""18"":0,""19"":0,""2"":0,""20"":0,""21"":0,""22"":0,""23"":0,""24"":0,""25"":0,""26"":0,""27"":0,""28"":0,""29"":0,""3"":0,""30"":0,""31"":0,""32"":0,""33"":0,""34"":0,""35"":0,""36"":0,""37"":0,""39"":0,""4"":0,""40"":0,""41"":0,""42"":0,""43"":0,""44"":0,""45"":0,""46"":0,""47"":0,""48"":0,""49"":0,""5"":0,""50"":0,""51"":0,""52"":0,""53"":0,""54"":0,""55"":0,""56"":0,""57"":0,""58"":0,""59"":0,""6"":0,""60"":0,""61"":0,""62"":0,""63"":0,""64"":0,""65"":0,""66"":0,""67"":0,""68"":0,""69"":0,""7"":0,""70"":0,""71"":0,""72"":0,""73"":0,""74"":0,""75"":0,""76"":0,""77"":0,""78"":0,""79"":0,""8"":0,""80"":0,""81"":0,""82"":0,""83"":0,""84"":0,""85"":0,""86"":0,""87"":0,""88"":0,""89"":0,""9"":0,""90"":0,""91"":1,""92"":0,""93"":0,""94"":0,""95"":0,""96"":0,""97"":0,""98"":0,""99"":0}","[""0"",""1"",""10"",""100"",""101"",""102"",""103"",""104"",""105"",""106"",""107"",""108"",""109"",""11"",""110"",""111"",""112"",""113"",""114"",""115"",""116"",""12"",""13"",""14"",""15"",""16"",""17"",""18"",""19"",""2"",""20"",""21"",""22"",""23"",""24"",""25"",""26"",""27"",""28"",""29"",""3"",""30"",""31"",""32"",""33"",""34"",""35"",""36"",""37"",""39"",""4"",""40"",""41"",""42"",""43"",""44"",""45"",""46"",""47"",""48"",""49"",""5"",""50"",""51"",""52"",""53"",""54"",""55"",""56"",""57"",""58"",""59"",""6"",""60"",""61"",""62"",""63"",""64"",""65"",""66"",""67"",""68"",""69"",""7"",""70"",""71"",""72"",""73"",""74"",""75"",""76"",""77"",""78"",""79"",""8"",""80"",""81"",""82"",""83"",""84"",""85"",""86"",""87"",""88"",""89"",""9"",""90"",""92"",""93"",""94"",""95"",""96"",""97"",""98"",""99""]","[""91""]",False,True,False,"[""0"",""1"",""10"",""100"",""101"",""102"",""103"",""104"",""105"",""106"",""107"",""108"",""109"",""11"",""110"",""111"",""112"",""113"",""114"",""115"",""116"",""12"",""13"",""14"",""15"",""16"",""17"",""18"",""19"",""2"",""20"",""21"",""22"",""23"",""24"",""25"",""26"",""27"",""28"",""29"",""3"",""30"",""31"",""32"",""33"",""34"",""35"",""36"",""37"",""39"",""4"",""40"",""41"",""42"",""43"",""44"",""45"",""46"",""47"",""48"",""49"",""5"",""50"",""51"",""52"",""53"",""54"",""55"",""56"",""57"",""58"",""59"",""6"",""60"",""61"",""62"",""63"",""64"",""65"",""66"",""67"",""68"",""69"",""7"",""70"",""71"",""72"",""73"",""74"",""75"",""76"",""77"",""78"",""79"",""8"",""80"",""81"",""82"",""83"",""84"",""85"",""86"",""87"",""88"",""89"",""9"",""90"",""91"",""92"",""93"",""94"",""95"",""96"",""97"",""98"",""99""]",1,1
lay down table top,0,1,"{""0"":0,""1"":0,""10"":0,""100"":0,""101"":0,""102"":0,""103"":0,""104"":0,""105"":0,""106"":0,""107"":0,""108"":0,""109"":0,""11"":0,""110"":0,""111"":0,""112"":0,""113"":0,""114"":0,""115"":0,""116"":0,""12"":0,""13"":0,""14"":0,""15"":0,""16"":0,""17"":0,""18"":0,""19"":0,""2"":0,""20"":0,""21"":0,""22"":0,""23"":0,""24"":0,""25"":0,""26"":0,""27"":0,""28"":0,""29"":0,""3"":1,""30"":0,""31"":0,""32"":0,""33"":0,""34"":0,""35"":0,""36"":0,""37"":0,""39"":0,""4"":0,""40"":0,""41"":0,""42"":0,""43"":0,""44"":0,""45"":0,""46"":0,""47"":0,""48"":0,""49"":0,""5"":0,""50"":0,""51"":0,""52"":0,""53"":1,""54"":0,""55"":0,""56"":0,""57"":0,""58"":0,""59"":0,""6"":0,""60"":1,""61"":0,""62"":0,""63"":0,""64"":0,""65"":0,""66"":0,""67"":0,""68"":0,""69"":0,""7"":1,""70"":1,""71"":0,""72"":0,""73"":0,""74"":0,""75"":0,""76"":0,""77"":0,""78"":0,""79"":0,""8"":0,""80"":0,""81"":0,""82"":0,""83"":0,""84"":0,""85"":0,""86"":0,""87"":0,""88"":0,""89"":0,""9"":1,""90"":0,""91"":0,""92"":0,""93"":0,""94"":0,""95"":0,""96"":0,""97"":0,""98"":0,""99"":0}","[""0"",""1"",""10"",""100"",""101"",""102"",""103"",""104"",""105"",""106"",""107"",""108"",""109"",""11"",""110"",""111"",""112"",""113"",""114"",""115"",""116"",""12"",""13"",""14"",""15"",""16"",""17"",""18"",""19"",""2"",""20"",""21"",""22"",""23"",""24"",""25"",""26"",""27"",""28"",""29"",""30"",""31"",""32"",""33"",""34"",""35"",""36"",""37"",""39"",""4"",""40"",""41"",""42"",""43"",""44"",""45"",""46"",""47"",""48"",""49"",""5"",""50"",""51"",""52"",""54"",""55"",""56"",""57"",""58"",""59"",""6"",""61"",""62"",""63"",""64"",""65"",""66"",""67"",""68"",""69"",""71"",""72"",""73"",""74"",""75"",""76"",""77"",""78"",""79"",""8"",""80"",""81"",""82"",""83"",""84"",""85"",""86"",""87"",""88"",""89"",""90"",""91"",""92"",""93"",""94"",""95"",""96"",""97"",""98"",""99""]","[""3"",""53"",""60"",""7"",""70"",""9""]",False,True,False,"[""0"",""1"",""10"",""100"",""101"",""102"",""103"",""104"",""105"",""106"",""107"",""108"",""109"",""11"",""110"",""111"",""112"",""113"",""114"",""115"",""116"",""12"",""13"",""14"",""15"",""16"",""17"",""18"",""19"",""2"",""20"",""21"",""22"",""23"",""24"",""25"",""26"",""27"",""28"",""29"",""3"",""30"",""31"",""32"",""33"",""34"",""35"",""36"",""37"",""39"",""4"",""40"",""41"",""42"",""43"",""44"",""45"",""46"",""47"",""48"",""49"",""5"",""50"",""51"",""52"",""53"",""54"",""55"",""56"",""57"",""58"",""59"",""6"",""60"",""61"",""62"",""63"",""64"",""65"",""66"",""67"",""68"",""69"",""7"",""70"",""71"",""72"",""73"",""74"",""75"",""76"",""77"",""78"",""79"",""8"",""80"",""81"",""82"",""83"",""84"",""85"",""86"",""87"",""88"",""89"",""9"",""90"",""91"",""92"",""93"",""94"",""95"",""96"",""97"",""98"",""99""]",6,6
other,0,3,"{""0"":3,""1"":0,""10"":0,""100"":0,""101"":0,""102"":0,""103"":1,""104"":0,""105"":1,""106"":0,""107"":0,""108"":1,""109"":0,""11"":0,""110"":0,""111"":0,""112"":0,""113"":1,""114"":0,""115"":0,""116"":0,""12"":2,""13"":0,""14"":0,""15"":0,""16"":0,""17"":2,""18"":0,""19"":0,""2"":1,""20"":0,""21"":0,""22"":0,""23"":0,""24"":0,""25"":0,""26"":0,""27"":0,""28"":0,""29"":0,""3"":0,""30"":0,""31"":0,""32"":0,""33"":0,""34"":0,""35"":0,""36"":0,""37"":0,""39"":0,""4"":0,""40"":0,""41"":0,""42"":0,""43"":0,""44"":1,""45"":0,""46"":0,""47"":0,""48"":0,""49"":0,""5"":0,""50"":0,""51"":1,""52"":0,""53"":0,""54"":0,""55"":0,""56"":0,""57"":0,""58"":0,""59"":0,""6"":0,""60"":0,""61"":0,""62"":0,""63"":0,""64"":0,""65"":0,""66"":0,""67"":0,""68"":0,""69"":0,""7"":0,""70"":0,""71"":0,""72"":0,""73"":0,""74"":0,""75"":0,""76"":0,""77"":0,""78"":0,""79"":0,""8"":0,""80"":0,""81"":0,""82"":0,""83"":0,""84"":1,""85"":0,""86"":0,""87"":0,""88"":0,""89"":0,""9"":2,""90"":0,""91"":1,""92"":0,""93"":0,""94"":3,""95"":0,""96"":1,""97"":0,""98"":0,""99"":1}","[""1"",""10"",""100"",""101"",""102"",""104"",""106"",""107"",""109"",""11"",""110"",""111"",""112"",""114"",""115"",""116"",""13"",""14"",""15"",""16"",""18"",""19"",""20"",""21"",""22"",""23"",""24"",""25"",""26"",""27"",""28"",""29"",""3"",""30"",""31"",""32"",""33"",""34"",""35"",""36"",""37"",""39"",""4"",""40"",""41"",""42"",""43"",""45"",""46"",""47"",""48"",""49"",""5"",""50"",""52"",""53"",""54"",""55"",""56"",""57"",""58"",""59"",""6"",""60"",""61"",""62"",""63"",""64"",""65"",""66"",""67"",""68"",""69"",""7"",""70"",""71"",""72"",""73"",""74"",""75"",""76"",""77"",""78"",""79"",""8"",""80"",""81"",""82"",""83"",""85"",""86"",""87"",""88"",""89"",""90"",""92"",""93"",""95"",""97"",""98""]","[""0"",""94""]",False,True,False,"[""0"",""1"",""10"",""100"",""101"",""102"",""103"",""104"",""105"",""106"",""107"",""108"",""109"",""11"",""110"",""111"",""112"",""113"",""114"",""115"",""116"",""12"",""13"",""14"",""15"",""16"",""17"",""18"",""19"",""2"",""20"",""21"",""22"",""23"",""24"",""25"",""26"",""27"",""28"",""29"",""3"",""30"",""31"",""32"",""33"",""34"",""35"",""36"",""37"",""39"",""4"",""40"",""41"",""42"",""43"",""44"",""45"",""46"",""47"",""48"",""49"",""5"",""50"",""51"",""52"",""53"",""54"",""55"",""56"",""57"",""58"",""59"",""6"",""60"",""61"",""62"",""63"",""64"",""65"",""66"",""67"",""68"",""69"",""7"",""70"",""71"",""72"",""73"",""74"",""75"",""76"",""77"",""78"",""79"",""8"",""80"",""81"",""82"",""83"",""84"",""85"",""86"",""87"",""88"",""89"",""9"",""90"",""91"",""92"",""93"",""94"",""95"",""96"",""97"",""98"",""99""]",16,23
pick up back panel,0,3,"{""0"":0,""1"":0,""10"":0,""100"":1,""101"":0,""102"":1,""103"":1,""104"":1,""105"":1,""106"":1,""107"":1,""108"":0,""109"":0,""11"":0,""110"":2,""111"":1,""112"":1,""113"":2,""114"":1,""115"":2,""116"":1,""12"":0,""13"":0,""14"":0,""15"":0,""16"":0,""17"":0,""18"":0,""19"":0,""2"":0,""20"":0,""21"":0,""22"":0,""23"":0,""24"":0,""25"":0,""26"":0,""27"":0,""28"":0,""29"":0,""3"":0,""30"":0,""31"":0,""32"":0,""33"":0,""34"":0,""35"":0,""36"":0,""37"":0,""39"":0,""4"":0,""40"":0,""41"":0,""42"":0,""43"":0,""44"":0,""45"":0,""46"":0,""47"":0,""48"":0,""49"":0,""5"":0,""50"":0,""51"":0,""52"":0,""53"":0,""54"":0,""55"":0,""56"":0,""57"":0,""58"":0,""59"":0,""6"":0,""60"":0,""61"":0,""62"":0,""63"":0,""64"":0,""65"":0,""66"":0,""67"":0,""68"":0,""69"":0,""7"":0,""70"":0,""71"":0,""72"":0,""73"":0,""74"":0,""75"":0,""76"":0,""77"":0,""78"":0,""79"":0,""8"":0,""80"":0,""81"":0,""82"":0,""83"":0,""84"":0,""85"":0,""86"":0,""87"":0,""88"":1,""89"":0,""9"":0,""90"":1,""91"":3,""92"":1,""93"":0,""94"":3,""95"":2,""96"":1,""97"":2,""98"":0,""99"":1}","[""0"",""1"",""10"",""101"",""108"",""109"",""11"",""12"",""13"",""14"",""15"",""16"",""17"",""18"",""19"",""2"",""20"",""21"",""22"",""23"",""24"",""25"",""26"",""27"",""28"",""29"",""3"",""30"",""31"",""32"",""33"",""34"",""35"",""36"",""37"",""39"",""4"",""40"",""41"",""42"",""43"",""44"",""45"",""46"",""47"",""48"",""49"",""5"",""50"",""51"",""52"",""53"",""54"",""55"",""56"",""57"",""58"",""59"",""6"",""60"",""61"",""62"",""63"",""64"",""65"",""66"",""67"",""68"",""69"",""7"",""70"",""71"",""72"",""73"",""74"",""75"",""76"",""77"",""78"",""79"",""8"",""80"",""81"",""82"",""83"",""84"",""85"",""86"",""87"",""89"",""9"",""93"",""98""]","[""91"",""94""]",False,True,False,"[""0"",""1"",""10"",""100"",""101"",""102"",""103"",""104"",""105"",""106"",""107"",""108"",""109"",""11"",""110"",""111"",""112"",""113"",""114"",""115"",""116"",""12"",""13"",""14"",""15"",""16"",""17"",""18"",""19"",""2"",""20"",""21"",""22"",""23"",""24"",""25"",""26"",""27"",""28"",""29"",""3"",""30"",""31"",""32"",""33"",""34"",""35"",""36"",""37"",""39"",""4"",""40"",""41"",""42"",""43"",""44"",""45"",""46"",""47"",""48"",""49"",""5"",""50"",""51"",""52"",""53"",""54"",""55"",""56"",""57"",""58"",""59"",""6"",""60"",""61"",""62"",""63"",""64"",""65"",""66"",""67"",""68"",""69"",""7"",""70"",""71"",""72"",""73"",""74"",""75"",""76"",""77"",""78"",""79"",""8"",""80"",""81"",""82"",""83"",""84"",""85"",""86"",""87"",""88"",""89"",""9"",""90"",""91"",""92"",""93"",""94"",""95"",""96"",""97"",""98"",""99""]",23,32
pick up bottom panel,0,3,"{""0"":0,""1"":0,""10"":0,""100"":1,""101"":1,""102"":1,""103"":1,""104"":1,""105"":1,""106"":1,""107"":1,""108"":1,""109"":2,""11"":0,""110"":1,""111"":1,""112"":1,""113"":2,""114"":1,""115"":1,""116"":1,""12"":0,""13"":0,""14"":0,""15"":0,""16"":0,""17"":0,""18"":0,""19"":0,""2"":0,""20"":0,""21"":0,""22"":0,""23"":0,""24"":0,""25"":0,""26"":0,""27"":0,""28"":0,""29"":0,""3"":0,""30"":0,""31"":0,""32"":0,""33"":0,""34"":0,""35"":0,""36"":0,""37"":0,""39"":0,""4"":0,""40"":0,""41"":0,""42"":0,""43"":0,""44"":0,""45"":0,""46"":0,""47"":0,""48"":0,""49"":0,""5"":0,""50"":0,""51"":0,""52"":0,""53"":0,""54"":0,""55"":0,""56"":0,""57"":0,""58"":0,""59"":0,""6"":0,""60"":0,""61"":0,""62"":0,""63"":0,""64"":0,""65"":0,""66"":0,""67"":0,""68"":0,""69"":0,""7"":0,""70"":0,""71"":0,""72"":0,""73"":0,""74"":0,""75"":0,""76"":0,""77"":0,""78"":0,""79"":0,""8"":0,""80"":0,""81"":0,""82"":0,""83"":0,""84"":0,""85"":0,""86"":0,""87"":0,""88"":1,""89"":1,""9"":0,""90"":1,""91"":3,""92"":1,""93"":1,""94"":1,""95"":1,""96"":1,""97"":1,""98"":1,""99"":1}","[""0"",""1"",""10"",""11"",""12"",""13"",""14"",""15"",""16"",""17"",""18"",""19"",""2"",""20"",""21"",""22"",""23"",""24"",""25"",""26"",""27"",""28"",""29"",""3"",""30"",""31"",""32"",""33"",""34"",""35"",""36"",""37"",""39"",""4"",""40"",""41"",""42"",""43"",""44"",""45"",""46"",""47"",""48"",""49"",""5"",""50"",""51"",""52"",""53"",""54"",""55"",""56"",""57"",""58"",""59"",""6"",""60"",""61"",""62"",""63"",""64"",""65"",""66"",""67"",""68"",""69"",""7"",""70"",""71"",""72"",""73"",""74"",""75"",""76"",""77"",""78"",""79"",""8"",""80"",""81"",""82"",""83"",""84"",""85"",""86"",""87"",""9""]","[""91""]",False,True,False,"[""0"",""1"",""10"",""100"",""101"",""102"",""103"",""104"",""105"",""106"",""107"",""108"",""109"",""11"",""110"",""111"",""112"",""113"",""114"",""115"",""116"",""12"",""13"",""14"",""15"",""16"",""17"",""18"",""19"",""2"",""20"",""21"",""22"",""23"",""24"",""25"",""26"",""27"",""28"",""29"",""3"",""30"",""31"",""32"",""33"",""34"",""35"",""36"",""37"",""39"",""4"",""40"",""41"",""42"",""43"",""44"",""45"",""46"",""47"",""48"",""49"",""5"",""50"",""51"",""52"",""53"",""54"",""55"",""56"",""57"",""58"",""59"",""6"",""60"",""61"",""62"",""63"",""64"",""65"",""66"",""67"",""68"",""69"",""7"",""70"",""71"",""72"",""73"",""74"",""75"",""76"",""77"",""78"",""79"",""8"",""80"",""81"",""82"",""83"",""84"",""85"",""86"",""87"",""88"",""89"",""9"",""90"",""91"",""92"",""93"",""94"",""95"",""96"",""97"",""98"",""99""]",29,33
pick up front panel,0,2,"{""0"":0,""1"":0,""10"":0,""100"":1,""101"":0,""102"":0,""103"":1,""104"":0,""105"":0,""106"":1,""107"":0,""108"":0,""109"":1,""11"":0,""110"":1,""111"":0,""112"":0,""113"":0,""114"":0,""115"":1,""116"":0,""12"":0,""13"":0,""14"":0,""15"":0,""16"":0,""17"":0,""18"":0,""19"":0,""2"":0,""20"":0,""21"":0,""22"":0,""23"":0,""24"":0,""25"":0,""26"":0,""27"":0,""28"":0,""29"":0,""3"":0,""30"":0,""31"":0,""32"":0,""33"":0,""34"":0,""35"":0,""36"":0,""37"":0,""39"":0,""4"":0,""40"":0,""41"":0,""42"":0,""43"":0,""44"":0,""45"":0,""46"":0,""47"":0,""48"":0,""49"":0,""5"":0,""50"":0,""51"":0,""52"":0,""53"":0,""54"":0,""55"":0,""56"":0,""57"":0,""58"":0,""59"":0,""6"":0,""60"":0,""61"":0,""62"":0,""63"":0,""64"":0,""65"":0,""66"":0,""67"":0,""68"":0,""69"":0,""7"":0,""70"":0,""71"":0,""72"":0,""73"":0,""74"":0,""75"":0,""76"":0,""77"":0,""78"":0,""79"":0,""8"":0,""80"":0,""81"":0,""82"":0,""83"":0,""84"":0,""85"":0,""86"":0,""87"":0,""88"":0,""89"":1,""9"":0,""90"":0,""91"":2,""92"":1,""93"":1,""94"":0,""95"":0,""96"":0,""97"":0,""98"":1,""99"":1}","[""0"",""1"",""10"",""101"",""102"",""104"",""105"",""107"",""108"",""11"",""111"",""112"",""113"",""114"",""116"",""12"",""13"",""14"",""15"",""16"",""17"",""18"",""19"",""2"",""20"",""21"",""22"",""23"",""24"",""25"",""26"",""27"",""28"",""29"",""3"",""30"",""31"",""32"",""33"",""34"",""35"",""36"",""37"",""39"",""4"",""40"",""41"",""42"",""43"",""44"",""45"",""46"",""47"",""48"",""49"",""5"",""50"",""51"",""52"",""53"",""54"",""55"",""56"",""57"",""58"",""59"",""6"",""60"",""61"",""62"",""63"",""64"",""65"",""66"",""67"",""68"",""69"",""7"",""70"",""71"",""72"",""73"",""74"",""75"",""76"",""77"",""78"",""79"",""8"",""80"",""81"",""82"",""83"",""84"",""85"",""86"",""87"",""88"",""9"",""90"",""94"",""95"",""96"",""97""]","[""91""]",False,True,False,"[""0"",""1"",""10"",""100"",""101"",""102"",""103"",""104"",""105"",""106"",""107"",""108"",""109"",""11"",""110"",""111"",""112"",""113"",""114"",""115"",""116"",""12"",""13"",""14"",""15"",""16"",""17"",""18"",""19"",""2"",""20"",""21"",""22"",""23"",""24"",""25"",""26"",""27"",""28"",""29"",""3"",""30"",""31"",""32"",""33"",""34"",""35"",""36"",""37"",""39"",""4"",""40"",""41"",""42"",""43"",""44"",""45"",""46"",""47"",""48"",""49"",""5"",""50"",""51"",""52"",""53"",""54"",""55"",""56"",""57"",""58"",""59"",""6"",""60"",""61"",""62"",""63"",""64"",""65"",""66"",""67"",""68"",""69"",""7"",""70"",""71"",""72"",""73"",""74"",""75"",""76"",""77"",""78"",""79"",""8"",""80"",""81"",""82"",""83"",""84"",""85"",""86"",""87"",""88"",""89"",""9"",""90"",""91"",""92"",""93"",""94"",""95"",""96"",""97"",""98"",""99""]",12,13
pick up leg,0,5,"{""0"":4,""1"":4,""10"":4,""100"":0,""101"":0,""102"":0,""103"":0,""104"":0,""105"":0,""106"":0,""107"":0,""108"":0,""109"":0,""11"":4,""110"":0,""111"":0,""112"":0,""113"":0,""114"":0,""115"":0,""116"":0,""12"":3,""13"":4,""14"":4,""15"":4,""16"":3,""17"":4,""18"":4,""19"":5,""2"":4,""20"":3,""21"":4,""22"":4,""23"":4,""24"":4,""25"":4,""26"":4,""27"":4,""28"":4,""29"":5,""3"":4,""30"":4,""31"":4,""32"":4,""33"":3,""34"":4,""35"":4,""36"":4,""37"":4,""39"":5,""4"":4,""40"":4,""41"":4,""42"":4,""43"":4,""44"":3,""45"":4,""46"":4,""47"":4,""48"":3,""49"":3,""5"":4,""50"":4,""51"":3,""52"":4,""53"":4,""54"":4,""55"":4,""56"":4,""57"":4,""58"":2,""59"":3,""6"":4,""60"":4,""61"":5,""62"":4,""63"":4,""64"":4,""65"":4,""66"":3,""67"":4,""68"":4,""69"":4,""7"":4,""70"":4,""71"":4,""72"":3,""73"":4,""74"":4,""75"":4,""76"":4,""77"":4,""78"":3,""79"":4,""8"":4,""80"":4,""81"":4,""82"":4,""83"":4,""84"":4,""85"":4,""86"":4,""87"":3,""88"":0,""89"":0,""9"":5,""90"":0,""91"":0,""92"":0,""93"":0,""94"":0,""95"":0,""96"":0,""97"":0,""98"":0,""99"":0}","[""100"",""101"",""102"",""103"",""104"",""105"",""106"",""107"",""108"",""109"",""110"",""111"",""112"",""113"",""114"",""115"",""116"",""88"",""89"",""90"",""91"",""92"",""93"",""94"",""95"",""96"",""97"",""98"",""99""]","[""19"",""29"",""39"",""61"",""9""]",False,True,False,"[""0"",""1"",""10"",""100"",""101"",""102"",""103"",""104"",""105"",""106"",""107"",""108"",""109"",""11"",""110"",""111"",""112"",""113"",""114"",""115"",""116"",""12"",""13"",""14"",""15"",""16"",""17"",""18"",""19"",""2"",""20"",""21"",""22"",""23"",""24"",""25"",""26"",""27"",""28"",""29"",""3"",""30"",""31"",""32"",""33"",""34"",""35"",""36"",""37"",""39"",""4"",""40"",""41"",""42"",""43"",""44"",""45"",""46"",""47"",""48"",""49"",""5"",""50"",""51"",""52"",""53"",""54"",""55"",""56"",""57"",""58"",""59"",""6"",""60"",""61"",""62"",""63"",""64"",""65"",""66"",""67"",""68"",""69"",""7"",""70"",""71"",""72"",""73"",""74"",""75"",""76"",""77"",""78"",""79"",""8"",""80"",""81"",""82"",""83"",""84"",""85"",""86"",""87"",""88"",""89"",""9"",""90"",""91"",""92"",""93"",""94"",""95"",""96"",""97"",""98"",""99""]",87,338
pick up pin,0,3,"{""0"":0,""1"":0,""10"":0,""100"":2,""101"":0,""102"":2,""103"":2,""104"":2,""105"":2,""106"":1,""107"":2,""108"":2,""109"":1,""11"":0,""110"":1,""111"":1,""112"":1,""113"":0,""114"":2,""115"":2,""116"":2,""12"":0,""13"":0,""14"":0,""15"":0,""16"":0,""17"":0,""18"":0,""19"":0,""2"":0,""20"":0,""21"":0,""22"":0,""23"":0,""24"":0,""25"":0,""26"":0,""27"":0,""28"":0,""29"":0,""3"":0,""30"":0,""31"":0,""32"":0,""33"":0,""34"":0,""35"":0,""36"":0,""37"":0,""39"":0,""4"":0,""40"":0,""41"":0,""42"":0,""43"":0,""44"":0,""45"":0,""46"":0,""47"":0,""48"":0,""49"":0,""5"":0,""50"":0,""51"":0,""52"":0,""53"":0,""54"":0,""55"":0,""56"":0,""57"":0,""58"":0,""59"":0,""6"":0,""60"":0,""61"":0,""62"":0,""63"":0,""64"":0,""65"":0,""66"":0,""67"":0,""68"":0,""69"":0,""7"":0,""70"":0,""71"":0,""72"":0,""73"":0,""74"":0,""75"":0,""76"":0,""77"":0,""78"":0,""79"":0,""8"":0,""80"":0,""81"":0,""82"":0,""83"":0,""84"":0,""85"":0,""86"":0,""87"":0,""88"":1,""89"":1,""9"":0,""90"":2,""91"":1,""92"":2,""93"":2,""94"":2,""95"":2,""96"":1,""97"":1,""98"":3,""99"":2}","[""0"",""1"",""10"",""101"",""11"",""113"",""12"",""13"",""14"",""15"",""16"",""17"",""18"",""19"",""2"",""20"",""21"",""22"",""23"",""24"",""25"",""26"",""27"",""28"",""29"",""3"",""30"",""31"",""32"",""33"",""34"",""35"",""36"",""37"",""39"",""4"",""40"",""41"",""42"",""43"",""44"",""45"",""46"",""47"",""48"",""49"",""5"",""50"",""51"",""52"",""53"",""54"",""55"",""56"",""57"",""58"",""59"",""6"",""60"",""61"",""62"",""63"",""64"",""65"",""66"",""67"",""68"",""69"",""7"",""70"",""71"",""72"",""73"",""74"",""75"",""76"",""77"",""78"",""79"",""8"",""80"",""81"",""82"",""83"",""84"",""85"",""86"",""87"",""9""]","[""98""]",False,True,False,"[""0"",""1"",""10"",""100"",""101"",""102"",""103"",""104"",""105"",""106"",""107"",""108"",""109"",""11"",""110"",""111"",""112"",""113"",""114"",""115"",""116"",""12"",""13"",""14"",""15"",""16"",""17"",""18"",""19"",""2"",""20"",""21"",""22"",""23"",""24"",""25"",""26"",""27"",""28"",""29"",""3"",""30"",""31"",""32"",""33"",""34"",""35"",""36"",""37"",""39"",""4"",""40"",""41"",""42"",""43"",""44"",""45"",""46"",""47"",""48"",""49"",""5"",""50"",""51"",""52"",""53"",""54"",""55"",""56"",""57"",""58"",""59"",""6"",""60"",""61"",""62"",""63"",""64"",""65"",""66"",""67"",""68"",""69"",""7"",""70"",""71"",""72"",""73"",""74"",""75"",""76"",""77"",""78"",""79"",""8"",""80"",""81"",""82"",""83"",""84"",""85"",""86"",""87"",""88"",""89"",""9"",""90"",""91"",""92"",""93"",""94"",""95"",""96"",""97"",""98"",""99""]",27,45
pick up shelf,0,2,"{""0"":1,""1"":1,""10"":0,""100"":0,""101"":0,""102"":0,""103"":0,""104"":0,""105"":0,""106"":0,""107"":0,""108"":0,""109"":0,""11"":1,""110"":0,""111"":0,""112"":0,""113"":0,""114"":0,""115"":0,""116"":0,""12"":1,""13"":1,""14"":1,""15"":1,""16"":1,""17"":1,""18"":1,""19"":1,""2"":1,""20"":1,""21"":1,""22"":1,""23"":1,""24"":2,""25"":1,""26"":1,""27"":1,""28"":1,""29"":1,""3"":1,""30"":1,""31"":1,""32"":1,""33"":0,""34"":2,""35"":1,""36"":1,""37"":1,""39"":1,""4"":1,""40"":1,""41"":1,""42"":1,""43"":1,""44"":1,""45"":1,""46"":1,""47"":1,""48"":0,""49"":1,""5"":1,""50"":1,""51"":1,""52"":1,""53"":2,""54"":1,""55"":1,""56"":1,""57"":1,""58"":0,""59"":0,""6"":1,""60"":0,""61"":0,""62"":0,""63"":0,""64"":0,""65"":0,""66"":0,""67"":0,""68"":0,""69"":0,""7"":1,""70"":0,""71"":0,""72"":0,""73"":0,""74"":0,""75"":0,""76"":0,""77"":0,""78"":0,""79"":0,""8"":1,""80"":0,""81"":0,""82"":0,""83"":0,""84"":0,""85"":0,""86"":0,""87"":0,""88"":0,""89"":0,""9"":1,""90"":0,""91"":0,""92"":0,""93"":0,""94"":0,""95"":0,""96"":0,""97"":0,""98"":0,""99"":0}","[""10"",""100"",""101"",""102"",""103"",""104"",""105"",""106"",""107"",""108"",""109"",""110"",""111"",""112"",""113"",""114"",""115"",""116"",""33"",""48"",""58"",""59"",""60"",""61"",""62"",""63"",""64"",""65"",""66"",""67"",""68"",""69"",""70"",""71"",""72"",""73"",""74"",""75"",""76"",""77"",""78"",""79"",""80"",""81"",""82"",""83"",""84"",""85"",""86"",""87"",""88"",""89"",""90"",""91"",""92"",""93"",""94"",""95"",""96"",""97"",""98"",""99""]","[""24"",""34"",""53""]",False,True,False,"[""0"",""1"",""10"",""100"",""101"",""102"",""103"",""104"",""105"",""106"",""107"",""108"",""109"",""11"",""110"",""111"",""112"",""113"",""114"",""115"",""116"",""12"",""13"",""14"",""15"",""16"",""17"",""18"",""19"",""2"",""20"",""21"",""22"",""23"",""24"",""25"",""26"",""27"",""28"",""29"",""3"",""30"",""31"",""32"",""33"",""34"",""35"",""36"",""37"",""39"",""4"",""40"",""41"",""42"",""43"",""44"",""45"",""46"",""47"",""48"",""49"",""5"",""50"",""51"",""52"",""53"",""54"",""55"",""56"",""57"",""58"",""59"",""6"",""60"",""61"",""62"",""63"",""64"",""65"",""66"",""67"",""68"",""69"",""7"",""70"",""71"",""72"",""73"",""74"",""75"",""76"",""77"",""78"",""79"",""8"",""80"",""81"",""82"",""83"",""84"",""85"",""86"",""87"",""88"",""89"",""9"",""90"",""91"",""92"",""93"",""94"",""95"",""96"",""97"",""98"",""99""]",54,57
pick up side panel,0,6,"{""0"":0,""1"":0,""10"":0,""100"":2,""101"":2,""102"":2,""103"":2,""104"":2,""105"":2,""106"":2,""107"":1,""108"":3,""109"":2,""11"":0,""110"":3,""111"":2,""112"":2,""113"":4,""114"":2,""115"":3,""116"":2,""12"":0,""13"":0,""14"":0,""15"":0,""16"":0,""17"":0,""18"":0,""19"":0,""2"":0,""20"":0,""21"":0,""22"":0,""23"":0,""24"":0,""25"":0,""26"":0,""27"":0,""28"":0,""29"":0,""3"":0,""30"":0,""31"":0,""32"":0,""33"":0,""34"":0,""35"":0,""36"":0,""37"":0,""39"":0,""4"":0,""40"":0,""41"":0,""42"":0,""43"":0,""44"":0,""45"":0,""46"":0,""47"":0,""48"":0,""49"":0,""5"":0,""50"":0,""51"":0,""52"":0,""53"":0,""54"":0,""55"":0,""56"":0,""57"":0,""58"":0,""59"":0,""6"":0,""60"":0,""61"":0,""62"":0,""63"":0,""64"":0,""65"":0,""66"":0,""67"":0,""68"":0,""69"":0,""7"":0,""70"":0,""71"":0,""72"":0,""73"":0,""74"":0,""75"":0,""76"":0,""77"":0,""78"":0,""79"":0,""8"":0,""80"":0,""81"":0,""82"":0,""83"":0,""84"":0,""85"":0,""86"":0,""87"":0,""88"":2,""89"":2,""9"":0,""90"":1,""91"":6,""92"":2,""93"":2,""94"":2,""95"":2,""96"":2,""97"":2,""98"":2,""99"":2}","[""0"",""1"",""10"",""11"",""12"",""13"",""14"",""15"",""16"",""17"",""18"",""19"",""2"",""20"",""21"",""22"",""23"",""24"",""25"",""26"",""27"",""28"",""29"",""3"",""30"",""31"",""32"",""33"",""34"",""35"",""36"",""37"",""39"",""4"",""40"",""41"",""42"",""43"",""44"",""45"",""46"",""47"",""48"",""49"",""5"",""50"",""51"",""52"",""53"",""54"",""55"",""56"",""57"",""58"",""59"",""6"",""60"",""61"",""62"",""63"",""64"",""65"",""66"",""67"",""68"",""69"",""7"",""70"",""71"",""72"",""73"",""74"",""75"",""76"",""77"",""78"",""79"",""8"",""80"",""81"",""82"",""83"",""84"",""85"",""86"",""87"",""9""]","[""91""]",False,True,False,"[""0"",""1"",""10"",""100"",""101"",""102"",""103"",""104"",""105"",""106"",""107"",""108"",""109"",""11"",""110"",""111"",""112"",""113"",""114"",""115"",""116"",""12"",""13"",""14"",""15"",""16"",""17"",""18"",""19"",""2"",""20"",""21"",""22"",""23"",""24"",""25"",""26"",""27"",""28"",""29"",""3"",""30"",""31"",""32"",""33"",""34"",""35"",""36"",""37"",""39"",""4"",""40"",""41"",""42"",""43"",""44"",""45"",""46"",""47"",""48"",""49"",""5"",""50"",""51"",""52"",""53"",""54"",""55"",""56"",""57"",""58"",""59"",""6"",""60"",""61"",""62"",""63"",""64"",""65"",""66"",""67"",""68"",""69"",""7"",""70"",""71"",""72"",""73"",""74"",""75"",""76"",""77"",""78"",""79"",""8"",""80"",""81"",""82"",""83"",""84"",""85"",""86"",""87"",""88"",""89"",""9"",""90"",""91"",""92"",""93"",""94"",""95"",""96"",""97"",""98"",""99""]",29,65
pick up table top,0,1,"{""0"":0,""1"":0,""10"":0,""100"":0,""101"":0,""102"":0,""103"":0,""104"":0,""105"":0,""106"":0,""107"":0,""108"":0,""109"":0,""11"":0,""110"":0,""111"":0,""112"":0,""113"":0,""114"":0,""115"":0,""116"":0,""12"":0,""13"":0,""14"":0,""15"":0,""16"":0,""17"":0,""18"":0,""19"":1,""2"":0,""20"":0,""21"":0,""22"":0,""23"":0,""24"":0,""25"":0,""26"":0,""27"":0,""28"":0,""29"":0,""3"":1,""30"":0,""31"":0,""32"":0,""33"":0,""34"":0,""35"":0,""36"":0,""37"":0,""39"":0,""4"":0,""40"":0,""41"":0,""42"":0,""43"":0,""44"":0,""45"":0,""46"":0,""47"":0,""48"":0,""49"":0,""5"":0,""50"":0,""51"":0,""52"":0,""53"":0,""54"":0,""55"":0,""56"":0,""57"":0,""58"":0,""59"":0,""6"":0,""60"":1,""61"":0,""62"":0,""63"":0,""64"":0,""65"":0,""66"":0,""67"":0,""68"":0,""69"":0,""7"":0,""70"":1,""71"":0,""72"":0,""73"":0,""74"":0,""75"":0,""76"":1,""77"":1,""78"":0,""79"":0,""8"":0,""80"":0,""81"":0,""82"":0,""83"":0,""84"":1,""85"":0,""86"":0,""87"":0,""88"":0,""89"":0,""9"":1,""90"":0,""91"":0,""92"":0,""93"":0,""94"":0,""95"":0,""96"":0,""97"":0,""98"":0,""99"":0}","[""0"",""1"",""10"",""100"",""101"",""102"",""103"",""104"",""105"",""106"",""107"",""108"",""109"",""11"",""110"",""111"",""112"",""113"",""114"",""115"",""116"",""12"",""13"",""14"",""15"",""16"",""17"",""18"",""2"",""20"",""21"",""22"",""23"",""24"",""25"",""26"",""27"",""28"",""29"",""30"",""31"",""32"",""33"",""34"",""35"",""36"",""37"",""39"",""4"",""40"",""41"",""42"",""43"",""44"",""45"",""46"",""47"",""48"",""49"",""5"",""50"",""51"",""52"",""53"",""54"",""55"",""56"",""57"",""58"",""59"",""6"",""61"",""62"",""63"",""64"",""65"",""66"",""67"",""68"",""69"",""7"",""71"",""72"",""73"",""74"",""75"",""78"",""79"",""8"",""80"",""81"",""82"",""83"",""85"",""86"",""87"",""88"",""89"",""90"",""91"",""92"",""93"",""94"",""95"",""96"",""97"",""98"",""99""]","[""19"",""3"",""60"",""70"",""76"",""77"",""84"",""9""]",False,True,False,"[""0"",""1"",""10"",""100"",""101"",""102"",""103"",""104"",""105"",""106"",""107"",""108"",""109"",""11"",""110"",""111"",""112"",""113"",""114"",""115"",""116"",""12"",""13"",""14"",""15"",""16"",""17"",""18"",""19"",""2"",""20"",""21"",""22"",""23"",""24"",""25"",""26"",""27"",""28"",""29"",""3"",""30"",""31"",""32"",""33"",""34"",""35"",""36"",""37"",""39"",""4"",""40"",""41"",""42"",""43"",""44"",""45"",""46"",""47"",""48"",""49"",""5"",""50"",""51"",""52"",""53"",""54"",""55"",""56"",""57"",""58"",""59"",""6"",""60"",""61"",""62"",""63"",""64"",""65"",""66"",""67"",""68"",""69"",""7"",""70"",""71"",""72"",""73"",""74"",""75"",""76"",""77"",""78"",""79"",""8"",""80"",""81"",""82"",""83"",""84"",""85"",""86"",""87"",""88"",""89"",""9"",""90"",""91"",""92"",""93"",""94"",""95"",""96"",""97"",""98"",""99""]",8,8
position the drawer right side up,0,1,"{""0"":0,""1"":0,""10"":0,""100"":1,""101"":1,""102"":1,""103"":1,""104"":1,""105"":1,""106"":1,""107"":0,""108"":1,""109"":0,""11"":0,""110"":1,""111"":1,""112"":0,""113"":1,""114"":1,""115"":1,""116"":0,""12"":0,""13"":0,""14"":0,""15"":0,""16"":0,""17"":0,""18"":0,""19"":0,""2"":0,""20"":0,""21"":0,""22"":0,""23"":0,""24"":0,""25"":0,""26"":0,""27"":0,""28"":0,""29"":0,""3"":0,""30"":0,""31"":0,""32"":0,""33"":0,""34"":0,""35"":0,""36"":0,""37"":0,""39"":0,""4"":0,""40"":0,""41"":0,""42"":0,""43"":0,""44"":0,""45"":0,""46"":0,""47"":0,""48"":0,""49"":0,""5"":0,""50"":0,""51"":0,""52"":0,""53"":0,""54"":0,""55"":0,""56"":0,""57"":0,""58"":0,""59"":0,""6"":0,""60"":0,""61"":0,""62"":0,""63"":0,""64"":0,""65"":0,""66"":0,""67"":0,""68"":0,""69"":0,""7"":0,""70"":0,""71"":0,""72"":0,""73"":0,""74"":0,""75"":0,""76"":0,""77"":0,""78"":0,""79"":0,""8"":0,""80"":0,""81"":0,""82"":0,""83"":0,""84"":0,""85"":0,""86"":0,""87"":0,""88"":1,""89"":0,""9"":0,""90"":0,""91"":1,""92"":1,""93"":1,""94"":1,""95"":1,""96"":0,""97"":0,""98"":0,""99"":1}","[""0"",""1"",""10"",""107"",""109"",""11"",""112"",""116"",""12"",""13"",""14"",""15"",""16"",""17"",""18"",""19"",""2"",""20"",""21"",""22"",""23"",""24"",""25"",""26"",""27"",""28"",""29"",""3"",""30"",""31"",""32"",""33"",""34"",""35"",""36"",""37"",""39"",""4"",""40"",""41"",""42"",""43"",""44"",""45"",""46"",""47"",""48"",""49"",""5"",""50"",""51"",""52"",""53"",""54"",""55"",""56"",""57"",""58"",""59"",""6"",""60"",""61"",""62"",""63"",""64"",""65"",""66"",""67"",""68"",""69"",""7"",""70"",""71"",""72"",""73"",""74"",""75"",""76"",""77"",""78"",""79"",""8"",""80"",""81"",""82"",""83"",""84"",""85"",""86"",""87"",""89"",""9"",""90"",""96"",""97"",""98""]","[""100"",""101"",""102"",""103"",""104"",""105"",""106"",""108"",""110"",""111"",""113"",""114"",""115"",""88"",""91"",""92"",""93"",""94"",""95"",""99""]",False,True,False,"[""0"",""1"",""10"",""100"",""101"",""102"",""103"",""104"",""105"",""106"",""107"",""108"",""109"",""11"",""110"",""111"",""112"",""113"",""114"",""115"",""116"",""12"",""13"",""14"",""15"",""16"",""17"",""18"",""19"",""2"",""20"",""21"",""22"",""23"",""24"",""25"",""26"",""27"",""28"",""29"",""3"",""30"",""31"",""32"",""33"",""34"",""35"",""36"",""37"",""39"",""4"",""40"",""41"",""42"",""43"",""44"",""45"",""46"",""47"",""48"",""49"",""5"",""50"",""51"",""52"",""53"",""54"",""55"",""56"",""57"",""58"",""59"",""6"",""60"",""61"",""62"",""63"",""64"",""65"",""66"",""67"",""68"",""69"",""7"",""70"",""71"",""72"",""73"",""74"",""75"",""76"",""77"",""78"",""79"",""8"",""80"",""81"",""82"",""83"",""84"",""85"",""86"",""87"",""88"",""89"",""9"",""90"",""91"",""92"",""93"",""94"",""95"",""96"",""97"",""98"",""99""]",20,20
push table,0,1,"{""0"":0,""1"":0,""10"":0,""100"":0,""101"":0,""102"":0,""103"":0,""104"":0,""105"":0,""106"":0,""107"":0,""108"":0,""109"":0,""11"":0,""110"":0,""111"":0,""112"":0,""113"":0,""114"":0,""115"":0,""116"":0,""12"":0,""13"":0,""14"":0,""15"":1,""16"":0,""17"":1,""18"":0,""19"":0,""2"":0,""20"":0,""21"":0,""22"":0,""23"":0,""24"":0,""25"":0,""26"":0,""27"":0,""28"":0,""29"":0,""3"":0,""30"":0,""31"":0,""32"":0,""33"":0,""34"":0,""35"":0,""36"":0,""37"":0,""39"":0,""4"":0,""40"":0,""41"":0,""42"":0,""43"":0,""44"":0,""45"":0,""46"":0,""47"":0,""48"":0,""49"":0,""5"":1,""50"":0,""51"":0,""52"":0,""53"":0,""54"":0,""55"":0,""56"":0,""57"":0,""58"":0,""59"":0,""6"":0,""60"":0,""61"":0,""62"":0,""63"":0,""64"":1,""65"":0,""66"":0,""67"":0,""68"":0,""69"":0,""7"":0,""70"":0,""71"":0,""72"":0,""73"":0,""74"":0,""75"":0,""76"":0,""77"":0,""78"":0,""79"":0,""8"":0,""80"":0,""81"":0,""82"":0,""83"":0,""84"":0,""85"":0,""86"":0,""87"":0,""88"":0,""89"":0,""9"":0,""90"":0,""91"":0,""92"":0,""93"":0,""94"":0,""95"":0,""96"":0,""97"":0,""98"":0,""99"":0}","[""0"",""1"",""10"",""100"",""101"",""102"",""103"",""104"",""105"",""106"",""107"",""108"",""109"",""11"",""110"",""111"",""112"",""113"",""114"",""115"",""116"",""12"",""13"",""14"",""16"",""18"",""19"",""2"",""20"",""21"",""22"",""23"",""24"",""25"",""26"",""27"",""28"",""29"",""3"",""30"",""31"",""32"",""33"",""34"",""35"",""36"",""37"",""39"",""4"",""40"",""41"",""42"",""43"",""44"",""45"",""46"",""47"",""48"",""49"",""50"",""51"",""52"",""53"",""54"",""55"",""56"",""57"",""58"",""59"",""6"",""60"",""61"",""62"",""63"",""65"",""66"",""67"",""68"",""69"",""7"",""70"",""71"",""72"",""73"",""74"",""75"",""76"",""77"",""78"",""79"",""8"",""80"",""81"",""82"",""83"",""84"",""85"",""86"",""87"",""88"",""89"",""9"",""90"",""91"",""92"",""93"",""94"",""95"",""96"",""97"",""98"",""99""]","[""15"",""17"",""5"",""64""]",False,True,False,"[""0"",""1"",""10"",""100"",""101"",""102"",""103"",""104"",""105"",""106"",""107"",""108"",""109"",""11"",""110"",""111"",""112"",""113"",""114"",""115"",""116"",""12"",""13"",""14"",""15"",""16"",""17"",""18"",""19"",""2"",""20"",""21"",""22"",""23"",""24"",""25"",""26"",""27"",""28"",""29"",""3"",""30"",""31"",""32"",""33"",""34"",""35"",""36"",""37"",""39"",""4"",""40"",""41"",""42"",""43"",""44"",""45"",""46"",""47"",""48"",""49"",""5"",""50"",""51"",""52"",""53"",""54"",""55"",""56"",""57"",""58"",""59"",""6"",""60"",""61"",""62"",""63"",""64"",""65"",""66"",""67"",""68"",""69"",""7"",""70"",""71"",""72"",""73"",""74"",""75"",""76"",""77"",""78"",""79"",""8"",""80"",""81"",""82"",""83"",""84"",""85"",""86"",""87"",""88"",""89"",""9"",""90"",""91"",""92"",""93"",""94"",""95"",""96"",""97"",""98"",""99""]",4,4
push table top,0,1,"{""0"":0,""1"":0,""10"":0,""100"":0,""101"":0,""102"":0,""103"":0,""104"":0,""105"":0,""106"":0,""107"":0,""108"":0,""109"":0,""11"":0,""110"":0,""111"":0,""112"":0,""113"":0,""114"":0,""115"":0,""116"":0,""12"":0,""13"":0,""14"":0,""15"":0,""16"":0,""17"":0,""18"":0,""19"":0,""2"":0,""20"":0,""21"":0,""22"":0,""23"":0,""24"":0,""25"":0,""26"":0,""27"":0,""28"":0,""29"":0,""3"":0,""30"":0,""31"":0,""32"":0,""33"":0,""34"":0,""35"":0,""36"":0,""37"":0,""39"":0,""4"":0,""40"":0,""41"":0,""42"":0,""43"":0,""44"":0,""45"":0,""46"":0,""47"":0,""48"":0,""49"":1,""5"":0,""50"":0,""51"":0,""52"":0,""53"":0,""54"":0,""55"":0,""56"":0,""57"":0,""58"":0,""59"":0,""6"":0,""60"":0,""61"":0,""62"":0,""63"":0,""64"":0,""65"":0,""66"":0,""67"":0,""68"":0,""69"":0,""7"":0,""70"":0,""71"":0,""72"":0,""73"":0,""74"":0,""75"":0,""76"":0,""77"":0,""78"":0,""79"":0,""8"":0,""80"":0,""81"":0,""82"":0,""83"":0,""84"":0,""85"":0,""86"":0,""87"":0,""88"":0,""89"":0,""9"":0,""90"":0,""91"":0,""92"":0,""93"":0,""94"":0,""95"":0,""96"":0,""97"":0,""98"":0,""99"":0}","[""0"",""1"",""10"",""100"",""101"",""102"",""103"",""104"",""105"",""106"",""107"",""108"",""109"",""11"",""110"",""111"",""112"",""113"",""114"",""115"",""116"",""12"",""13"",""14"",""15"",""16"",""17"",""18"",""19"",""2"",""20"",""21"",""22"",""23"",""24"",""25"",""26"",""27"",""28"",""29"",""3"",""30"",""31"",""32"",""33"",""34"",""35"",""36"",""37"",""39"",""4"",""40"",""41"",""42"",""43"",""44"",""45"",""46"",""47"",""48"",""5"",""50"",""51"",""52"",""53"",""54"",""55"",""56"",""57"",""58"",""59"",""6"",""60"",""61"",""62"",""63"",""64"",""65"",""66"",""67"",""68"",""69"",""7"",""70"",""71"",""72"",""73"",""74"",""75"",""76"",""77"",""78"",""79"",""8"",""80"",""81"",""82"",""83"",""84"",""85"",""86"",""87"",""88"",""89"",""9"",""90"",""91"",""92"",""93"",""94"",""95"",""96"",""97"",""98"",""99""]","[""49""]",False,True,False,"[""0"",""1"",""10"",""100"",""101"",""102"",""103"",""104"",""105"",""106"",""107"",""108"",""109"",""11"",""110"",""111"",""112"",""113"",""114"",""115"",""116"",""12"",""13"",""14"",""15"",""16"",""17"",""18"",""19"",""2"",""20"",""21"",""22"",""23"",""24"",""25"",""26"",""27"",""28"",""29"",""3"",""30"",""31"",""32"",""33"",""34"",""35"",""36"",""37"",""39"",""4"",""40"",""41"",""42"",""43"",""44"",""45"",""46"",""47"",""48"",""49"",""5"",""50"",""51"",""52"",""53"",""54"",""55"",""56"",""57"",""58"",""59"",""6"",""60"",""61"",""62"",""63"",""64"",""65"",""66"",""67"",""68"",""69"",""7"",""70"",""71"",""72"",""73"",""74"",""75"",""76"",""77"",""78"",""79"",""8"",""80"",""81"",""82"",""83"",""84"",""85"",""86"",""87"",""88"",""89"",""9"",""90"",""91"",""92"",""93"",""94"",""95"",""96"",""97"",""98"",""99""]",1,1
rotate table,0,5,"{""0"":1,""1"":0,""10"":0,""100"":0,""101"":0,""102"":0,""103"":0,""104"":0,""105"":0,""106"":0,""107"":0,""108"":0,""109"":0,""11"":0,""110"":0,""111"":0,""112"":0,""113"":0,""114"":0,""115"":0,""116"":0,""12"":0,""13"":0,""14"":0,""15"":0,""16"":0,""17"":0,""18"":1,""19"":0,""2"":0,""20"":0,""21"":1,""22"":0,""23"":0,""24"":0,""25"":1,""26"":0,""27"":0,""28"":0,""29"":0,""3"":0,""30"":0,""31"":0,""32"":0,""33"":3,""34"":0,""35"":0,""36"":0,""37"":0,""39"":0,""4"":0,""40"":0,""41"":0,""42"":1,""43"":5,""44"":0,""45"":0,""46"":2,""47"":1,""48"":2,""49"":0,""5"":0,""50"":0,""51"":1,""52"":0,""53"":0,""54"":0,""55"":0,""56"":0,""57"":0,""58"":1,""59"":0,""6"":0,""60"":1,""61"":0,""62"":2,""63"":2,""64"":3,""65"":1,""66"":2,""67"":0,""68"":2,""69"":2,""7"":5,""70"":0,""71"":1,""72"":0,""73"":0,""74"":2,""75"":1,""76"":1,""77"":3,""78"":0,""79"":2,""8"":0,""80"":3,""81"":0,""82"":1,""83"":2,""84"":0,""85"":1,""86"":1,""87"":2,""88"":0,""89"":0,""9"":1,""90"":0,""91"":0,""92"":0,""93"":0,""94"":0,""95"":0,""96"":0,""97"":0,""98"":0,""99"":0}","[""1"",""10"",""100"",""101"",""102"",""103"",""104"",""105"",""106"",""107"",""108"",""109"",""11"",""110"",""111"",""112"",""113"",""114"",""115"",""116"",""12"",""13"",""14"",""15"",""16"",""17"",""19"",""2"",""20"",""22"",""23"",""24"",""26"",""27"",""28"",""29"",""3"",""30"",""31"",""32"",""34"",""35"",""36"",""37"",""39"",""4"",""40"",""41"",""44"",""45"",""49"",""5"",""50"",""52"",""53"",""54"",""55"",""56"",""57"",""59"",""6"",""61"",""67"",""70"",""72"",""73"",""78"",""8"",""81"",""84"",""88"",""89"",""90"",""91"",""92"",""93"",""94"",""95"",""96"",""97"",""98"",""99""]","[""43"",""7""]",False,True,False,"[""0"",""1"",""10"",""100"",""101"",""102"",""103"",""104"",""105"",""106"",""107"",""108"",""109"",""11"",""110"",""111"",""112"",""113"",""114"",""115"",""116"",""12"",""13"",""14"",""15"",""16"",""17"",""18"",""19"",""2"",""20"",""21"",""22"",""23"",""24"",""25"",""26"",""27"",""28"",""29"",""3"",""30"",""31"",""32"",""33"",""34"",""35"",""36"",""37"",""39"",""4"",""40"",""41"",""42"",""43"",""44"",""45"",""46"",""47"",""48"",""49"",""5"",""50"",""51"",""52"",""53"",""54"",""55"",""56"",""57"",""58"",""59"",""6"",""60"",""61"",""62"",""63"",""64"",""65"",""66"",""67"",""68"",""69"",""7"",""70"",""71"",""72"",""73"",""74"",""75"",""76"",""77"",""78"",""79"",""8"",""80"",""81"",""82"",""83"",""84"",""85"",""86"",""87"",""88"",""89"",""9"",""90"",""91"",""92"",""93"",""94"",""95"",""96"",""97"",""98"",""99""]",34,61
slide bottom of drawer,0,2,"{""0"":0,""1"":0,""10"":0,""100"":1,""101"":1,""102"":1,""103"":1,""104"":1,""105"":1,""106"":2,""107"":1,""108"":1,""109"":1,""11"":0,""110"":1,""111"":1,""112"":1,""113"":2,""114"":1,""115"":1,""116"":1,""12"":0,""13"":0,""14"":0,""15"":0,""16"":0,""17"":0,""18"":0,""19"":0,""2"":0,""20"":0,""21"":0,""22"":0,""23"":0,""24"":0,""25"":0,""26"":0,""27"":0,""28"":0,""29"":0,""3"":0,""30"":0,""31"":0,""32"":0,""33"":0,""34"":0,""35"":0,""36"":0,""37"":0,""39"":0,""4"":0,""40"":0,""41"":0,""42"":0,""43"":0,""44"":0,""45"":0,""46"":0,""47"":0,""48"":0,""49"":0,""5"":0,""50"":0,""51"":0,""52"":0,""53"":0,""54"":0,""55"":0,""56"":0,""57"":0,""58"":0,""59"":0,""6"":0,""60"":0,""61"":0,""62"":0,""63"":0,""64"":0,""65"":0,""66"":0,""67"":0,""68"":0,""69"":0,""7"":0,""70"":0,""71"":0,""72"":0,""73"":0,""74"":0,""75"":0,""76"":0,""77"":0,""78"":0,""79"":0,""8"":0,""80"":0,""81"":0,""82"":0,""83"":0,""84"":0,""85"":0,""86"":0,""87"":0,""88"":1,""89"":1,""9"":0,""90"":1,""91"":2,""92"":1,""93"":1,""94"":1,""95"":1,""96"":1,""97"":1,""98"":1,""99"":1}","[""0"",""1"",""10"",""11"",""12"",""13"",""14"",""15"",""16"",""17"",""18"",""19"",""2"",""20"",""21"",""22"",""23"",""24"",""25"",""26"",""27"",""28"",""29"",""3"",""30"",""31"",""32"",""33"",""34"",""35"",""36"",""37"",""39"",""4"",""40"",""41"",""42"",""43"",""44"",""45"",""46"",""47"",""48"",""49"",""5"",""50"",""51"",""52"",""53"",""54"",""55"",""56"",""57"",""58"",""59"",""6"",""60"",""61"",""62"",""63"",""64"",""65"",""66"",""67"",""68"",""69"",""7"",""70"",""71"",""72"",""73"",""74"",""75"",""76"",""77"",""78"",""79"",""8"",""80"",""81"",""82"",""83"",""84"",""85"",""86"",""87"",""9""]","[""106"",""113"",""91""]",False,True,False,"[""0"",""1"",""10"",""100"",""101"",""102"",""103"",""104"",""105"",""106"",""107"",""108"",""109"",""11"",""110"",""111"",""112"",""113"",""114"",""115"",""116"",""12"",""13"",""14"",""15"",""16"",""17"",""18"",""19"",""2"",""20"",""21"",""22"",""23"",""24"",""25"",""26"",""27"",""28"",""29"",""3"",""30"",""31"",""32"",""33"",""34"",""35"",""36"",""37"",""39"",""4"",""40"",""41"",""42"",""43"",""44"",""45"",""46"",""47"",""48"",""49"",""5"",""50"",""51"",""52"",""53"",""54"",""55"",""56"",""57"",""58"",""59"",""6"",""60"",""61"",""62"",""63"",""64"",""65"",""66"",""67"",""68"",""69"",""7"",""70"",""71"",""72"",""73"",""74"",""75"",""76"",""77"",""78"",""79"",""8"",""80"",""81"",""82"",""83"",""84"",""85"",""86"",""87"",""88"",""89"",""9"",""90"",""91"",""92"",""93"",""94"",""95"",""96"",""97"",""98"",""99""]",29,32
spin leg,0,8,"{""0"":5,""1"":4,""10"":4,""100"":0,""101"":0,""102"":0,""103"":0,""104"":0,""105"":0,""106"":0,""107"":0,""108"":0,""109"":0,""11"":4,""110"":0,""111"":0,""112"":0,""113"":0,""114"":0,""115"":0,""116"":0,""12"":4,""13"":4,""14"":4,""15"":4,""16"":3,""17"":4,""18"":4,""19"":5,""2"":4,""20"":4,""21"":4,""22"":4,""23"":4,""24"":4,""25"":4,""26"":4,""27"":4,""28"":4,""29"":4,""3"":4,""30"":4,""31"":4,""32"":4,""33"":4,""34"":4,""35"":5,""36"":4,""37"":4,""39"":4,""4"":4,""40"":4,""41"":4,""42"":4,""43"":4,""44"":4,""45"":4,""46"":4,""47"":6,""48"":4,""49"":5,""5"":4,""50"":4,""51"":4,""52"":4,""53"":4,""54"":4,""55"":4,""56"":4,""57"":5,""58"":8,""59"":4,""6"":4,""60"":4,""61"":5,""62"":4,""63"":4,""64"":4,""65"":4,""66"":4,""67"":4,""68"":4,""69"":4,""7"":4,""70"":4,""71"":4,""72"":4,""73"":4,""74"":4,""75"":4,""76"":4,""77"":4,""78"":4,""79"":7,""8"":4,""80"":4,""81"":4,""82"":4,""83"":4,""84"":4,""85"":4,""86"":4,""87"":4,""88"":0,""89"":0,""9"":4,""90"":0,""91"":0,""92"":0,""93"":0,""94"":0,""95"":0,""96"":0,""97"":0,""98"":0,""99"":0}","[""100"",""101"",""102"",""103"",""104"",""105"",""106"",""107"",""108"",""109"",""110"",""111"",""112"",""113"",""114"",""115"",""116"",""88"",""89"",""90"",""91"",""92"",""93"",""94"",""95"",""96"",""97"",""98"",""99""]","[""58""]",False,True,False,"[""0"",""1"",""10"",""100"",""101"",""102"",""103"",""104"",""105"",""106"",""107"",""108"",""109"",""11"",""110"",""111"",""112"",""113"",""114"",""115"",""116"",""12"",""13"",""14"",""15"",""16"",""17"",""18"",""19"",""2"",""20"",""21"",""22"",""23"",""24"",""25"",""26"",""27"",""28"",""29"",""3"",""30"",""31"",""32"",""33"",""34"",""35"",""36"",""37"",""39"",""4"",""40"",""41"",""42"",""43"",""44"",""45"",""46"",""47"",""48"",""49"",""5"",""50"",""51"",""52"",""53"",""54"",""55"",""56"",""57"",""58"",""6"",""60"",""61"",""62"",""63"",""64"",""65"",""66"",""67"",""68"",""69"",""7"",""70"",""71"",""72"",""73"",""74"",""75"",""76"",""77"",""78"",""79"",""8"",""80"",""81"",""82"",""83"",""84"",""85"",""86"",""87"",""88"",""89"",""9"",""90"",""91"",""92"",""93"",""94"",""95"",""96"",""97"",""98"",""99""]",87,362
tighten leg,0,5,"{""0"":1,""1"":2,""10"":0,""100"":0,""101"":0,""102"":0,""103"":0,""104"":0,""105"":0,""106"":0,""107"":0,""108"":0,""109"":0,""11"":0,""110"":0,""111"":0,""112"":0,""113"":0,""114"":0,""115"":0,""116"":0,""12"":0,""13"":0,""14"":1,""15"":4,""16"":1,""17"":2,""18"":4,""19"":0,""2"":1,""20"":3,""21"":0,""22"":0,""23"":0,""24"":1,""25"":1,""26"":3,""27"":0,""28"":2,""29"":0,""3"":0,""30"":0,""31"":1,""32"":0,""33"":0,""34"":1,""35"":3,""36"":1,""37"":2,""39"":2,""4"":0,""40"":0,""41"":0,""42"":2,""43"":5,""44"":2,""45"":0,""46"":0,""47"":1,""48"":0,""49"":0,""5"":1,""50"":0,""51"":0,""52"":0,""53"":1,""54"":2,""55"":1,""56"":0,""57"":2,""58"":0,""59"":0,""6"":1,""60"":0,""61"":0,""62"":4,""63"":0,""64"":0,""65"":0,""66"":3,""67"":0,""68"":0,""69"":0,""7"":4,""70"":0,""71"":3,""72"":1,""73"":0,""74"":0,""75"":1,""76"":2,""77"":0,""78"":0,""79"":3,""8"":0,""80"":3,""81"":0,""82"":4,""83"":2,""84"":0,""85"":0,""86"":0,""87"":0,""88"":0,""89"":0,""9"":1,""90"":0,""91"":0,""92"":0,""93"":0,""94"":0,""95"":0,""96"":0,""97"":0,""98"":0,""99"":0}","[""10"",""100"",""101"",""102"",""103"",""104"",""105"",""106"",""107"",""108"",""109"",""11"",""110"",""111"",""112"",""113"",""114"",""115"",""116"",""12"",""13"",""19"",""21"",""22"",""23"",""27"",""29"",""3"",""30"",""32"",""33"",""4"",""40"",""41"",""45"",""46"",""48"",""49"",""50"",""51"",""52"",""56"",""58"",""59"",""60"",""61"",""63"",""64"",""65"",""67"",""68"",""69"",""70"",""73"",""74"",""77"",""78"",""8"",""81"",""84"",""85"",""86"",""87"",""88"",""89"",""90"",""91"",""92"",""93"",""94"",""95"",""96"",""97"",""98"",""99""]","[""43""]",False,True,False,"[""0"",""1"",""10"",""100"",""101"",""102"",""103"",""104"",""105"",""106"",""107"",""108"",""109"",""11"",""110"",""111"",""112"",""113"",""114"",""115"",""116"",""12"",""13"",""14"",""15"",""16"",""17"",""18"",""19"",""2"",""20"",""21"",""22"",""23"",""24"",""25"",""26"",""27"",""28"",""29"",""3"",""30"",""31"",""32"",""33"",""34"",""35"",""36"",""37"",""39"",""4"",""40"",""41"",""42"",""43"",""44"",""45"",""46"",""47"",""48"",""49"",""5"",""50"",""51"",""52"",""53"",""54"",""55"",""56"",""57"",""58"",""59"",""6"",""60"",""61"",""62"",""63"",""64"",""65"",""66"",""67"",""68"",""69"",""7"",""70"",""71"",""72"",""73"",""74"",""75"",""76"",""77"",""78"",""79"",""8"",""80"",""81"",""82"",""83"",""84"",""85"",""86"",""87"",""88"",""89"",""9"",""90"",""91"",""92"",""93"",""94"",""95"",""96"",""97"",""98"",""99""]",41,85
