predecessor,trigger,satisfied,nonvacuous,accepted,activated_cases,activated_events,activated_case_ids,vacuous_cases,active_in_all_cases,satisfied_events,satisfied_cases,satisfied_activated_cases,violation_count,violated_cases,violation_case_ids,first_counterexample
align leg screw with table thread,flip shelf,True,True,True,2,3,"[""22"",""29""]",114,False,3,116,2,0,0,[],
align leg screw with table thread,lay down shelf,True,True,True,2,2,"[""29"",""41""]",114,False,2,116,2,0,0,[],
align leg screw with table thread,push table,True,True,True,4,4,"[""15"",""17"",""5"",""64""]",112,False,4,116,4,0,0,[],
align side panel holes with front panel dowels,lay down side panel,True,True,True,1,1,"[""91""]",115,False,1,116,1,0,0,[],
attach drawer side panel,lay down side panel,True,True,True,1,1,"[""91""]",115,False,1,116,1,0,0,[],
attach drawer side panel,pick up pin,True,True,True,27,45,"[""100"",""102"",""103"",""104"",""105"",""106"",""107"",""108"",""109"",""110"",""111"",""112"",""114"",""115"",""116"",""88"",""89"",""90"",""91"",""92"",""93"",""94"",""95"",""96"",""97"",""98"",""99""]",89,False,45,116,27,0,0,[],
flip table top,flip shelf,True,True,True,2,3,"[""22"",""29""]",114,False,3,116,2,0,0,[],
flip table top,lay down shelf,True,True,True,2,2,"[""29"",""41""]",114,False,2,116,2,0,0,[],
lay down back panel,lay down side panel,True,True,True,1,1,"[""91""]",115,False,1,116,1,0,0,[],
lay down front panel,lay down side panel,True,True,True,1,1,"[""91""]",115,False,1,116,1,0,0,[],
pick up back panel,lay down back panel,True,True,True,3,4,"[""91"",""94"",""95""]",113,False,4,116,3,0,0,[],
pick up back panel,lay down side panel,True,True,True,1,1,"[""91""]",115,False,1,116,1,0,0,[],
pick up bottom panel,attach drawer back panel,True,True,True,25,27,"[""100"",""101"",""102"",""103"",""104"",""105"",""107"",""108"",""110"",""111"",""112"",""113"",""114"",""115"",""116"",""88"",""90"",""91"",""92"",""93"",""94"",""95"",""96"",""97"",""99""]",91,False,27,116,25,0,0,[],
pick up bottom panel,insert drawer pin,True,True,True,29,48,"[""100"",""101"",""102"",""103"",""104"",""105"",""106"",""107"",""108"",""109"",""110"",""111"",""112"",""113"",""114"",""115"",""116"",""88"",""89"",""90"",""91"",""92"",""93"",""94"",""95"",""96"",""97"",""98"",""99""]",87,False,48,116,29,0,0,[],
pick up bottom panel,lay down bottom panel,True,True,True,8,8,"[""107"",""109"",""112"",""116"",""90"",""91"",""96"",""97""]",108,False,8,116,8,0,0,[],
pick up bottom panel,position the drawer right side up,True,True,True,20,20,"[""100"",""101"",""102"",""103"",""104"",""105"",""106"",""108"",""110"",""111"",""113"",""114"",""115"",""88"",""91"",""92"",""93"",""94"",""95"",""99""]",96,False,20,116,20,0,0,[],
pick up bottom panel,slide bottom of drawer,True,True,True,29,32,"[""100"",""101"",""102"",""103"",""104"",""105"",""106"",""107"",""108"",""109"",""110"",""111"",""112"",""113"",""114"",""115"",""116"",""88"",""89"",""90"",""91"",""92"",""93"",""94"",""95"",""96"",""97"",""98"",""99""]",87,False,32,116,29,0,0,[],
pick up front panel,lay down side panel,True,True,True,1,1,"[""91""]",115,False,1,116,1,0,0,[],
pick up leg,attach shelf to table,True,True,True,56,57,"[""0"",""1"",""10"",""11"",""12"",""13"",""14"",""15"",""16"",""17"",""18"",""19"",""2"",""20"",""21"",""22"",""23"",""24"",""25"",""26"",""27"",""28"",""29"",""3"",""30"",""31"",""32"",""33"",""34"",""35"",""36"",""37"",""39"",""40"",""41"",""42"",""43"",""44"",""45"",""46"",""47"",""48"",""49"",""5"",""50"",""51"",""52"",""53"",""54"",""55"",""56"",""57"",""6"",""7"",""8"",""9""]",60,False,57,116,56,0,0,[],
pick up leg,flip shelf,True,True,True,2,3,"[""22"",""29""]",114,False,3,116,2,0,0,[],
pick up leg,lay down leg,True,True,True,3,3,"[""29"",""51"",""61""]",113,False,3,116,3,0,0,[],
pick up leg,lay down shelf,True,True,True,2,2,"[""29"",""41""]",114,False,2,116,2,0,0,[],
pick up leg,pick up shelf,True,True,True,54,57,"[""0"",""1"",""11"",""12"",""13"",""14"",""15"",""16"",""17"",""18"",""19"",""2"",""20"",""21"",""22"",""23"",""24"",""25"",""26"",""27"",""28"",""29"",""3"",""30"",""31"",""32"",""34"",""35"",""36"",""37"",""39"",""4"",""40"",""41"",""42"",""43"",""44"",""45"",""46"",""47"",""49"",""5"",""50"",""51"",""52"",""53"",""54"",""55"",""56"",""57"",""6"",""7"",""8"",""9""]",62,False,57,116,54,0,0,[],
pick up leg,push table,True,True,True,4,4,"[""15"",""17"",""5"",""64""]",112,False,4,116,4,0,0,[],
pick up shelf,lay down shelf,True,True,True,2,2,"[""29"",""41""]",114,False,2,116,2,0,0,[],
pick up side panel,align side panel holes with front panel dowels,True,True,True,20,42,"[""100"",""101"",""103"",""104"",""105"",""106"",""109"",""110"",""111"",""113"",""114"",""115"",""88"",""89"",""91"",""92"",""93"",""94"",""95"",""98""]",96,False,42,116,20,0,0,[],
pick up side panel,attach drawer back panel,True,True,True,25,27,"[""100"",""101"",""102"",""103"",""104"",""105"",""107"",""108"",""110"",""111"",""112"",""113"",""114"",""115"",""116"",""88"",""90"",""91"",""92"",""93"",""94"",""95"",""96"",""97"",""99""]",91,False,27,116,25,0,0,[],
pick up side panel,insert drawer pin,True,True,True,29,48,"[""100"",""101"",""102"",""103"",""104"",""105"",""106"",""107"",""108"",""109"",""110"",""111"",""112"",""113"",""114"",""115"",""116"",""88"",""89"",""90"",""91"",""92"",""93"",""94"",""95"",""96"",""97"",""98"",""99""]",87,False,48,116,29,0,0,[],
pick up side panel,lay down back panel,True,True,True,3,4,"[""91"",""94"",""95""]",113,False,4,116,3,0,0,[],
pick up side panel,lay down side panel,True,True,True,1,1,"[""91""]",115,False,1,116,1,0,0,[],
pick up side panel,pick up pin,True,True,True,27,45,"[""100"",""102"",""103"",""104"",""105"",""106"",""107"",""108"",""109"",""110"",""111"",""112"",""114"",""115"",""116"",""88"",""89"",""90"",""91"",""92"",""93"",""94"",""95"",""96"",""97"",""98"",""99""]",89,False,45,116,27,0,0,[],
pick up side panel,position the drawer right side up,True,True,True,20,20,"[""100"",""101"",""102"",""103"",""104"",""105"",""106"",""108"",""110"",""111"",""113"",""114"",""115"",""88"",""91"",""92"",""93"",""94"",""95"",""99""]",96,False,20,116,20,0,0,[],
pick up side panel,slide bottom of drawer,True,True,True,29,32,"[""100"",""101"",""102"",""103"",""104"",""105"",""106"",""107"",""108"",""109"",""110"",""111"",""112"",""113"",""114"",""115"",""116"",""88"",""89"",""90"",""91"",""92"",""93"",""94"",""95"",""96"",""97"",""98"",""99""]",87,False,32,116,29,0,0,[],
slide bottom of drawer,attach drawer back panel,True,True,True,25,27,"[""100"",""101"",""102"",""103"",""104"",""105"",""107"",""108"",""110"",""111"",""112"",""113"",""114"",""115"",""116"",""88"",""90"",""91"",""92"",""93"",""94"",""95"",""96"",""97"",""99""]",91,False,27,116,25,0,0,[],
slide bottom of drawer,insert drawer pin,True,True,True,29,48,"[""100"",""101"",""102"",""103"",""104"",""105"",""106"",""107"",""108"",""109"",""110"",""111"",""112"",""113"",""114"",""115"",""116"",""88"",""89"",""90"",""91"",""92"",""93"",""94"",""95"",""96"",""97"",""98"",""99""]",87,False,48,116,29,0,0,[],
spin leg,attach shelf to table,True,True,True,56,57,"[""0"",""1"",""10"",""11"",""12"",""13"",""14"",""15"",""16"",""17"",""18"",""19"",""2"",""20"",""21"",""22"",""23"",""24"",""25"",""26"",""27"",""28"",""29"",""3"",""30"",""31"",""32"",""33"",""34"",""35"",""36"",""37"",""39"",""40"",""41"",""42"",""43"",""44"",""45"",""46"",""47"",""48"",""49"",""5"",""50"",""51"",""52"",""53"",""54"",""55"",""56"",""57"",""6"",""7"",""8"",""9""]",60,False,57,116,56,0,0,[],
spin leg,flip shelf,True,True,True,2,3,"[""22"",""29""]",114,False,3,116,2,0,0,[],
spin leg,lay down shelf,True,True,True,2,2,"[""29"",""41""]",114,False,2,116,2,0,0,[],
spin leg,pick up shelf,True,True,True,54,57,"[""0"",""1"",""11"",""12"",""13"",""14"",""15"",""16"",""17"",""18"",""19"",""2"",""20"",""21"",""22"",""23"",""24"",""25"",""26"",""27"",""28"",""29"",""3"",""30"",""31"",""32"",""34"",""35"",""36"",""37"",""39"",""4"",""40"",""41"",""42"",""43"",""44"",""45"",""46"",""47"",""49"",""5"",""50"",""51"",""52"",""53"",""54"",""55"",""56"",""57"",""6"",""7"",""8"",""9""]",62,False,57,116,54,0,0,[],
spin leg,push table,True,True,True,4,4,"[""15"",""17"",""5"",""64""]",112,False,4,116,4,0,0,[],
spin leg,tighten leg,True,True,True,41,85,"[""0"",""1"",""14"",""15"",""16"",""17"",""18"",""2"",""20"",""24"",""25"",""26"",""28"",""31"",""34"",""35"",""36"",""37"",""39"",""42"",""43"",""44"",""47"",""5"",""53"",""54"",""55"",""57"",""6"",""62"",""66"",""7"",""71"",""72"",""75"",""76"",""79"",""80"",""82"",""83"",""9""]",75,False,85,116,41,0,0,[],
