activity,gt_occurrences,gt_observation_share,cases_with_activity,case_coverage,duration_frames,duration_seconds,starts,ends,retained_candidate_occurrences,pre_insertion_candidate_occurrences,top1_predictions,gt_insertions,group_event_counts,group_duration_frames,event_duration_frames_count,event_duration_frames_minimum,event_duration_frames_q1,event_duration_frames_median,event_duration_frames_q3,event_duration_frames_maximum,event_duration_frames_mean,event_duration_frames_population_sd,occurrences_per_case_including_zeros_count,occurrences_per_case_including_zeros_minimum,occurrences_per_case_including_zeros_q1,occurrences_per_case_including_zeros_median,occurrences_per_case_including_zeros_q3,occurrences_per_case_including_zeros_maximum,occurrences_per_case_including_zeros_mean,occurrences_per_case_including_zeros_population_sd
align leg screw with table thread,283,0.15247844827586207,72,0.6206896551724138,13467,538.68,1,0,1265,1314,384,5,"{""Lack_Coffee_Table"": 79, ""Lack_Side_Table"": 100, ""Lack_TV_Bench"": 104}","{""Lack_Coffee_Table"": 3807, ""Lack_Side_Table"": 4495, ""Lack_TV_Bench"": 5165}",283,3.0,33.0,44.0,57.0,181.0,47.58657243816254,23.986939097400914,116,0.0,0.0,4.0,4.0,5.0,2.439655172413793,1.9310922097282788
align side panel holes with front panel dowels,42,0.022629310344827586,20,0.1724137931034483,5141,205.64,0,0,125,113,32,23,"{""Kallax_Shelf_Drawer"": 42}","{""Kallax_Shelf_Drawer"": 5141}",42,17.0,49.5,83.5,135.25,598.0,122.4047619047619,120.975412599068,116,0.0,0.0,0.0,0.0,4.0,0.3620689655172414,0.8448275862068966
attach drawer back panel,27,0.014547413793103448,25,0.21551724137931033,8747,349.88,0,0,81,71,34,10,"{""Kallax_Shelf_Drawer"": 27}","{""Kallax_Shelf_Drawer"": 8747}",27,82.0,136.0,201.0,494.5,1119.0,323.962962962963,271.76589619001425,116,0.0,0.0,0.0,0.0,2.0,0.23275862068965517,0.46158943207681224
attach drawer side panel,61,0.03286637931034483,28,0.2413793103448276,5745,229.8,2,0,123,114,35,21,"{""Kallax_Shelf_Drawer"": 61}","{""Kallax_Shelf_Drawer"": 5745}",61,9.0,47.0,80.0,111.0,347.0,94.18032786885246,63.21301697155895,116,0.0,0.0,0.0,0.0,4.0,0.5258620689655172,0.9690130679214889
attach shelf to table,57,0.030711206896551723,56,0.4827586206896552,22170,886.8,0,50,167,175,71,2,"{""Lack_Coffee_Table"": 28, ""Lack_TV_Bench"": 29}","{""Lack_Coffee_Table"": 13421, ""Lack_TV_Bench"": 8749}",57,129.0,270.0,357.0,492.0,867.0,388.94736842105266,178.51270740090496,116,0.0,0.0,0.0,1.0,2.0,0.49137931034482757,0.5168820591007334
flip shelf,3,0.0016163793103448276,2,0.017241379310344827,212,8.48,0,0,5,2,0,3,"{""Lack_Coffee_Table"": 2, ""Lack_TV_Bench"": 1}","{""Lack_Coffee_Table"": 167, ""Lack_TV_Bench"": 45}",3,45.0,57.0,69.0,83.5,98.0,70.66666666666667,21.669230617526676,116,0.0,0.0,0.0,0.0,2.0,0.02586206896551724,0.20599660595428484
flip table,88,0.04741379310344827,84,0.7241379310344828,14410,576.4,1,27,287,302,99,4,"{""Lack_Coffee_Table"": 31, ""Lack_Side_Table"": 28, ""Lack_TV_Bench"": 29}","{""Lack_Coffee_Table"": 5634, ""Lack_Side_Table"": 4153, ""Lack_TV_Bench"": 4623}",88,56.0,118.75,150.0,191.0,533.0,163.75,69.27124715073478,116,0.0,0.0,1.0,1.0,3.0,0.7586206896551724,0.5189626532169797
flip table top,36,0.01939655172413793,36,0.3103448275862069,4231,169.24,29,0,69,55,23,17,"{""Lack_Coffee_Table"": 13, ""Lack_Side_Table"": 9, ""Lack_TV_Bench"": 14}","{""Lack_Coffee_Table"": 2110, ""Lack_Side_Table"": 844, ""Lack_TV_Bench"": 1277}",36,41.0,60.0,109.0,153.25,281.0,117.52777777777777,59.36304785485061,116,0.0,0.0,0.0,1.0,1.0,0.3103448275862069,0.4626347539654737
insert drawer pin,48,0.02586206896551724,29,0.25,3954,158.16,0,4,92,80,35,15,"{""Kallax_Shelf_Drawer"": 48}","{""Kallax_Shelf_Drawer"": 3954}",48,24.0,37.75,55.5,107.5,387.0,82.375,68.215841574129,116,0.0,0.0,0.0,0.25,3.0,0.41379310344827586,0.7664176127894092
lay down back panel,4,0.0021551724137931034,3,0.02586206896551724,181,7.24,0,0,4,0,0,4,"{""Kallax_Shelf_Drawer"": 4}","{""Kallax_Shelf_Drawer"": 181}",4,13.0,15.25,33.5,63.5,101.0,45.25,35.48503205578375,116,0.0,0.0,0.0,0.0,2.0,0.034482758620689655,0.22480008293802237
lay down bottom panel,8,0.004310344827586207,8,0.06896551724137931,652,26.08,0,6,15,8,1,7,"{""Kallax_Shelf_Drawer"": 8}","{""Kallax_Shelf_Drawer"": 652}",8,14.0,28.5,45.5,71.5,343.0,81.5,101.22005730091244,116,0.0,0.0,0.0,0.0,1.0,0.06896551724137931,0.2533954906327426
lay down front panel,8,0.004310344827586207,8,0.06896551724137931,386,15.44,1,0,8,0,0,8,"{""Kallax_Shelf_Drawer"": 8}","{""Kallax_Shelf_Drawer"": 386}",8,11.0,25.0,32.5,76.0,104.0,48.25,32.56435935190496,116,0.0,0.0,0.0,0.0,1.0,0.06896551724137931,0.2533954906327426
lay down leg,3,0.0016163793103448276,3,0.02586206896551724,107,4.28,0,0,10,8,1,3,"{""Lack_Coffee_Table"": 2, ""Lack_Side_Table"": 1}","{""Lack_Coffee_Table"": 48, ""Lack_Side_Table"": 59}",3,24.0,24.0,24.0,41.5,59.0,35.666666666666664,16.49915822768611,116,0.0,0.0,0.0,0.0,1.0,0.02586206896551724,0.15872372965105147
lay down shelf,2,0.0010775862068965517,2,0.017241379310344827,130,5.2,0,0,4,5,0,2,"{""Lack_Coffee_Table"": 2}","{""Lack_Coffee_Table"": 130}",2,54.0,59.5,65.0,70.5,76.0,65.0,11.0,116,0.0,0.0,0.0,0.0,1.0,0.017241379310344827,0.13016955922880602
lay down side panel,1,0.0005387931034482759,1,0.008620689655172414,15,0.6,0,0,1,0,0,1,"{""Kallax_Shelf_Drawer"": 1}","{""Kallax_Shelf_Drawer"": 15}",1,15.0,15.0,15.0,15.0,15.0,15.0,0.0,116,0.0,0.0,0.0,0.0,1.0,0.008620689655172414,0.0924465973686518
lay down table top,6,0.003232758620689655,6,0.05172413793103448,443,17.72,2,0,6,1,0,6,"{""Lack_Coffee_Table"": 1, ""Lack_Side_Table"": 2, ""Lack_TV_Bench"": 3}","{""Lack_Coffee_Table"": 178, ""Lack_Side_Table"": 113, ""Lack_TV_Bench"": 152}",6,31.0,40.5,56.5,78.5,178.0,73.83333333333333,49.83779244263891,116,0.0,0.0,0.0,0.0,1.0,0.05172413793103448,0.2214695272183643
other,23,0.012392241379310345,16,0.13793103448275862,3313,132.52,4,6,73,57,2,20,"{""Kallax_Shelf_Drawer"": 10, ""Lack_Coffee_Table"": 2, ""Lack_Side_Table"": 1, ""Lack_TV_Bench"": 10}","{""Kallax_Shelf_Drawer"": 2135, ""Lack_Coffee_Table"": 186, ""Lack_Side_Table"": 278, ""Lack_TV_Bench"": 714}",23,22.0,56.5,81.0,146.0,692.0,144.04347826086956,158.7605465886254,116,0.0,0.0,0.0,0.0,3.0,0.19827586206896552,0.5604774378892317
pick up back panel,32,0.017241379310344827,23,0.19827586206896552,1625,65.0,1,0,46,32,8,16,"{""Kallax_Shelf_Drawer"": 32}","{""Kallax_Shelf_Drawer"": 1625}",32,1.0,31.75,41.5,53.25,232.0,50.78125,43.91165447164909,116,0.0,0.0,0.0,0.0,3.0,0.27586206896551724,0.6240331403742709
pick up bottom panel,33,0.017780172413793104,29,0.25,1864,74.56,1,0,58,48,20,13,"{""Kallax_Shelf_Drawer"": 33}","{""Kallax_Shelf_Drawer"": 1864}",33,10.0,35.0,53.0,75.0,112.0,56.484848484848484,26.291052991489053,116,0.0,0.0,0.0,0.25,3.0,0.28448275862068967,0.5382928712327298
pick up front panel,13,0.007004310344827586,12,0.10344827586206896,779,31.16,7,0,14,1,0,13,"{""Kallax_Shelf_Drawer"": 13}","{""Kallax_Shelf_Drawer"": 779}",13,10.0,34.0,46.0,75.0,149.0,59.92307692307692,39.63382692456521,116,0.0,0.0,0.0,0.0,2.0,0.11206896551724138,0.3416882962518347
pick up leg,338,0.18211206896551724,87,0.75,15156,606.24,40,0,894,950,308,19,"{""Lack_Coffee_Table"": 109, ""Lack_Side_Table"": 114, ""Lack_TV_Bench"": 115}","{""Lack_Coffee_Table"": 5351, ""Lack_Side_Table"": 4219, ""Lack_TV_Bench"": 5586}",338,4.0,28.0,37.0,51.0,351.0,44.84023668639053,30.792653237990127,116,0.0,1.5,4.0,4.0,5.0,2.913793103448276,1.7348803273705264
pick up pin,45,0.024245689655172414,27,0.23275862068965517,2152,86.08,0,0,70,58,18,13,"{""Kallax_Shelf_Drawer"": 45}","{""Kallax_Shelf_Drawer"": 2152}",45,20.0,27.0,36.0,47.0,278.0,47.82222222222222,45.33984702659529,116,0.0,0.0,0.0,0.0,3.0,0.3879310344827586,0.7516826151138838
pick up shelf,57,0.030711206896551723,54,0.46551724137931033,5164,206.56,0,1,265,277,83,6,"{""Lack_Coffee_Table"": 28, ""Lack_TV_Bench"": 29}","{""Lack_Coffee_Table"": 2722, ""Lack_TV_Bench"": 2442}",57,29.0,58.0,80.0,110.0,270.0,90.59649122807018,47.36082460205655,116,0.0,0.0,0.0,1.0,2.0,0.49137931034482757,0.5492265667653957
pick up side panel,65,0.03502155172413793,29,0.25,3532,141.28,16,0,125,96,38,32,"{""Kallax_Shelf_Drawer"": 65}","{""Kallax_Shelf_Drawer"": 3532}",65,18.0,32.0,46.0,56.0,196.0,54.33846153846154,35.71178513646631,116,0.0,0.0,0.0,0.25,6.0,0.5603448275862069,1.0690697946914047
pick up table top,8,0.004310344827586207,8,0.06896551724137931,628,25.12,7,0,8,0,0,8,"{""Lack_Side_Table"": 5, ""Lack_TV_Bench"": 3}","{""Lack_Side_Table"": 393, ""Lack_TV_Bench"": 235}",8,21.0,63.25,74.0,95.25,143.0,78.5,32.79481666361317,116,0.0,0.0,0.0,0.0,1.0,0.06896551724137931,0.2533954906327426
position the drawer right side up,20,0.010775862068965518,20,0.1724137931034483,1900,76.0,0,18,30,21,11,9,"{""Kallax_Shelf_Drawer"": 20}","{""Kallax_Shelf_Drawer"": 1900}",20,36.0,67.5,84.5,123.25,210.0,95.0,41.74086726458855,116,0.0,0.0,0.0,0.0,1.0,0.1724137931034483,0.37773969483114905
push table,4,0.0021551724137931034,4,0.034482758620689655,105,4.2,0,0,4,0,0,4,"{""Lack_Side_Table"": 1, ""Lack_TV_Bench"": 3}","{""Lack_Side_Table"": 19, ""Lack_TV_Bench"": 86}",4,15.0,18.0,22.5,30.75,45.0,26.25,11.519006033508273,116,0.0,0.0,0.0,0.0,1.0,0.034482758620689655,0.18246560765962694
push table top,1,0.0005387931034482759,1,0.008620689655172414,109,4.36,1,0,8,9,0,1,"{""Lack_Coffee_Table"": 1}","{""Lack_Coffee_Table"": 109}",1,109.0,109.0,109.0,109.0,109.0,109.0,0.0,116,0.0,0.0,0.0,0.0,1.0,0.008620689655172414,0.0924465973686518
rotate table,61,0.03286637931034483,34,0.29310344827586204,3477,139.08,2,2,203,194,42,22,"{""Lack_Coffee_Table"": 15, ""Lack_Side_Table"": 36, ""Lack_TV_Bench"": 10}","{""Lack_Coffee_Table"": 846, ""Lack_Side_Table"": 2049, ""Lack_TV_Bench"": 582}",61,3.0,23.0,51.0,87.0,176.0,57.0,38.214665453693364,116,0.0,0.0,0.0,1.0,5.0,0.5258620689655172,0.9953443945357057
slide bottom of drawer,32,0.017241379310344827,29,0.25,7364,294.56,0,0,55,46,25,12,"{""Kallax_Shelf_Drawer"": 32}","{""Kallax_Shelf_Drawer"": 7364}",32,74.0,165.75,205.0,250.25,814.0,230.125,134.0050721987791,116,0.0,0.0,0.0,0.25,2.0,0.27586206896551724,0.5014841231809996
spin leg,362,0.19504310344827586,87,0.75,141091,5643.64,1,0,1078,1137,531,1,"{""Lack_Coffee_Table"": 117, ""Lack_Side_Table"": 128, ""Lack_TV_Bench"": 117}","{""Lack_Coffee_Table"": 45633, ""Lack_Side_Table"": 49746, ""Lack_TV_Bench"": 45712}",362,14.0,306.25,378.0,457.75,1039.0,389.75414364640886,135.67648308730844,116,0.0,2.25,4.0,4.0,8.0,3.1206896551724137,1.880733406165105
tighten leg,85,0.045797413793103446,41,0.35344827586206895,7808,312.32,0,2,375,394,55,33,"{""Lack_Coffee_Table"": 26, ""Lack_Side_Table"": 26, ""Lack_TV_Bench"": 33}","{""Lack_Coffee_Table"": 2383, ""Lack_Side_Table"": 2136, ""Lack_TV_Bench"": 3289}",85,3.0,45.0,75.0,115.0,661.0,91.85882352941177,82.97060470838296,116,0.0,0.0,0.0,1.0,5.0,0.7327586206896551,1.1988339062770443
