case_id,case_name,process_group,retained_event_count,distinct_activities,repeat_events_after_first_occurrence,activities_occurring_more_than_once,adjacent_equal_activity_pairs,recording_frames,recording_seconds,retained_event_frames,retained_event_seconds,retained_span_frames,retained_span_seconds,uncovered_na_frames,removed_na_segments,original_segments_in_this_retained_case,first_activity,last_activity,gt_insertions,gt_original_top3_retained,top1_correct_segments,top1_segment_agreement,frames_in_top1_correct_segments,duration_weighted_segment_agreement,recorded_upstream_correct_non_na_frames,activity_counts,event_duration_frames_count,event_duration_frames_minimum,event_duration_frames_q1,event_duration_frames_median,event_duration_frames_q3,event_duration_frames_maximum,event_duration_frames_mean,event_duration_frames_population_sd
0,Lack_TV_Bench/0025_black_table_04_02_2019_08_20_13_48,Lack_TV_Bench,22,10,12,4,0,3249,129.96,2894,115.76,3153,126.12,355,12,34,flip table top,other,3,19,16,0.7272727272727273,2601,0.8987560469937802,2566,"{""align leg screw with table thread"": 4, ""attach shelf to table"": 1, ""flip table"": 1, ""flip table top"": 1, ""other"": 3, ""pick up leg"": 4, ""pick up shelf"": 1, ""rotate table"": 1, ""spin leg"": 5, ""tighten leg"": 1}",22,10.0,28.5,43.5,200.0,457.0,131.54545454545453,149.80099746989404
1,Lack_TV_Bench/0008_black_floor_08_04_2019_08_28_11_26,Lack_TV_Bench,13,6,7,3,0,2588,103.52,1984,79.36,2347,93.88,604,10,23,pick up leg,attach shelf to table,1,12,8,0.6153846153846154,1757,0.8855846774193549,1450,"{""attach shelf to table"": 1, ""flip table"": 1, ""pick up leg"": 4, ""pick up shelf"": 1, ""spin leg"": 4, ""tighten leg"": 2}",13,16.0,39.0,69.0,267.0,484.0,152.6153846153846,147.70945413289118
10,Lack_TV_Bench/0022_white_floor_05_02_2019_08_19_15_49,Lack_TV_Bench,14,5,9,3,0,4530,181.2,3936,157.44,4432,177.28,594,5,19,pick up leg,attach shelf to table,1,13,12,0.8571428571428571,3700,0.9400406504065041,3203,"{""align leg screw with table thread"": 4, ""attach shelf to table"": 1, ""flip table"": 1, ""pick up leg"": 4, ""spin leg"": 4}",14,17.0,96.5,138.0,538.0,866.0,281.14285714285717,269.5744946452934
100,Kallax_Shelf_Drawer/0029_black_table_04_02_2019_08_20_11_37,Kallax_Shelf_Drawer,17,12,5,5,0,1915,76.6,1682,67.28,1856,74.24,233,8,25,pick up front panel,position the drawer right side up,2,15,12,0.7058823529411765,1416,0.8418549346016647,962,"{""align side panel holes with front panel dowels"": 2, ""attach drawer back panel"": 1, ""attach drawer side panel"": 2, ""insert drawer pin"": 2, ""lay down front panel"": 1, ""pick up back panel"": 1, ""pick up bottom panel"": 1, ""pick up front panel"": 1, ""pick up pin"": 2, ""pick up side panel"": 2, ""position the drawer right side up"": 1, ""slide bottom of drawer"": 1}",17,25.0,39.0,53.0,97.0,459.0,98.94117647058823,105.47900297786357
101,Kallax_Shelf_Drawer/0005_black_floor_08_04_2019_08_28_11_22,Kallax_Shelf_Drawer,10,8,2,2,0,1366,54.64,558,22.32,1162,46.48,808,11,21,lay down front panel,position the drawer right side up,10,0,0,0.0,0,0.0,0,"{""align side panel holes with front panel dowels"": 2, ""attach drawer back panel"": 1, ""insert drawer pin"": 1, ""lay down front panel"": 1, ""pick up bottom panel"": 1, ""pick up side panel"": 2, ""position the drawer right side up"": 1, ""slide bottom of drawer"": 1}",10,11.0,24.5,46.0,73.25,130.0,55.8,38.01262948021355
102,Kallax_Shelf_Drawer/0001_oak_floor_05_02_2019_08_19_16_54,Kallax_Shelf_Drawer,13,9,4,4,0,1042,41.68,821,32.84,927,37.08,221,12,25,pick up side panel,position the drawer right side up,3,10,9,0.6923076923076923,599,0.7295980511571255,493,"{""attach drawer back panel"": 1, ""attach drawer side panel"": 2, ""insert drawer pin"": 2, ""pick up back panel"": 1, ""pick up bottom panel"": 1, ""pick up pin"": 2, ""pick up side panel"": 2, ""position the drawer right side up"": 1, ""slide bottom of drawer"": 1}",13,22.0,32.0,37.0,86.0,167.0,63.15384615384615,44.24728788532807
103,Kallax_Shelf_Drawer/0014_black_floor_05_02_2019_08_19_12_46,Kallax_Shelf_Drawer,17,13,4,4,0,1542,61.68,1370,54.8,1445,57.8,172,4,21,pick up front panel,position the drawer right side up,6,11,9,0.5294117647058824,929,0.6781021897810219,581,"{""align side panel holes with front panel dowels"": 2, ""attach drawer back panel"": 1, ""attach drawer side panel"": 2, ""insert drawer pin"": 1, ""lay down front panel"": 1, ""other"": 1, ""pick up back panel"": 1, ""pick up bottom panel"": 1, ""pick up front panel"": 1, ""pick up pin"": 2, ""pick up side panel"": 2, ""position the drawer right side up"": 1, ""slide bottom of drawer"": 1}",17,10.0,35.0,69.0,92.0,300.0,80.58823529411765,70.36966159756918
104,Kallax_Shelf_Drawer/0004_white_floor_08_04_2019_08_28_10_58,Kallax_Shelf_Drawer,15,10,5,5,0,1055,42.2,948,37.92,948,37.92,107,2,17,pick up side panel,position the drawer right side up,15,0,0,0.0,0,0.0,0,"{""align side panel holes with front panel dowels"": 2, ""attach drawer back panel"": 1, ""attach drawer side panel"": 2, ""insert drawer pin"": 2, ""pick up back panel"": 1, ""pick up bottom panel"": 1, ""pick up pin"": 2, ""pick up side panel"": 2, ""position the drawer right side up"": 1, ""slide bottom of drawer"": 1}",15,20.0,35.0,48.0,79.5,168.0,63.2,40.58604029302029
105,Kallax_Shelf_Drawer/0002_black_floor_05_02_2019_08_19_17_50,Kallax_Shelf_Drawer,16,11,5,5,0,1324,52.96,962,38.48,1067,42.68,362,7,23,pick up side panel,position the drawer right side up,2,14,11,0.6875,669,0.6954261954261954,568,"{""align side panel holes with front panel dowels"": 2, ""attach drawer back panel"": 1, ""attach drawer side panel"": 2, ""insert drawer pin"": 2, ""other"": 1, ""pick up back panel"": 1, ""pick up bottom panel"": 1, ""pick up pin"": 2, ""pick up side panel"": 2, ""position the drawer right side up"": 1, ""slide bottom of drawer"": 1}",16,27.0,32.0,41.5,61.75,249.0,60.125,52.8546059960719
106,Kallax_Shelf_Drawer/0041_oak_floor_08_04_2019_08_28_12_24,Kallax_Shelf_Drawer,15,11,4,4,0,1449,57.96,1106,44.24,1353,54.12,343,10,25,pick up front panel,position the drawer right side up,14,1,0,0.0,0,0.0,0,"{""align side panel holes with front panel dowels"": 2, ""attach drawer side panel"": 2, ""insert drawer pin"": 1, ""lay down front panel"": 1, ""pick up back panel"": 1, ""pick up bottom panel"": 1, ""pick up front panel"": 1, ""pick up pin"": 1, ""pick up side panel"": 2, ""position the drawer right side up"": 1, ""slide bottom of drawer"": 2}",15,9.0,28.0,37.0,113.5,242.0,73.73333333333333,66.00047137878806
107,Kallax_Shelf_Drawer/0020_oak_floor_05_02_2019_08_19_12_58,Kallax_Shelf_Drawer,12,9,3,3,0,1341,53.64,1171,46.84,1188,47.52,170,3,15,attach drawer side panel,lay down bottom panel,4,8,4,0.3333333333333333,518,0.44235695986336465,162,"{""attach drawer back panel"": 1, ""attach drawer side panel"": 2, ""insert drawer pin"": 2, ""lay down bottom panel"": 1, ""pick up back panel"": 1, ""pick up bottom panel"": 1, ""pick up pin"": 2, ""pick up side panel"": 1, ""slide bottom of drawer"": 1}",12,18.0,35.75,51.0,149.25,263.0,97.58333333333333,85.58763377705658
108,Kallax_Shelf_Drawer/0021_white_floor_05_02_2019_08_19_13_15,Kallax_Shelf_Drawer,16,9,7,4,0,2763,110.52,2612,104.48,2624,104.96,151,3,19,pick up side panel,position the drawer right side up,5,11,3,0.1875,1372,0.5252679938744257,874,"{""attach drawer back panel"": 1, ""attach drawer side panel"": 4, ""insert drawer pin"": 2, ""other"": 1, ""pick up bottom panel"": 1, ""pick up pin"": 2, ""pick up side panel"": 3, ""position the drawer right side up"": 1, ""slide bottom of drawer"": 1}",16,28.0,41.25,65.0,164.5,1119.0,163.25,262.57891670886295
109,Kallax_Shelf_Drawer/0008_black_floor_08_04_2019_08_28_11_49,Kallax_Shelf_Drawer,12,9,3,3,0,2102,84.08,1672,66.88,1900,76.0,430,4,16,pick up bottom panel,insert drawer pin,11,1,0,0.0,0,0.0,0,"{""align side panel holes with front panel dowels"": 1, ""attach drawer side panel"": 2, ""insert drawer pin"": 1, ""lay down bottom panel"": 1, ""pick up bottom panel"": 2, ""pick up front panel"": 1, ""pick up pin"": 1, ""pick up side panel"": 2, ""slide bottom of drawer"": 1}",12,14.0,39.25,65.5,197.0,598.0,139.33333333333334,158.63234922997964
11,Lack_TV_Bench/0020_black_floor_05_02_2019_08_19_12_51,Lack_TV_Bench,15,6,9,3,0,2692,107.68,2469,98.76,2541,101.64,223,3,18,pick up leg,attach shelf to table,2,13,11,0.7333333333333333,2198,0.8902389631429729,1708,"{""align leg screw with table thread"": 4, ""attach shelf to table"": 1, ""flip table"": 1, ""pick up leg"": 4, ""pick up shelf"": 1, ""spin leg"": 4}",15,35.0,67.0,72.0,312.0,415.0,164.6,138.48263429036868
110,Kallax_Shelf_Drawer/0012_white_table_04_02_2019_08_20_11_52,Kallax_Shelf_Drawer,16,11,5,4,0,2971,118.84,2544,101.76,2786,111.44,427,6,22,pick up back panel,position the drawer right side up,4,12,8,0.5,1650,0.6485849056603774,1136,"{""align side panel holes with front panel dowels"": 2, ""attach drawer back panel"": 1, ""attach drawer side panel"": 2, ""insert drawer pin"": 1, ""pick up back panel"": 2, ""pick up bottom panel"": 1, ""pick up front panel"": 1, ""pick up pin"": 1, ""pick up side panel"": 3, ""position the drawer right side up"": 1, ""slide bottom of drawer"": 1}",16,1.0,75.0,138.0,215.5,551.0,159.0,127.87200631881866
111,Kallax_Shelf_Drawer/0030_oak_table_04_02_2019_08_20_12_14,Kallax_Shelf_Drawer,13,10,3,3,0,1138,45.52,999,39.96,1067,42.68,139,3,16,pick up side panel,position the drawer right side up,6,7,7,0.5384615384615384,624,0.6246246246246246,333,"{""align side panel holes with front panel dowels"": 2, ""attach drawer back panel"": 1, ""attach drawer side panel"": 2, ""insert drawer pin"": 1, ""pick up back panel"": 1, ""pick up bottom panel"": 1, ""pick up pin"": 1, ""pick up side panel"": 2, ""position the drawer right side up"": 1, ""slide bottom of drawer"": 1}",13,29.0,35.0,52.0,141.0,143.0,76.84615384615384,46.39105708555037
112,Kallax_Shelf_Drawer/0025_black_table_04_02_2019_08_20_13_51,Kallax_Shelf_Drawer,11,9,2,2,0,1097,43.88,964,38.56,1010,40.4,133,5,16,pick up side panel,lay down bottom panel,3,8,5,0.45454545454545453,586,0.6078838174273858,395,"{""attach drawer back panel"": 1, ""attach drawer side panel"": 2, ""insert drawer pin"": 1, ""lay down bottom panel"": 1, ""pick up back panel"": 1, ""pick up bottom panel"": 1, ""pick up pin"": 1, ""pick up side panel"": 2, ""slide bottom of drawer"": 1}",11,26.0,60.5,85.0,105.5,201.0,87.63636363636364,44.368852152408834
113,Kallax_Shelf_Drawer/0014_black_floor_08_04_2019_08_28_11_12,Kallax_Shelf_Drawer,22,10,12,8,0,3196,127.84,2536,101.44,2980,119.2,660,14,36,pick up side panel,insert drawer pin,22,0,0,0.0,0,0.0,0,"{""align side panel holes with front panel dowels"": 4, ""attach drawer back panel"": 2, ""attach drawer side panel"": 2, ""insert drawer pin"": 2, ""other"": 1, ""pick up back panel"": 2, ""pick up bottom panel"": 2, ""pick up side panel"": 4, ""position the drawer right side up"": 1, ""slide bottom of drawer"": 2}",22,10.0,30.0,65.0,150.0,692.0,115.27272727272727,143.01595010162703
114,Kallax_Shelf_Drawer/0028_white_table_04_02_2019_08_20_10_56,Kallax_Shelf_Drawer,15,10,5,5,0,1725,69.0,1615,64.6,1615,64.6,110,2,17,pick up side panel,position the drawer right side up,1,14,11,0.7333333333333333,1255,0.7770897832817337,749,"{""align side panel holes with front panel dowels"": 2, ""attach drawer back panel"": 1, ""attach drawer side panel"": 2, ""insert drawer pin"": 2, ""pick up back panel"": 1, ""pick up bottom panel"": 1, ""pick up pin"": 2, ""pick up side panel"": 2, ""position the drawer right side up"": 1, ""slide bottom of drawer"": 1}",15,20.0,37.5,55.0,72.5,738.0,107.66666666666667,173.3046130052195
115,Kallax_Shelf_Drawer/0039_white_floor_08_04_2019_08_28_10_41,Kallax_Shelf_Drawer,18,11,7,6,0,1694,67.76,1529,61.16,1616,64.64,165,6,24,pick up side panel,position the drawer right side up,17,1,0,0.0,0,0.0,0,"{""align side panel holes with front panel dowels"": 2, ""attach drawer back panel"": 1, ""attach drawer side panel"": 2, ""insert drawer pin"": 2, ""pick up back panel"": 2, ""pick up bottom panel"": 1, ""pick up front panel"": 1, ""pick up pin"": 2, ""pick up side panel"": 3, ""position the drawer right side up"": 1, ""slide bottom of drawer"": 1}",18,20.0,38.0,59.5,103.25,290.0,84.94444444444444,67.14534171169468
116,Kallax_Shelf_Drawer/0023_black_floor_05_02_2019_08_19_16_20,Kallax_Shelf_Drawer,13,9,4,4,0,2183,87.32,1509,60.36,2064,82.56,674,12,25,pick up side panel,lay down bottom panel,1,12,9,0.6923076923076923,1278,0.8469184890656064,1136,"{""attach drawer back panel"": 1, ""attach drawer side panel"": 2, ""insert drawer pin"": 2, ""lay down bottom panel"": 1, ""pick up back panel"": 1, ""pick up bottom panel"": 1, ""pick up pin"": 2, ""pick up side panel"": 2, ""slide bottom of drawer"": 1}",13,31.0,45.0,61.0,114.0,462.0,116.07692307692308,121.24702155800112
12,Lack_TV_Bench/0029_black_table_04_02_2019_08_20_11_30,Lack_TV_Bench,17,8,9,4,0,3062,122.48,2878,115.12,2967,118.68,184,4,21,flip table top,other,1,16,14,0.8235294117647058,2621,0.9107018763029882,2391,"{""align leg screw with table thread"": 4, ""attach shelf to table"": 1, ""flip table"": 1, ""flip table top"": 1, ""other"": 2, ""pick up leg"": 3, ""pick up shelf"": 1, ""spin leg"": 4}",17,26.0,49.0,58.0,286.0,438.0,169.2941176470588,156.6445075005945
13,Lack_TV_Bench/0024_white_table_04_02_2019_08_20_11_15,Lack_TV_Bench,14,6,8,3,0,2335,93.4,2011,80.44,2233,89.32,324,12,26,pick up leg,attach shelf to table,0,14,11,0.7857142857142857,1972,0.9806066633515664,1883,"{""align leg screw with table thread"": 3, ""attach shelf to table"": 1, ""flip table"": 1, ""pick up leg"": 4, ""pick up shelf"": 1, ""spin leg"": 4}",14,6.0,27.0,47.0,265.75,460.0,143.64285714285714,158.56121266963527
14,Lack_TV_Bench/0014_white_floor_05_02_2019_08_19_12_37,Lack_TV_Bench,16,7,9,3,0,2590,103.6,2185,87.4,2287,91.48,405,9,25,pick up leg,attach shelf to table,1,15,12,0.75,1799,0.8233409610983982,1169,"{""align leg screw with table thread"": 4, ""attach shelf to table"": 1, ""flip table"": 1, ""pick up leg"": 4, ""pick up shelf"": 1, ""spin leg"": 4, ""tighten leg"": 1}",16,24.0,36.0,56.0,220.5,399.0,136.5625,128.77158496248308
15,Lack_TV_Bench/0007_white_floor_08_04_2019_08_28_10_47,Lack_TV_Bench,20,8,12,4,0,2079,83.16,1718,68.72,1931,77.24,361,11,31,pick up leg,attach shelf to table,3,17,14,0.7,1357,0.789871944121071,1270,"{""align leg screw with table thread"": 4, ""attach shelf to table"": 1, ""flip table"": 1, ""pick up leg"": 4, ""pick up shelf"": 1, ""push table"": 1, ""spin leg"": 4, ""tighten leg"": 4}",20,17.0,25.0,35.5,122.0,294.0,85.9,90.79531926261397
16,Lack_TV_Bench/0030_white_table_04_02_2019_08_20_12_08,Lack_TV_Bench,11,7,4,2,0,2678,107.12,2050,82.0,2545,101.8,628,6,17,flip table top,attach shelf to table,0,11,7,0.6363636363636364,1447,0.7058536585365853,1445,"{""attach shelf to table"": 1, ""flip table"": 1, ""flip table top"": 1, ""pick up leg"": 3, ""pick up shelf"": 1, ""spin leg"": 3, ""tighten leg"": 1}",11,48.0,86.5,123.0,281.5,372.0,186.36363636363637,116.26245601089782
17,Lack_TV_Bench/0021_white_floor_05_02_2019_08_19_13_08,Lack_TV_Bench,20,9,11,5,0,2909,116.36,2909,116.36,2909,116.36,0,0,20,other,other,5,15,10,0.5,2087,0.7174286696459264,1709,"{""align leg screw with table thread"": 4, ""attach shelf to table"": 1, ""flip table"": 1, ""other"": 2, ""pick up leg"": 4, ""pick up shelf"": 1, ""push table"": 1, ""spin leg"": 4, ""tighten leg"": 2}",20,15.0,62.0,95.0,237.0,389.0,145.45,110.69438784328679
18,Lack_TV_Bench/0039_white_floor_08_04_2019_08_28_10_38,Lack_TV_Bench,21,9,12,4,0,2236,89.44,1850,74.0,2084,83.36,386,14,35,flip table top,rotate table,4,17,8,0.38095238095238093,849,0.4589189189189189,864,"{""align leg screw with table thread"": 4, ""attach shelf to table"": 1, ""flip table"": 1, ""flip table top"": 1, ""pick up leg"": 4, ""pick up shelf"": 1, ""rotate table"": 1, ""spin leg"": 4, ""tighten leg"": 4}",21,13.0,22.0,56.0,108.0,260.0,88.0952380952381,85.43608291019989
19,Lack_TV_Bench/0028_black_table_04_02_2019_08_20_11_05,Lack_TV_Bench,18,7,11,3,0,3615,144.6,3278,131.12,3440,137.6,337,8,26,pick up table top,attach shelf to table,1,17,16,0.8888888888888888,3120,0.9517998779743746,2617,"{""align leg screw with table thread"": 4, ""attach shelf to table"": 1, ""flip table"": 1, ""pick up leg"": 5, ""pick up shelf"": 1, ""pick up table top"": 1, ""spin leg"": 5}",18,6.0,33.5,63.5,227.5,711.0,182.11111111111111,224.76577657861452
2,Lack_TV_Bench/0006_black_floor_05_02_2019_08_19_16_26,Lack_TV_Bench,17,8,9,3,0,2927,117.08,2849,113.96,2849,113.96,78,1,18,other,attach shelf to table,1,16,14,0.8235294117647058,2704,0.9491049491049491,2425,"{""align leg screw with table thread"": 4, ""attach shelf to table"": 1, ""flip table"": 1, ""other"": 1, ""pick up leg"": 4, ""pick up shelf"": 1, ""spin leg"": 4, ""tighten leg"": 1}",17,29.0,56.0,83.0,309.0,457.0,167.58823529411765,149.41850378502792
20,Lack_TV_Bench/0041_black_floor_08_04_2019_08_28_12_18,Lack_TV_Bench,18,8,10,4,0,2535,101.4,2344,93.76,2412,96.48,191,5,23,flip table top,attach shelf to table,1,17,11,0.6111111111111112,1886,0.8046075085324232,1702,"{""align leg screw with table thread"": 4, ""attach shelf to table"": 1, ""flip table"": 1, ""flip table top"": 1, ""pick up leg"": 3, ""pick up shelf"": 1, ""spin leg"": 4, ""tighten leg"": 3}",18,27.0,41.25,79.5,185.0,434.0,130.22222222222223,118.62150617992954
21,Lack_TV_Bench/0001_black_floor_05_02_2019_08_19_16_48,Lack_TV_Bench,16,7,9,3,0,2834,113.36,2765,110.6,2765,110.6,69,2,18,pick up leg,attach shelf to table,0,16,14,0.875,2628,0.9504520795660036,2057,"{""align leg screw with table thread"": 4, ""attach shelf to table"": 1, ""flip table"": 1, ""pick up leg"": 4, ""pick up shelf"": 1, ""rotate table"": 1, ""spin leg"": 4}",16,39.0,53.0,70.5,293.0,516.0,172.8125,171.13014738423502
22,Lack_TV_Bench/0012_white_table_04_02_2019_08_20_11_45,Lack_TV_Bench,16,8,8,3,0,3529,141.16,3525,141.0,3525,141.0,4,1,17,flip table top,attach shelf to table,1,15,15,0.9375,3480,0.9872340425531915,2921,"{""align leg screw with table thread"": 3, ""attach shelf to table"": 1, ""flip shelf"": 1, ""flip table"": 1, ""flip table top"": 1, ""pick up leg"": 4, ""pick up shelf"": 1, ""spin leg"": 4}",16,32.0,58.75,96.5,396.5,562.0,220.3125,200.43007469875872
23,Lack_TV_Bench/0024_white_floor_05_02_2019_08_19_17_01,Lack_TV_Bench,15,6,9,3,0,2457,98.28,2130,85.2,2300,92.0,327,8,23,pick up leg,attach shelf to table,0,15,14,0.9333333333333333,2095,0.9835680751173709,1570,"{""align leg screw with table thread"": 4, ""attach shelf to table"": 1, ""flip table"": 1, ""pick up leg"": 4, ""pick up shelf"": 1, ""spin leg"": 4}",15,10.0,31.5,81.0,287.5,338.0,142.0,125.8210369267927
24,Lack_TV_Bench/0025_white_floor_05_02_2019_08_19_17_14,Lack_TV_Bench,19,8,11,5,0,3173,126.92,2872,114.88,3046,121.84,301,9,28,flip table top,attach shelf to table,2,17,15,0.7894736842105263,2504,0.871866295264624,2114,"{""align leg screw with table thread"": 4, ""attach shelf to table"": 2, ""flip table"": 1, ""flip table top"": 1, ""pick up leg"": 4, ""pick up shelf"": 2, ""spin leg"": 4, ""tighten leg"": 1}",19,28.0,40.0,58.0,176.0,525.0,151.1578947368421,157.88112222005074
25,Lack_TV_Bench/0002_black_floor_05_02_2019_08_19_17_43,Lack_TV_Bench,17,9,8,3,0,2669,106.76,2317,92.68,2547,101.88,352,12,29,flip table top,attach shelf to table,1,16,15,0.8823529411764706,2086,0.9003021148036254,1781,"{""align leg screw with table thread"": 3, ""attach shelf to table"": 1, ""flip table"": 1, ""flip table top"": 1, ""pick up leg"": 4, ""pick up shelf"": 1, ""rotate table"": 1, ""spin leg"": 4, ""tighten leg"": 1}",17,3.0,27.0,102.0,194.0,385.0,136.2941176470588,128.4448907718712
26,Lack_TV_Bench/0006_black_table_04_02_2019_08_20_12_00,Lack_TV_Bench,19,8,11,4,0,4430,177.2,4152,166.08,4369,174.76,278,11,30,flip table top,attach shelf to table,2,17,14,0.7368421052631579,3214,0.7740847784200385,2956,"{""align leg screw with table thread"": 4, ""attach shelf to table"": 1, ""flip table"": 1, ""flip table top"": 1, ""pick up leg"": 4, ""pick up shelf"": 1, ""spin leg"": 4, ""tighten leg"": 3}",19,28.0,51.0,74.0,414.5,824.0,218.52631578947367,237.32575179565737
27,Lack_TV_Bench/0027_white_table_04_02_2019_08_20_10_43,Lack_TV_Bench,15,6,9,3,0,3232,129.28,3036,121.44,3166,126.64,196,8,23,pick up leg,attach shelf to table,0,15,11,0.7333333333333333,2888,0.9512516469038208,2746,"{""align leg screw with table thread"": 4, ""attach shelf to table"": 1, ""flip table"": 1, ""pick up leg"": 4, ""pick up shelf"": 1, ""spin leg"": 4}",15,29.0,33.0,45.0,418.0,639.0,202.4,217.93295605147316
28,Lack_TV_Bench/0023_black_floor_05_02_2019_08_19_16_11,Lack_TV_Bench,16,7,9,4,0,3637,145.48,3322,132.88,3472,138.88,315,6,22,pick up leg,attach shelf to table,0,16,13,0.8125,3096,0.9319686935580975,2833,"{""align leg screw with table thread"": 3, ""attach shelf to table"": 1, ""flip table"": 1, ""pick up leg"": 4, ""pick up shelf"": 1, ""spin leg"": 4, ""tighten leg"": 2}",16,24.0,62.0,87.5,398.25,720.0,207.625,212.78330379754894
29,Lack_Coffee_Table/0039_white_floor_08_04_2019_08_28_10_35,Lack_Coffee_Table,21,10,11,4,0,2944,117.76,2617,104.68,2731,109.24,327,12,33,pick up leg,attach shelf to table,6,15,10,0.47619047619047616,1791,0.684371417653802,1261,"{""align leg screw with table thread"": 4, ""attach shelf to table"": 1, ""flip shelf"": 2, ""flip table"": 1, ""flip table top"": 1, ""lay down leg"": 1, ""lay down shelf"": 1, ""pick up leg"": 5, ""pick up shelf"": 1, ""spin leg"": 4}",21,20.0,35.0,69.0,167.0,448.0,124.61904761904762,128.13849508599083
3,Lack_TV_Bench/0040_white_floor_08_04_2019_08_28_11_55,Lack_TV_Bench,19,9,10,3,0,3948,157.92,3446,137.84,3732,149.28,502,4,23,pick up table top,attach shelf to table,3,16,11,0.5789473684210527,2436,0.7069065583284968,2004,"{""align leg screw with table thread"": 5, ""attach shelf to table"": 1, ""flip table"": 1, ""flip table top"": 1, ""lay down table top"": 1, ""pick up leg"": 4, ""pick up shelf"": 1, ""pick up table top"": 1, ""spin leg"": 4}",19,45.0,80.0,136.0,266.5,463.0,181.3684210526316,130.90221763483402
30,Lack_Coffee_Table/0004_white_floor_08_04_2019_08_28_11_04,Lack_Coffee_Table,12,6,6,2,0,3300,132.0,2637,105.48,3138,125.52,663,4,16,flip table top,attach shelf to table,2,10,8,0.6666666666666666,2234,0.8471748198710656,1764,"{""attach shelf to table"": 1, ""flip table"": 1, ""flip table top"": 1, ""pick up leg"": 4, ""pick up shelf"": 1, ""spin leg"": 4}",12,63.0,98.75,153.0,326.0,497.0,219.75,142.52258592938875
31,Lack_Coffee_Table/0012_black_table_04_02_2019_08_20_11_49,Lack_Coffee_Table,17,8,9,3,0,3928,157.12,3858,154.32,3863,154.52,70,2,19,flip table top,attach shelf to table,2,15,12,0.7058823529411765,2863,0.7420943494038362,2553,"{""align leg screw with table thread"": 4, ""attach shelf to table"": 1, ""flip table"": 1, ""flip table top"": 1, ""pick up leg"": 4, ""pick up shelf"": 1, ""spin leg"": 4, ""tighten leg"": 1}",17,35.0,60.0,90.0,475.0,671.0,226.94117647058823,217.938056657832
32,Lack_Coffee_Table/0021_oak_floor_05_02_2019_08_19_13_11,Lack_Coffee_Table,15,6,9,3,0,3186,127.44,2971,118.84,3060,122.4,215,3,18,pick up leg,attach shelf to table,0,15,12,0.8,2851,0.9596095590710199,2362,"{""align leg screw with table thread"": 4, ""attach shelf to table"": 1, ""flip table"": 1, ""pick up leg"": 4, ""pick up shelf"": 1, ""spin leg"": 4}",15,8.0,54.5,134.0,347.0,587.0,198.06666666666666,180.35796504605932
33,Lack_Coffee_Table/0008_black_floor_08_04_2019_08_28_11_29,Lack_Coffee_Table,12,5,7,3,0,3455,138.2,2558,102.32,2918,116.72,897,6,18,pick up leg,attach shelf to table,3,9,7,0.5833333333333334,2021,0.7900703674745895,1429,"{""attach shelf to table"": 1, ""flip table"": 1, ""pick up leg"": 3, ""rotate table"": 3, ""spin leg"": 4}",12,40.0,78.0,182.5,238.0,867.0,213.16666666666666,216.78362228011804
34,Lack_Coffee_Table/0025_oak_floor_05_02_2019_08_19_17_17,Lack_Coffee_Table,16,7,9,4,0,3869,154.76,2981,119.24,3736,149.44,888,17,33,flip table top,attach shelf to table,1,15,14,0.875,2655,0.8906407245890641,2437,"{""attach shelf to table"": 1, ""flip table"": 3, ""flip table top"": 1, ""pick up leg"": 4, ""pick up shelf"": 2, ""spin leg"": 4, ""tighten leg"": 1}",16,10.0,81.5,135.5,300.75,513.0,186.3125,151.4020800509359
35,Lack_Coffee_Table/0021_black_table_04_02_2019_08_20_13_54,Lack_Coffee_Table,19,7,12,4,0,3211,128.44,2872,114.88,3154,126.16,339,9,28,pick up leg,attach shelf to table,1,18,14,0.7368421052631579,2420,0.8426183844011143,2142,"{""align leg screw with table thread"": 4, ""attach shelf to table"": 1, ""flip table"": 1, ""pick up leg"": 4, ""pick up shelf"": 1, ""spin leg"": 5, ""tighten leg"": 3}",19,29.0,40.5,85.0,227.0,621.0,151.1578947368421,154.08994747016217
36,Lack_Coffee_Table/0023_black_floor_05_02_2019_08_19_16_14,Lack_Coffee_Table,16,7,9,3,0,3846,153.84,3259,130.36,3747,149.88,587,7,23,pick up leg,attach shelf to table,1,15,12,0.75,2588,0.794108622276772,2680,"{""align leg screw with table thread"": 4, ""attach shelf to table"": 1, ""flip table"": 1, ""pick up leg"": 4, ""pick up shelf"": 1, ""spin leg"": 4, ""tighten leg"": 1}",16,29.0,37.75,92.5,401.0,577.0,203.6875,202.62703384235283
37,Lack_Coffee_Table/0036_oak_floor_08_04_2019_08_28_12_14,Lack_Coffee_Table,13,6,7,3,0,2356,94.24,2074,82.96,2299,91.96,282,4,17,pick up leg,attach shelf to table,2,11,7,0.5384615384615384,1536,0.7405978784956606,1229,"{""attach shelf to table"": 1, ""flip table"": 1, ""pick up leg"": 4, ""pick up shelf"": 1, ""spin leg"": 4, ""tighten leg"": 2}",13,24.0,60.0,115.0,288.0,327.0,159.53846153846155,114.77979947213667
39,Lack_Coffee_Table/0040_oak_floor_08_04_2019_08_28_11_58,Lack_Coffee_Table,15,7,8,3,0,4247,169.88,3458,138.32,4106,164.24,789,11,26,pick up leg,attach shelf to table,2,13,11,0.7333333333333333,2463,0.7122614227877386,2016,"{""attach shelf to table"": 1, ""flip table"": 1, ""flip table top"": 1, ""pick up leg"": 5, ""pick up shelf"": 1, ""spin leg"": 4, ""tighten leg"": 2}",15,27.0,65.0,195.0,333.0,563.0,230.53333333333333,180.60818241584616
4,Lack_TV_Bench/0006_white_floor_08_04_2019_08_28_12_08,Lack_TV_Bench,15,6,9,3,0,2574,102.96,2097,83.88,2097,83.88,477,2,17,flip table top,pick up shelf,1,14,8,0.5333333333333333,1563,0.7453505007153076,1419,"{""align leg screw with table thread"": 4, ""flip table"": 1, ""flip table top"": 1, ""pick up leg"": 4, ""pick up shelf"": 1, ""spin leg"": 4}",15,20.0,49.0,85.0,219.5,393.0,139.8,120.63675504035521
40,Lack_Coffee_Table/0007_white_floor_08_04_2019_08_28_10_49,Lack_Coffee_Table,16,7,9,3,0,2779,111.16,2469,98.76,2623,104.92,310,6,22,flip table top,attach shelf to table,2,14,13,0.8125,2350,0.9518023491292021,1860,"{""align leg screw with table thread"": 4, ""attach shelf to table"": 1, ""flip table"": 1, ""flip table top"": 1, ""pick up leg"": 4, ""pick up shelf"": 1, ""spin leg"": 4}",16,21.0,38.25,70.5,301.75,552.0,154.3125,157.1144959694999
41,Lack_Coffee_Table/0028_black_table_04_02_2019_08_20_11_01,Lack_Coffee_Table,17,8,9,3,0,3521,140.84,3116,124.64,3427,137.08,405,8,25,flip table top,attach shelf to table,2,15,13,0.7647058823529411,2453,0.787227214377407,2129,"{""align leg screw with table thread"": 4, ""attach shelf to table"": 1, ""flip table"": 1, ""flip table top"": 1, ""lay down shelf"": 1, ""pick up leg"": 4, ""pick up shelf"": 1, ""spin leg"": 4}",17,18.0,36.0,76.0,368.0,561.0,183.2941176470588,186.02712158553098
42,Lack_Coffee_Table/0023_black_table_04_02_2019_08_20_14_06,Lack_Coffee_Table,20,9,11,4,0,4405,176.2,4041,161.64,4332,173.28,364,6,26,flip table top,attach shelf to table,3,17,12,0.6,3081,0.7624350408314774,2695,"{""align leg screw with table thread"": 5, ""attach shelf to table"": 1, ""flip table"": 1, ""flip table top"": 1, ""pick up leg"": 4, ""pick up shelf"": 1, ""rotate table"": 1, ""spin leg"": 4, ""tighten leg"": 2}",20,39.0,49.5,81.5,318.25,729.0,202.05,192.14954462605422
43,Lack_Coffee_Table/0031_oak_table_04_02_2019_08_20_14_23,Lack_Coffee_Table,26,8,18,5,0,2878,115.12,2480,99.2,2738,109.52,398,13,39,pick up leg,attach shelf to table,5,21,15,0.5769230769230769,2121,0.855241935483871,2066,"{""align leg screw with table thread"": 5, ""attach shelf to table"": 1, ""flip table"": 1, ""pick up leg"": 4, ""pick up shelf"": 1, ""rotate table"": 5, ""spin leg"": 4, ""tighten leg"": 5}",26,3.0,14.0,37.5,85.5,406.0,95.38461538461539,128.0381784778626
44,Lack_Coffee_Table/0020_white_floor_05_02_2019_08_19_12_55,Lack_Coffee_Table,16,8,8,4,0,3185,127.4,2741,109.64,2873,114.92,444,5,21,spin leg,attach shelf to table,5,11,10,0.625,2358,0.8602699744618753,1804,"{""align leg screw with table thread"": 3, ""attach shelf to table"": 1, ""flip table"": 1, ""other"": 1, ""pick up leg"": 3, ""pick up shelf"": 1, ""spin leg"": 4, ""tighten leg"": 2}",16,28.0,48.0,83.0,325.25,528.0,171.3125,162.67018732315395
45,Lack_Coffee_Table/0024_oak_floor_05_02_2019_08_19_17_03,Lack_Coffee_Table,16,7,9,3,0,3186,127.44,3065,122.6,3089,123.56,121,5,21,flip table top,attach shelf to table,0,16,13,0.8125,2493,0.8133768352365416,2079,"{""align leg screw with table thread"": 4, ""attach shelf to table"": 1, ""flip table"": 1, ""flip table top"": 1, ""pick up leg"": 4, ""pick up shelf"": 1, ""spin leg"": 4}",16,36.0,52.0,87.5,305.5,795.0,191.5625,204.57790959375356
46,Lack_Coffee_Table/0014_oak_floor_05_02_2019_08_19_12_40,Lack_Coffee_Table,13,6,7,3,0,2603,104.12,2247,89.88,2554,102.16,356,11,24,pick up leg,attach shelf to table,1,12,12,0.9230769230769231,2244,0.9986648865153538,1827,"{""attach shelf to table"": 1, ""flip table"": 1, ""pick up leg"": 4, ""pick up shelf"": 1, ""rotate table"": 2, ""spin leg"": 4}",13,3.0,33.0,66.0,318.0,412.0,172.84615384615384,157.6324088865007
47,Lack_Coffee_Table/0029_white_table_04_02_2019_08_20_11_33,Lack_Coffee_Table,20,9,11,3,2,3706,148.24,3478,139.12,3602,144.08,228,11,31,flip table top,attach shelf to table,0,20,18,0.9,3426,0.9850488786659,2899,"{""align leg screw with table thread"": 4, ""attach shelf to table"": 1, ""flip table"": 1, ""flip table top"": 1, ""pick up leg"": 4, ""pick up shelf"": 1, ""rotate table"": 1, ""spin leg"": 6, ""tighten leg"": 1}",20,9.0,31.75,73.5,296.5,632.0,173.9,186.1740851998473
48,Lack_Coffee_Table/0022_white_floor_05_02_2019_08_19_15_53,Lack_Coffee_Table,11,5,6,3,0,5510,220.4,4395,175.8,4661,186.44,1115,5,16,pick up leg,attach shelf to table,0,11,7,0.6363636363636364,3447,0.7843003412969284,2846,"{""attach shelf to table"": 1, ""flip table"": 1, ""pick up leg"": 3, ""rotate table"": 2, ""spin leg"": 4}",11,42.0,84.0,471.0,618.0,1039.0,399.54545454545456,317.047275980431
49,Lack_Coffee_Table/0005_black_floor_08_04_2019_08_28_11_20,Lack_Coffee_Table,16,7,9,4,0,2941,117.64,2499,99.96,2703,108.12,442,9,25,push table top,attach shelf to table,1,15,8,0.5,1803,0.7214885954381752,1507,"{""align leg screw with table thread"": 3, ""attach shelf to table"": 1, ""flip table"": 2, ""pick up leg"": 3, ""pick up shelf"": 1, ""push table top"": 1, ""spin leg"": 5}",16,45.0,67.25,102.5,279.5,352.0,156.1875,119.48703839224571
5,Lack_TV_Bench/0023_white_table_04_02_2019_08_20_14_02,Lack_TV_Bench,18,9,9,3,0,3930,157.2,3785,151.4,3785,151.4,145,2,20,flip table top,attach shelf to table,2,16,14,0.7777777777777778,3395,0.8969616908850726,2928,"{""align leg screw with table thread"": 4, ""attach shelf to table"": 1, ""flip table"": 1, ""flip table top"": 1, ""pick up leg"": 4, ""pick up shelf"": 1, ""push table"": 1, ""spin leg"": 4, ""tighten leg"": 1}",18,27.0,58.0,110.0,351.5,736.0,210.27777777777777,204.66254218307637
50,Lack_Coffee_Table/0041_oak_floor_08_04_2019_08_28_12_22,Lack_Coffee_Table,11,5,6,2,0,3222,128.88,1976,79.04,3054,122.16,1246,8,19,pick up leg,attach shelf to table,0,11,7,0.6363636363636364,1720,0.8704453441295547,1550,"{""attach shelf to table"": 1, ""flip table"": 1, ""pick up leg"": 4, ""pick up shelf"": 1, ""spin leg"": 4}",11,29.0,45.0,136.0,303.5,435.0,179.63636363636363,148.05789575658494
51,Lack_Coffee_Table/0024_oak_table_04_02_2019_08_20_11_19,Lack_Coffee_Table,17,9,8,3,0,2957,118.28,2518,100.72,2720,108.8,439,18,35,rotate table,attach shelf to table,3,14,12,0.7058823529411765,2299,0.9130262112787927,2058,"{""align leg screw with table thread"": 4, ""attach shelf to table"": 1, ""flip table"": 1, ""lay down leg"": 1, ""other"": 1, ""pick up leg"": 3, ""pick up shelf"": 1, ""rotate table"": 1, ""spin leg"": 4}",17,23.0,36.0,55.0,281.0,608.0,148.11764705882354,159.77443009477682
52,Lack_Coffee_Table/0026_black_floor_05_02_2019_08_19_17_25,Lack_Coffee_Table,16,7,9,3,0,4200,168.0,3804,152.16,4060,162.4,396,7,23,flip table top,attach shelf to table,1,15,11,0.6875,2730,0.7176656151419558,2113,"{""align leg screw with table thread"": 4, ""attach shelf to table"": 1, ""flip table"": 1, ""flip table top"": 1, ""pick up leg"": 4, ""pick up shelf"": 1, ""spin leg"": 4}",16,32.0,51.75,80.0,456.5,711.0,237.75,249.12860634620023
53,Lack_Coffee_Table/0002_white_floor_05_02_2019_08_19_17_47,Lack_Coffee_Table,18,8,10,4,0,3169,126.76,3049,121.96,3049,121.96,120,1,19,lay down table top,tighten leg,3,15,12,0.6666666666666666,2319,0.7605772384388324,2111,"{""align leg screw with table thread"": 4, ""attach shelf to table"": 1, ""flip table"": 1, ""lay down table top"": 1, ""pick up leg"": 4, ""pick up shelf"": 2, ""spin leg"": 4, ""tighten leg"": 1}",18,13.0,53.0,107.5,227.5,525.0,169.38888888888889,152.09760714345717
54,Lack_Coffee_Table/0025_oak_table_04_02_2019_08_20_13_42,Lack_Coffee_Table,18,8,10,4,0,3213,128.52,3042,121.68,3119,124.76,171,4,22,flip table top,attach shelf to table,2,16,15,0.8333333333333334,2706,0.8895463510848126,2305,"{""align leg screw with table thread"": 4, ""attach shelf to table"": 1, ""flip table"": 1, ""flip table top"": 1, ""pick up leg"": 4, ""pick up shelf"": 1, ""spin leg"": 4, ""tighten leg"": 2}",18,20.0,45.0,67.5,278.5,594.0,169.0,170.03888444183062
55,Lack_Coffee_Table/0030_white_table_04_02_2019_08_20_12_12,Lack_Coffee_Table,16,7,9,3,0,3120,124.8,2953,118.12,2953,118.12,167,2,18,pick up leg,attach shelf to table,0,16,15,0.9375,2743,0.9288858787673552,2078,"{""align leg screw with table thread"": 4, ""attach shelf to table"": 1, ""flip table"": 1, ""pick up leg"": 4, ""pick up shelf"": 1, ""spin leg"": 4, ""tighten leg"": 1}",16,31.0,50.0,97.0,321.0,573.0,184.5625,162.27829828338108
56,Lack_Coffee_Table/0001_black_floor_05_02_2019_08_19_16_51,Lack_Coffee_Table,15,7,8,3,0,3074,122.96,2961,118.44,2961,118.44,113,2,17,flip table top,attach shelf to table,0,15,14,0.9333333333333333,2877,0.9716312056737588,2463,"{""align leg screw with table thread"": 3, ""attach shelf to table"": 1, ""flip table"": 1, ""flip table top"": 1, ""pick up leg"": 4, ""pick up shelf"": 1, ""spin leg"": 4}",15,33.0,67.0,129.0,358.5,485.0,197.4,159.91739534313749
57,Lack_Coffee_Table/0027_white_table_04_02_2019_08_20_10_47,Lack_Coffee_Table,18,7,11,4,0,3287,131.48,2606,104.24,3027,121.08,681,12,30,pick up leg,attach shelf to table,1,17,15,0.8333333333333334,2482,0.9524174980813507,2210,"{""align leg screw with table thread"": 4, ""attach shelf to table"": 1, ""flip table"": 1, ""pick up leg"": 4, ""pick up shelf"": 1, ""spin leg"": 5, ""tighten leg"": 2}",18,19.0,26.25,45.5,273.5,416.0,144.77777777777777,159.75312744480172
58,Lack_Side_Table/0024_white_floor_05_02_2019_08_19_16_58,Lack_Side_Table,16,5,11,3,4,2670,106.8,2373,94.92,2613,104.52,297,9,25,flip table top,rotate table,3,13,9,0.5625,1557,0.6561314791403287,1419,"{""align leg screw with table thread"": 4, ""flip table top"": 1, ""pick up leg"": 2, ""rotate table"": 1, ""spin leg"": 8}",16,14.0,34.75,42.0,220.25,487.0,148.3125,175.46784561209498
59,Lack_Side_Table/0024_black_table_04_02_2019_08_20_11_12,Lack_Side_Table,8,3,5,2,1,1970,78.8,1632,65.28,1852,74.08,338,9,17,pick up leg,flip table,0,8,8,1.0,1632,1.0,1502,"{""flip table"": 1, ""pick up leg"": 3, ""spin leg"": 4}",8,18.0,37.0,244.5,311.5,399.0,204.0,146.3121662747155
6,Lack_TV_Bench/0004_white_floor_08_04_2019_08_28_10_56,Lack_TV_Bench,17,8,9,3,0,2609,104.36,2037,81.48,2298,91.92,572,13,30,flip table top,attach shelf to table,3,14,8,0.47058823529411764,1399,0.6867943053510064,1291,"{""align leg screw with table thread"": 4, ""attach shelf to table"": 1, ""flip table"": 1, ""flip table top"": 1, ""pick up leg"": 4, ""pick up shelf"": 1, ""spin leg"": 4, ""tighten leg"": 1}",17,4.0,25.0,51.0,263.0,368.0,119.82352941176471,126.87893038553938
60,Lack_Side_Table/0031_oak_table_04_02_2019_08_20_14_13,Lack_Side_Table,16,7,9,3,0,2963,118.52,2948,117.92,2948,117.92,15,1,17,pick up table top,flip table,2,14,14,0.875,2763,0.9372455902306649,2449,"{""align leg screw with table thread"": 4, ""flip table"": 1, ""lay down table top"": 1, ""pick up leg"": 4, ""pick up table top"": 1, ""rotate table"": 1, ""spin leg"": 4}",16,37.0,44.25,64.5,212.0,608.0,184.25,211.99926297041696
61,Lack_Side_Table/0012_black_table_04_02_2019_08_20_11_42,Lack_Side_Table,16,5,11,3,0,3090,123.6,2849,113.96,3004,120.16,241,9,25,pick up leg,flip table,1,15,14,0.875,2762,0.9694629694629695,2629,"{""align leg screw with table thread"": 4, ""flip table"": 1, ""lay down leg"": 1, ""pick up leg"": 5, ""spin leg"": 5}",16,23.0,37.25,57.0,292.25,610.0,178.0625,207.25572029198617
62,Lack_Side_Table/0006_white_table_04_02_2019_08_20_11_57,Lack_Side_Table,19,6,13,5,0,2757,110.28,2636,105.44,2695,107.8,121,6,25,pick up leg,flip table,3,16,15,0.7894736842105263,2189,0.8304248861911988,1943,"{""align leg screw with table thread"": 4, ""flip table"": 1, ""pick up leg"": 4, ""rotate table"": 2, ""spin leg"": 4, ""tighten leg"": 4}",19,28.0,48.0,70.0,186.5,379.0,138.73684210526315,116.30352400203039
63,Lack_Side_Table/0006_oak_floor_08_04_2019_08_28_12_05,Lack_Side_Table,11,4,7,3,0,2538,101.52,1924,76.96,2060,82.4,614,12,23,pick up leg,flip table,1,10,6,0.5454545454545454,1749,0.909043659043659,1382,"{""flip table"": 1, ""pick up leg"": 4, ""rotate table"": 2, ""spin leg"": 4}",11,29.0,35.5,91.0,323.0,566.0,174.9090909090909,172.6443820245191
64,Lack_Side_Table/0002_white_floor_05_02_2019_08_19_17_39,Lack_Side_Table,18,7,11,4,1,2168,86.72,1951,78.04,2017,80.68,217,8,26,flip table top,flip table,3,15,12,0.6666666666666666,1759,0.9015889287544849,1746,"{""align leg screw with table thread"": 4, ""flip table"": 1, ""flip table top"": 1, ""pick up leg"": 4, ""push table"": 1, ""rotate table"": 3, ""spin leg"": 4}",18,9.0,27.75,40.5,87.5,407.0,108.38888888888889,135.32107452232466
65,Lack_Side_Table/0029_oak_table_04_02_2019_08_20_11_26,Lack_Side_Table,15,5,10,4,0,2882,115.28,2756,110.24,2823,112.92,126,5,20,flip table,flip table,1,14,14,0.9333333333333333,2598,0.9426705370101597,2290,"{""align leg screw with table thread"": 4, ""flip table"": 2, ""pick up leg"": 4, ""rotate table"": 1, ""spin leg"": 4}",15,22.0,29.0,66.0,263.0,698.0,183.73333333333332,208.81170678122643
66,Lack_Side_Table/0023_oak_table_04_02_2019_08_20_13_58,Lack_Side_Table,17,6,11,5,0,3141,125.64,2718,108.72,3047,121.88,423,11,28,align leg screw with table thread,flip table,3,14,14,0.8235294117647058,2457,0.9039735099337748,2249,"{""align leg screw with table thread"": 4, ""flip table"": 1, ""pick up leg"": 3, ""rotate table"": 2, ""spin leg"": 4, ""tighten leg"": 3}",17,15.0,44.0,62.0,194.0,532.0,159.88235294117646,177.17617764212952
67,Lack_Side_Table/0023_white_floor_05_02_2019_08_19_16_05,Lack_Side_Table,13,4,9,3,0,3163,126.52,3019,120.76,3087,123.48,144,4,17,pick up leg,flip table,0,13,11,0.8461538461538461,2950,0.9771447499171911,2478,"{""align leg screw with table thread"": 4, ""flip table"": 1, ""pick up leg"": 4, ""spin leg"": 4}",13,28.0,41.0,56.0,560.0,649.0,232.23076923076923,255.84495119750642
68,Lack_Side_Table/0014_white_floor_05_02_2019_08_19_12_33,Lack_Side_Table,11,4,7,3,0,2004,80.16,1540,61.6,1741,69.64,464,12,23,pick up leg,flip table,0,11,10,0.9090909090909091,1510,0.9805194805194806,1287,"{""flip table"": 1, ""pick up leg"": 4, ""rotate table"": 2, ""spin leg"": 4}",11,25.0,35.5,51.0,292.0,317.0,140.0,126.56798388792699
69,Lack_Side_Table/0041_oak_floor_08_04_2019_08_28_12_17,Lack_Side_Table,15,5,10,4,0,2327,93.08,2246,89.84,2246,89.84,81,2,17,pick up leg,flip table,2,13,7,0.4666666666666667,1910,0.8504007123775601,1913,"{""align leg screw with table thread"": 4, ""flip table"": 1, ""pick up leg"": 4, ""rotate table"": 2, ""spin leg"": 4}",15,23.0,25.5,34.0,233.0,538.0,149.73333333333332,190.136956487218
7,Lack_TV_Bench/0031_black_table_04_02_2019_08_20_14_17,Lack_TV_Bench,26,10,16,5,0,3656,146.24,3417,136.68,3603,144.12,239,22,48,lay down table top,attach shelf to table,5,21,17,0.6538461538461539,2828,0.8276265730172666,2764,"{""align leg screw with table thread"": 4, ""attach shelf to table"": 1, ""flip table"": 1, ""flip table top"": 1, ""lay down table top"": 1, ""pick up leg"": 4, ""pick up shelf"": 1, ""rotate table"": 5, ""spin leg"": 4, ""tighten leg"": 4}",26,15.0,28.0,61.5,114.5,837.0,131.42307692307693,177.72367771712854
70,Lack_Side_Table/0040_oak_floor_08_04_2019_08_28_11_52,Lack_Side_Table,16,7,9,3,0,3738,149.52,3357,134.28,3638,145.52,381,7,23,pick up table top,flip table,3,13,6,0.375,1987,0.591897527554364,1748,"{""align leg screw with table thread"": 4, ""flip table"": 1, ""flip table top"": 1, ""lay down table top"": 1, ""pick up leg"": 4, ""pick up table top"": 1, ""spin leg"": 4}",16,38.0,78.5,110.0,297.0,786.0,209.8125,204.97445534444043
71,Lack_Side_Table/0027_white_table_04_02_2019_08_20_10_38,Lack_Side_Table,17,6,11,4,0,2760,110.4,2375,95.0,2636,105.44,385,12,29,pick up leg,flip table,1,16,13,0.7647058823529411,2218,0.9338947368421052,2157,"{""align leg screw with table thread"": 4, ""flip table"": 1, ""pick up leg"": 4, ""rotate table"": 1, ""spin leg"": 4, ""tighten leg"": 3}",17,24.0,29.0,41.0,151.0,440.0,139.7058823529412,164.53026351542974
72,Lack_Side_Table/0025_black_floor_05_02_2019_08_19_17_12,Lack_Side_Table,14,6,8,3,0,2750,110.0,2484,99.36,2683,107.32,266,9,23,flip table top,flip table,0,14,13,0.9285714285714286,2365,0.9520933977455717,2169,"{""align leg screw with table thread"": 4, ""flip table"": 1, ""flip table top"": 1, ""pick up leg"": 3, ""spin leg"": 4, ""tighten leg"": 1}",14,21.0,37.75,78.5,340.75,536.0,177.42857142857142,185.76241134682698
73,Lack_Side_Table/0025_white_table_04_02_2019_08_20_13_45,Lack_Side_Table,14,5,9,3,0,2485,99.4,2320,92.8,2418,96.72,165,8,22,flip table top,flip table,0,14,13,0.9285714285714286,2296,0.9896551724137931,2082,"{""align leg screw with table thread"": 4, ""flip table"": 1, ""flip table top"": 1, ""pick up leg"": 4, ""spin leg"": 4}",14,24.0,32.0,46.0,336.0,490.0,165.71428571428572,177.23730201199126
74,Lack_Side_Table/0014_black_floor_08_04_2019_08_28_11_00,Lack_Side_Table,15,5,10,4,0,1705,68.2,1457,58.28,1525,61.0,248,3,18,pick up leg,flip table,0,15,10,0.6666666666666666,1247,0.8558682223747426,989,"{""align leg screw with table thread"": 4, ""flip table"": 1, ""pick up leg"": 4, ""rotate table"": 2, ""spin leg"": 4}",15,15.0,30.0,48.0,153.0,284.0,97.13333333333334,92.31313858576988
75,Lack_Side_Table/0007_white_floor_08_04_2019_08_28_10_45,Lack_Side_Table,11,5,6,2,0,1627,65.08,1240,49.6,1529,61.16,387,7,18,pick up leg,flip table,2,9,6,0.5454545454545454,1016,0.8193548387096774,877,"{""flip table"": 1, ""pick up leg"": 4, ""rotate table"": 1, ""spin leg"": 4, ""tighten leg"": 1}",11,12.0,35.0,87.0,182.0,292.0,112.72727272727273,91.7705547043484
76,Lack_Side_Table/0008_black_floor_08_04_2019_08_28_11_24,Lack_Side_Table,18,8,10,4,0,1869,74.76,1533,61.32,1681,67.24,336,8,26,pick up table top,flip table,5,13,9,0.5,979,0.6386170906718852,655,"{""align leg screw with table thread"": 4, ""flip table"": 1, ""flip table top"": 1, ""pick up leg"": 4, ""pick up table top"": 1, ""rotate table"": 1, ""spin leg"": 4, ""tighten leg"": 2}",18,10.0,29.25,33.0,104.25,299.0,85.16666666666667,96.36461429844924
77,Lack_Side_Table/0039_white_floor_08_04_2019_08_28_10_40,Lack_Side_Table,17,6,11,4,0,1932,77.28,1676,67.04,1681,67.24,256,3,20,pick up table top,flip table,7,10,6,0.35294117647058826,1196,0.7136038186157518,1109,"{""align leg screw with table thread"": 4, ""flip table"": 1, ""pick up leg"": 4, ""pick up table top"": 1, ""rotate table"": 3, ""spin leg"": 4}",17,14.0,24.0,38.0,118.0,300.0,98.58823529411765,107.87086987446634
78,Lack_Side_Table/0004_white_floor_08_04_2019_08_28_10_53,Lack_Side_Table,13,5,8,3,0,1866,74.64,1733,69.32,1788,71.52,133,2,15,flip table top,flip table,1,12,10,0.7692307692307693,1565,0.9030582804385459,1366,"{""align leg screw with table thread"": 4, ""flip table"": 1, ""flip table top"": 1, ""pick up leg"": 3, ""spin leg"": 4}",13,12.0,42.0,57.0,271.0,340.0,133.30769230769232,124.44855879833341
79,Lack_Side_Table/0018_white_table_02_01_2019_08_16_10_07_Allstar_Richard_Hartley,Lack_Side_Table,21,6,15,5,0,3187,127.48,2994,119.76,3082,123.28,193,9,30,pick up leg,flip table,0,21,19,0.9047619047619048,2827,0.9442217768871075,2275,"{""align leg screw with table thread"": 4, ""flip table"": 1, ""pick up leg"": 4, ""rotate table"": 2, ""spin leg"": 7, ""tighten leg"": 3}",21,26.0,46.0,83.0,216.0,409.0,142.57142857142858,119.52428381617146
8,Lack_TV_Bench/0005_black_floor_08_04_2019_08_28_11_17,Lack_TV_Bench,14,6,8,3,0,2485,99.4,2022,80.88,2174,86.96,463,3,17,pick up leg,attach shelf to table,0,14,8,0.5714285714285714,1668,0.8249258160237388,1622,"{""align leg screw with table thread"": 3, ""attach shelf to table"": 1, ""flip table"": 1, ""pick up leg"": 4, ""pick up shelf"": 1, ""spin leg"": 4}",14,22.0,38.75,94.5,224.0,446.0,144.42857142857142,133.38328996098548
80,Lack_Side_Table/0001_oak_floor_05_02_2019_08_19_16_44,Lack_Side_Table,19,6,13,5,0,2342,93.68,2181,87.24,2248,89.92,161,6,25,pick up leg,flip table,2,17,14,0.7368421052631579,1970,0.9032553874369555,1907,"{""align leg screw with table thread"": 4, ""flip table"": 1, ""pick up leg"": 4, ""rotate table"": 3, ""spin leg"": 4, ""tighten leg"": 3}",19,18.0,36.5,48.0,75.5,537.0,114.78947368421052,145.94648584773097
81,Lack_Side_Table/0020_oak_floor_05_02_2019_08_19_12_49,Lack_Side_Table,13,4,9,3,0,2621,104.84,2153,86.12,2380,95.2,468,6,19,pick up leg,flip table,0,13,12,0.9230769230769231,2100,0.9753831862517418,1834,"{""align leg screw with table thread"": 4, ""flip table"": 1, ""pick up leg"": 4, ""spin leg"": 4}",13,24.0,43.0,54.0,389.0,437.0,165.6153846153846,170.71142472765078
82,Lack_Side_Table/0006_black_floor_05_02_2019_08_19_16_23,Lack_Side_Table,18,6,12,4,0,2778,111.12,2672,106.88,2672,106.88,106,2,20,pick up leg,flip table,3,15,12,0.6666666666666666,1617,0.6051646706586826,1324,"{""align leg screw with table thread"": 4, ""flip table"": 1, ""pick up leg"": 4, ""rotate table"": 1, ""spin leg"": 4, ""tighten leg"": 4}",18,39.0,55.5,79.5,155.75,443.0,148.44444444444446,143.09446072912124
83,Lack_Side_Table/0030_oak_table_04_02_2019_08_20_12_05,Lack_Side_Table,17,6,11,5,0,2648,105.92,2385,95.4,2398,95.92,263,3,20,flip table top,tighten leg,0,17,17,1.0,2385,1.0,2021,"{""align leg screw with table thread"": 4, ""flip table top"": 1, ""pick up leg"": 4, ""rotate table"": 2, ""spin leg"": 4, ""tighten leg"": 2}",17,31.0,43.0,54.0,148.0,479.0,140.2941176470588,154.5120458680782
84,Lack_Side_Table/0005_black_floor_08_04_2019_08_28_11_15,Lack_Side_Table,15,6,9,3,0,2064,82.56,1990,79.6,1990,79.6,74,2,17,pick up table top,other,3,12,10,0.6666666666666666,1239,0.6226130653266332,1085,"{""align leg screw with table thread"": 4, ""flip table top"": 1, ""other"": 1, ""pick up leg"": 4, ""pick up table top"": 1, ""spin leg"": 4}",15,29.0,42.0,45.0,286.5,353.0,132.66666666666666,127.81636132444947
85,Lack_Side_Table/0021_black_floor_05_02_2019_08_19_13_04,Lack_Side_Table,14,5,9,3,0,2249,89.96,1956,78.24,2063,82.52,293,6,20,pick up leg,flip table,1,13,10,0.7142857142857143,1779,0.9095092024539877,1704,"{""align leg screw with table thread"": 4, ""flip table"": 1, ""pick up leg"": 4, ""rotate table"": 1, ""spin leg"": 4}",14,22.0,41.5,49.0,254.25,445.0,139.71428571428572,150.808501357293
86,Lack_Side_Table/0028_black_table_04_02_2019_08_20_11_09,Lack_Side_Table,14,5,9,3,0,2910,116.4,2555,102.2,2752,110.08,355,15,29,rotate table,flip table,0,14,13,0.9285714285714286,2540,0.9941291585127201,2421,"{""align leg screw with table thread"": 4, ""flip table"": 1, ""pick up leg"": 4, ""rotate table"": 1, ""spin leg"": 4}",14,15.0,26.25,40.5,361.75,716.0,182.5,235.19649839473132
87,Lack_Side_Table/0022_oak_floor_05_02_2019_08_19_15_44,Lack_Side_Table,10,4,6,3,0,5595,223.8,2851,114.04,5488,219.52,2744,5,15,pick up leg,flip table,0,10,6,0.6,1776,0.6229393195370045,1538,"{""flip table"": 1, ""pick up leg"": 3, ""rotate table"": 2, ""spin leg"": 4}",10,21.0,73.5,128.0,462.0,919.0,285.1,279.08366129173527
88,Kallax_Shelf_Drawer/0006_oak_floor_05_02_2019_08_19_16_40,Kallax_Shelf_Drawer,13,10,3,3,0,1447,57.88,1353,54.12,1356,54.24,94,3,16,pick up side panel,position the drawer right side up,0,13,10,0.7692307692307693,1125,0.8314855875831486,774,"{""align side panel holes with front panel dowels"": 2, ""attach drawer back panel"": 1, ""attach drawer side panel"": 2, ""insert drawer pin"": 1, ""pick up back panel"": 1, ""pick up bottom panel"": 1, ""pick up pin"": 1, ""pick up side panel"": 2, ""position the drawer right side up"": 1, ""slide bottom of drawer"": 1}",13,37.0,48.0,87.0,133.0,281.0,104.07692307692308,65.510376792197
89,Kallax_Shelf_Drawer/0007_white_floor_08_04_2019_08_28_10_51,Kallax_Shelf_Drawer,10,8,2,2,0,1346,53.84,998,39.92,998,39.92,348,2,12,pick up side panel,insert drawer pin,10,0,0,0.0,0,0.0,0,"{""align side panel holes with front panel dowels"": 1, ""attach drawer side panel"": 2, ""insert drawer pin"": 1, ""pick up bottom panel"": 1, ""pick up front panel"": 1, ""pick up pin"": 1, ""pick up side panel"": 2, ""slide bottom of drawer"": 1}",10,43.0,61.25,83.0,119.5,199.0,99.8,52.73860066402976
9,Lack_TV_Bench/0014_black_floor_08_04_2019_08_28_11_02,Lack_TV_Bench,22,11,11,4,0,2379,95.16,2379,95.16,2379,95.16,0,0,22,other,other,6,16,11,0.5,1610,0.676754939050021,1107,"{""align leg screw with table thread"": 4, ""attach shelf to table"": 1, ""flip table"": 1, ""lay down table top"": 1, ""other"": 2, ""pick up leg"": 5, ""pick up shelf"": 1, ""pick up table top"": 1, ""rotate table"": 1, ""spin leg"": 4, ""tighten leg"": 1}",22,22.0,45.0,68.5,141.5,357.0,108.13636363636364,89.39813677870548
90,Kallax_Shelf_Drawer/0006_oak_table_04_02_2019_08_20_12_04,Kallax_Shelf_Drawer,12,9,3,3,0,1109,44.36,872,34.88,995,39.8,237,6,18,attach drawer side panel,lay down bottom panel,2,10,9,0.75,628,0.7201834862385321,352,"{""attach drawer back panel"": 1, ""attach drawer side panel"": 2, ""insert drawer pin"": 2, ""lay down bottom panel"": 1, ""pick up back panel"": 1, ""pick up bottom panel"": 1, ""pick up pin"": 2, ""pick up side panel"": 1, ""slide bottom of drawer"": 1}",12,30.0,43.25,58.5,91.5,175.0,72.66666666666667,40.104724022101045
91,Kallax_Shelf_Drawer/0040_oak_floor_08_04_2019_08_28_12_02,Kallax_Shelf_Drawer,34,16,18,8,1,4037,161.48,3616,144.64,3965,158.6,421,11,45,pick up front panel,position the drawer right side up,29,5,2,0.058823529411764705,181,0.050055309734513276,182,"{""align side panel holes with front panel dowels"": 4, ""attach drawer back panel"": 1, ""attach drawer side panel"": 4, ""insert drawer pin"": 1, ""lay down back panel"": 2, ""lay down bottom panel"": 1, ""lay down front panel"": 1, ""lay down side panel"": 1, ""other"": 1, ""pick up back panel"": 3, ""pick up bottom panel"": 3, ""pick up front panel"": 2, ""pick up pin"": 1, ""pick up side panel"": 6, ""position the drawer right side up"": 1, ""slide bottom of drawer"": 2}",34,15.0,41.0,61.5,126.25,617.0,106.3529411764706,119.15656590063274
92,Kallax_Shelf_Drawer/0025_oak_floor_05_02_2019_08_19_17_21,Kallax_Shelf_Drawer,17,12,5,5,0,1425,57.0,950,38.0,1318,52.72,475,18,35,pick up front panel,position the drawer right side up,2,15,13,0.7647058823529411,826,0.8694736842105263,704,"{""align side panel holes with front panel dowels"": 2, ""attach drawer back panel"": 1, ""attach drawer side panel"": 2, ""insert drawer pin"": 2, ""lay down front panel"": 1, ""pick up back panel"": 1, ""pick up bottom panel"": 1, ""pick up front panel"": 1, ""pick up pin"": 2, ""pick up side panel"": 2, ""position the drawer right side up"": 1, ""slide bottom of drawer"": 1}",17,24.0,28.0,42.0,58.0,162.0,55.88235294117647,38.66276876507055
93,Kallax_Shelf_Drawer/0006_oak_floor_08_04_2019_08_28_12_10,Kallax_Shelf_Drawer,16,11,5,5,0,1900,76.0,1675,67.0,1772,70.88,225,4,20,pick up front panel,position the drawer right side up,16,0,0,0.0,0,0.0,0,"{""align side panel holes with front panel dowels"": 2, ""attach drawer back panel"": 1, ""attach drawer side panel"": 2, ""insert drawer pin"": 2, ""lay down front panel"": 1, ""pick up bottom panel"": 1, ""pick up front panel"": 1, ""pick up pin"": 2, ""pick up side panel"": 2, ""position the drawer right side up"": 1, ""slide bottom of drawer"": 1}",16,17.0,32.25,65.5,85.0,540.0,104.6875,129.98736416956072
94,Kallax_Shelf_Drawer/0027_white_table_04_02_2019_08_20_10_52,Kallax_Shelf_Drawer,22,12,10,8,0,2438,97.52,1993,79.72,2305,92.2,445,22,44,pick up side panel,position the drawer right side up,6,16,9,0.4090909090909091,744,0.37330657300551934,601,"{""align side panel holes with front panel dowels"": 2, ""attach drawer back panel"": 2, ""attach drawer side panel"": 2, ""insert drawer pin"": 2, ""lay down back panel"": 1, ""other"": 3, ""pick up back panel"": 3, ""pick up bottom panel"": 1, ""pick up pin"": 2, ""pick up side panel"": 2, ""position the drawer right side up"": 1, ""slide bottom of drawer"": 1}",22,13.0,29.25,45.5,85.25,473.0,90.5909090909091,105.57059641039393
95,Kallax_Shelf_Drawer/0031_white_table_04_02_2019_08_20_14_26,Kallax_Shelf_Drawer,17,11,6,6,0,2718,108.72,2659,106.36,2659,106.36,59,2,19,pick up side panel,position the drawer right side up,3,14,8,0.47058823529411764,1827,0.6871004136893569,1155,"{""align side panel holes with front panel dowels"": 2, ""attach drawer back panel"": 1, ""attach drawer side panel"": 2, ""insert drawer pin"": 2, ""lay down back panel"": 1, ""pick up back panel"": 2, ""pick up bottom panel"": 1, ""pick up pin"": 2, ""pick up side panel"": 2, ""position the drawer right side up"": 1, ""slide bottom of drawer"": 1}",17,27.0,62.0,76.0,138.0,814.0,156.41176470588235,200.30742807980096
96,Kallax_Shelf_Drawer/0024_black_table_04_02_2019_08_20_11_21,Kallax_Shelf_Drawer,13,10,3,3,1,2086,83.44,944,37.76,1964,78.56,1142,12,25,other,lay down bottom panel,1,12,7,0.5384615384615384,474,0.5021186440677966,430,"{""attach drawer back panel"": 1, ""attach drawer side panel"": 2, ""insert drawer pin"": 2, ""lay down bottom panel"": 1, ""other"": 1, ""pick up back panel"": 1, ""pick up bottom panel"": 1, ""pick up pin"": 1, ""pick up side panel"": 2, ""slide bottom of drawer"": 1}",13,34.0,35.0,46.0,82.0,202.0,72.61538461538461,57.06344439648323
97,Kallax_Shelf_Drawer/0022_white_floor_05_02_2019_08_19_15_58,Kallax_Shelf_Drawer,12,9,3,3,0,3454,138.16,3175,127.0,3238,129.52,279,4,16,pick up side panel,lay down bottom panel,2,10,7,0.5833333333333334,2213,0.697007874015748,1512,"{""attach drawer back panel"": 1, ""attach drawer side panel"": 2, ""insert drawer pin"": 1, ""lay down bottom panel"": 1, ""pick up back panel"": 2, ""pick up bottom panel"": 1, ""pick up pin"": 1, ""pick up side panel"": 2, ""slide bottom of drawer"": 1}",12,22.0,69.75,198.0,357.0,968.0,264.5833333333333,252.96852845539678
98,Kallax_Shelf_Drawer/0024_oak_floor_05_02_2019_08_19_17_07,Kallax_Shelf_Drawer,16,8,8,5,0,2818,112.72,1828,73.12,2690,107.6,990,8,24,pick up side panel,insert drawer pin,5,11,7,0.4375,539,0.2948577680525164,549,"{""align side panel holes with front panel dowels"": 2, ""attach drawer side panel"": 3, ""insert drawer pin"": 3, ""pick up bottom panel"": 1, ""pick up front panel"": 1, ""pick up pin"": 3, ""pick up side panel"": 2, ""slide bottom of drawer"": 1}",16,36.0,46.0,63.0,88.0,445.0,114.25,124.37217333471342
99,Kallax_Shelf_Drawer/0023_black_table_04_02_2019_08_20_14_10,Kallax_Shelf_Drawer,16,12,4,4,0,1517,60.68,1511,60.44,1511,60.44,6,1,17,pick up front panel,other,5,11,9,0.5625,843,0.5579086697551291,454,"{""attach drawer back panel"": 1, ""attach drawer side panel"": 2, ""insert drawer pin"": 2, ""lay down front panel"": 1, ""other"": 1, ""pick up back panel"": 1, ""pick up bottom panel"": 1, ""pick up front panel"": 1, ""pick up pin"": 2, ""pick up side panel"": 2, ""position the drawer right side up"": 1, ""slide bottom of drawer"": 1}",16,36.0,64.0,93.0,107.5,241.0,94.4375,46.08683210798937
