model_id,selected,rank_by_recorded_non_na_frame_accuracy,raw_case_count,frames,correct_frames,non_na_frames,correct_non_na_frames,non_na_segments,correct_non_na_segments_original,correct_non_na_segments_after_na_removal,raw_all_frame_accuracy,raw_non_na_frame_accuracy,recorded_segment_agreement_before_na_removal,recorded_segment_agreement_after_na_removal,evidence
clip_based__c3d_and_p3d__p3d__pretrained,True,1,117,320390,201275,276058,183638,1856,1102,1183,0.628218733418646,0.6652152808467786,0.59375,0.6373922413793104,"Recorded upstream prediction counts; ratios recomputed here, no raw frame predictions re-evaluated."
clip_based__i3d__dev2__pretrained,False,2,117,320390,201657,276058,182704,1856,993,1075,0.6294110303068136,0.6618319338689695,0.5350215517241379,0.5792025862068966,"Recorded upstream prediction counts; ratios recomputed here, no raw frame predictions re-evaluated."
clip_based__i3d__dev3__pretrained,False,3,117,320390,192756,276058,172793,1856,866,979,0.6016292643340928,0.6259300581761804,0.4665948275862069,0.5274784482758621,"Recorded upstream prediction counts; ratios recomputed here, no raw frame predictions re-evaluated."
clip_based__i3d__dev1__pretrained,False,4,117,320390,173946,276058,157121,1856,850,908,0.5429195667779894,0.5691593795506741,0.4579741379310345,0.4892241379310345,"Recorded upstream prediction counts; ratios recomputed here, no raw frame predictions re-evaluated."
clip_based__c3d_and_p3d__c3d__pretrained,False,5,117,320390,153831,276058,140037,1856,753,849,0.4801367083866538,0.5072738337595722,0.4057112068965517,0.4574353448275862,"Recorded upstream prediction counts; ratios recomputed here, no raw frame predictions re-evaluated."
pose_based__ST_GCN_64__pretrained,False,6,117,320390,145412,276058,123557,1856,548,665,0.4538593589063329,0.44757623397981583,0.2952586206896552,0.3582974137931034,"Recorded upstream prediction counts; ratios recomputed here, no raw frame predictions re-evaluated."
pose_based__HCN_32__pretrained,False,7,117,320390,130437,276058,123313,1856,743,763,0.4071194481725397,0.446692361750067,0.40032327586206895,0.4110991379310345,"Recorded upstream prediction counts; ratios recomputed here, no raw frame predictions re-evaluated."
clip_based__i3d__depth__pretrained,False,8,117,320390,119600,276058,93857,1856,357,521,0.37329504666188085,0.3399901469980946,0.19234913793103448,0.2807112068965517,"Recorded upstream prediction counts; ratios recomputed here, no raw frame predictions re-evaluated."
frame_based__resnet50__pretrained,False,9,117,320390,104469,276058,93437,1856,396,410,0.3260682293454852,0.33846872758623187,0.21336206896551724,0.2209051724137931,"Recorded upstream prediction counts; ratios recomputed here, no raw frame predictions re-evaluated."
frame_based__resnet18__pretrained,False,10,117,320390,91983,276058,81010,1856,470,522,0.287096975561035,0.2934528251309507,0.25323275862068967,0.28125,"Recorded upstream prediction counts; ratios recomputed here, no raw frame predictions re-evaluated."
