id,selected,rank,activity,lower,upper,support_cases,support_events,zero_cases,case_support_fraction,maximum_witness_case_ids,minimum_witness_case_ids,group_support,candidate_potential_violation_cases,candidate_potential_violation_case_ids,max_available_candidate_positions,candidate_rows
occ_001,False,4,align leg screw with table thread,0,5,72,283,44,0.6206896551724138,"[""3"",""42"",""43""]","[""1"",""100"",""101"",""102"",""103"",""104"",""105"",""106"",""107"",""108"",""109"",""110"",""111"",""112"",""113"",""114"",""115"",""116"",""16"",""30"",""33"",""34"",""37"",""39"",""46"",""48"",""50"",""59"",""63"",""68"",""75"",""87"",""88"",""89"",""90"",""91"",""92"",""93"",""94"",""95"",""96"",""97"",""98"",""99""]","{""Kallax_Shelf_Drawer"":{""case_support_fraction"":0.0,""cases"":29,""support_cases"":0,""support_events"":0,""vacuous_cases"":29},""Lack_Coffee_Table"":{""case_support_fraction"":0.7142857142857143,""cases"":28,""support_cases"":20,""support_events"":79,""vacuous_cases"":8},""Lack_Side_Table"":{""case_support_fraction"":0.8333333333333334,""cases"":30,""support_cases"":25,""support_events"":100,""vacuous_cases"":5},""Lack_TV_Bench"":{""case_support_fraction"":0.9310344827586207,""cases"":29,""support_cases"":27,""support_events"":104,""vacuous_cases"":2}}",98,"[""0"",""1"",""10"",""100"",""101"",""104"",""106"",""109"",""11"",""113"",""115"",""12"",""13"",""14"",""15"",""16"",""17"",""18"",""19"",""2"",""20"",""21"",""22"",""23"",""24"",""25"",""26"",""27"",""28"",""29"",""3"",""30"",""31"",""32"",""34"",""35"",""36"",""37"",""39"",""4"",""40"",""41"",""42"",""43"",""44"",""45"",""46"",""47"",""48"",""49"",""5"",""50"",""51"",""52"",""53"",""54"",""55"",""56"",""57"",""58"",""59"",""6"",""60"",""61"",""62"",""63"",""64"",""65"",""66"",""67"",""68"",""69"",""7"",""70"",""71"",""72"",""73"",""74"",""75"",""76"",""77"",""78"",""79"",""8"",""80"",""81"",""82"",""83"",""84"",""85"",""86"",""87"",""89"",""9"",""91"",""93"",""95"",""98""]",21,"{""empty_upper_rows"":4,""example"":{""case_id"":""3"",""id"":""upper:occ_001:3"",""kind"":""occurrence_upper"",""terms"":{""v001923"":1,""v001926"":1,""v001929"":1,""v001932"":1,""v001935"":1,""v001938"":1,""v001941"":1,""v001944"":1,""v001947"":1,""v001950"":1,""v001953"":1,""v001956"":1,""v001959"":1,""v001962"":1,""v001965"":1,""v001968"":1,""v001971"":1,""v001974"":1},""upper"":5},""lower_rows"":0,""upper_rows"":116}"
occ_002,False,18,align side panel holes with front panel dowels,0,4,20,42,96,0.1724137931034483,"[""113"",""91""]","[""0"",""1"",""10"",""102"",""107"",""108"",""11"",""112"",""116"",""12"",""13"",""14"",""15"",""16"",""17"",""18"",""19"",""2"",""20"",""21"",""22"",""23"",""24"",""25"",""26"",""27"",""28"",""29"",""3"",""30"",""31"",""32"",""33"",""34"",""35"",""36"",""37"",""39"",""4"",""40"",""41"",""42"",""43"",""44"",""45"",""46"",""47"",""48"",""49"",""5"",""50"",""51"",""52"",""53"",""54"",""55"",""56"",""57"",""58"",""59"",""6"",""60"",""61"",""62"",""63"",""64"",""65"",""66"",""67"",""68"",""69"",""7"",""70"",""71"",""72"",""73"",""74"",""75"",""76"",""77"",""78"",""79"",""8"",""80"",""81"",""82"",""83"",""84"",""85"",""86"",""87"",""9"",""90"",""96"",""97"",""99""]","{""Kallax_Shelf_Drawer"":{""case_support_fraction"":0.6896551724137931,""cases"":29,""support_cases"":20,""support_events"":42,""vacuous_cases"":9},""Lack_Coffee_Table"":{""case_support_fraction"":0.0,""cases"":28,""support_cases"":0,""support_events"":0,""vacuous_cases"":28},""Lack_Side_Table"":{""case_support_fraction"":0.0,""cases"":30,""support_cases"":0,""support_events"":0,""vacuous_cases"":30},""Lack_TV_Bench"":{""case_support_fraction"":0.0,""cases"":29,""support_cases"":0,""support_events"":0,""vacuous_cases"":29}}",13,"[""102"",""103"",""105"",""108"",""110"",""114"",""116"",""88"",""91"",""92"",""94"",""97"",""98""]",10,"{""empty_upper_rows"":83,""example"":{""case_id"":""113"",""id"":""upper:occ_002:113"",""kind"":""occurrence_upper"",""terms"":{""v000745"":1,""v000751"":1,""v000778"":1,""v000787"":1},""upper"":4},""lower_rows"":0,""upper_rows"":116}"
occ_003,False,16,attach drawer back panel,0,2,25,27,91,0.21551724137931033,"[""113"",""94""]","[""0"",""1"",""10"",""106"",""109"",""11"",""12"",""13"",""14"",""15"",""16"",""17"",""18"",""19"",""2"",""20"",""21"",""22"",""23"",""24"",""25"",""26"",""27"",""28"",""29"",""3"",""30"",""31"",""32"",""33"",""34"",""35"",""36"",""37"",""39"",""4"",""40"",""41"",""42"",""43"",""44"",""45"",""46"",""47"",""48"",""49"",""5"",""50"",""51"",""52"",""53"",""54"",""55"",""56"",""57"",""58"",""59"",""6"",""60"",""61"",""62"",""63"",""64"",""65"",""66"",""67"",""68"",""69"",""7"",""70"",""71"",""72"",""73"",""74"",""75"",""76"",""77"",""78"",""79"",""8"",""80"",""81"",""82"",""83"",""84"",""85"",""86"",""87"",""89"",""9"",""98""]","{""Kallax_Shelf_Drawer"":{""case_support_fraction"":0.8620689655172413,""cases"":29,""support_cases"":25,""support_events"":27,""vacuous_cases"":4},""Lack_Coffee_Table"":{""case_support_fraction"":0.0,""cases"":28,""support_cases"":0,""support_events"":0,""vacuous_cases"":28},""Lack_Side_Table"":{""case_support_fraction"":0.0,""cases"":30,""support_cases"":0,""support_events"":0,""vacuous_cases"":30},""Lack_TV_Bench"":{""case_support_fraction"":0.0,""cases"":29,""support_cases"":0,""support_events"":0,""vacuous_cases"":29}}",13,"[""100"",""102"",""105"",""107"",""110"",""112"",""114"",""116"",""88"",""92"",""94"",""95"",""97""]",11,"{""empty_upper_rows"":90,""example"":{""case_id"":""113"",""id"":""upper:occ_003:113"",""kind"":""occurrence_upper"",""terms"":{""v000766"":1,""v000802"":1},""upper"":2},""lower_rows"":0,""upper_rows"":116}"
occ_004,False,14,attach drawer side panel,0,4,28,61,88,0.2413793103448276,"[""108"",""91""]","[""0"",""1"",""10"",""101"",""11"",""12"",""13"",""14"",""15"",""16"",""17"",""18"",""19"",""2"",""20"",""21"",""22"",""23"",""24"",""25"",""26"",""27"",""28"",""29"",""3"",""30"",""31"",""32"",""33"",""34"",""35"",""36"",""37"",""39"",""4"",""40"",""41"",""42"",""43"",""44"",""45"",""46"",""47"",""48"",""49"",""5"",""50"",""51"",""52"",""53"",""54"",""55"",""56"",""57"",""58"",""59"",""6"",""60"",""61"",""62"",""63"",""64"",""65"",""66"",""67"",""68"",""69"",""7"",""70"",""71"",""72"",""73"",""74"",""75"",""76"",""77"",""78"",""79"",""8"",""80"",""81"",""82"",""83"",""84"",""85"",""86"",""87"",""9""]","{""Kallax_Shelf_Drawer"":{""case_support_fraction"":0.9655172413793104,""cases"":29,""support_cases"":28,""support_events"":61,""vacuous_cases"":1},""Lack_Coffee_Table"":{""case_support_fraction"":0.0,""cases"":28,""support_cases"":0,""support_events"":0,""vacuous_cases"":28},""Lack_Side_Table"":{""case_support_fraction"":0.0,""cases"":30,""support_cases"":0,""support_events"":0,""vacuous_cases"":30},""Lack_TV_Bench"":{""case_support_fraction"":0.0,""cases"":29,""support_cases"":0,""support_events"":0,""vacuous_cases"":29}}",8,"[""100"",""102"",""103"",""108"",""110"",""116"",""91"",""92""]",16,"{""empty_upper_rows"":81,""example"":{""case_id"":""108"",""id"":""upper:occ_004:108"",""kind"":""occurrence_upper"",""terms"":{""v000493"":1,""v000497"":1,""v000502"":1,""v000508"":1,""v000511"":1,""v000513"":1},""upper"":4},""lower_rows"":0,""upper_rows"":116}"
occ_005,False,5,attach shelf to table,0,2,56,57,60,0.4827586206896552,"[""24""]","[""100"",""101"",""102"",""103"",""104"",""105"",""106"",""107"",""108"",""109"",""110"",""111"",""112"",""113"",""114"",""115"",""116"",""4"",""58"",""59"",""60"",""61"",""62"",""63"",""64"",""65"",""66"",""67"",""68"",""69"",""70"",""71"",""72"",""73"",""74"",""75"",""76"",""77"",""78"",""79"",""80"",""81"",""82"",""83"",""84"",""85"",""86"",""87"",""88"",""89"",""90"",""91"",""92"",""93"",""94"",""95"",""96"",""97"",""98"",""99""]","{""Kallax_Shelf_Drawer"":{""case_support_fraction"":0.0,""cases"":29,""support_cases"":0,""support_events"":0,""vacuous_cases"":29},""Lack_Coffee_Table"":{""case_support_fraction"":1.0,""cases"":28,""support_cases"":28,""support_events"":28,""vacuous_cases"":0},""Lack_Side_Table"":{""case_support_fraction"":0.0,""cases"":30,""support_cases"":0,""support_events"":0,""vacuous_cases"":30},""Lack_TV_Bench"":{""case_support_fraction"":0.9655172413793104,""cases"":29,""support_cases"":28,""support_events"":29,""vacuous_cases"":1}}",28,"[""0"",""1"",""100"",""103"",""107"",""108"",""12"",""14"",""16"",""17"",""18"",""21"",""22"",""24"",""25"",""28"",""29"",""30"",""34"",""36"",""40"",""44"",""49"",""5"",""51"",""52"",""53"",""9""]",7,"{""empty_upper_rows"":45,""example"":{""case_id"":""24"",""id"":""upper:occ_005:24"",""kind"":""occurrence_upper"",""terms"":{""v001644"":1,""v001647"":1,""v001650"":1,""v001653"":1,""v001656"":1},""upper"":2},""lower_rows"":0,""upper_rows"":116}"
occ_006,False,29,flip shelf,0,2,2,3,114,0.017241379310344827,"[""29""]","[""0"",""1"",""10"",""100"",""101"",""102"",""103"",""104"",""105"",""106"",""107"",""108"",""109"",""11"",""110"",""111"",""112"",""113"",""114"",""115"",""116"",""12"",""13"",""14"",""15"",""16"",""17"",""18"",""19"",""2"",""20"",""21"",""23"",""24"",""25"",""26"",""27"",""28"",""3"",""30"",""31"",""32"",""33"",""34"",""35"",""36"",""37"",""39"",""4"",""40"",""41"",""42"",""43"",""44"",""45"",""46"",""47"",""48"",""49"",""5"",""50"",""51"",""52"",""53"",""54"",""55"",""56"",""57"",""58"",""59"",""6"",""60"",""61"",""62"",""63"",""64"",""65"",""66"",""67"",""68"",""69"",""7"",""70"",""71"",""72"",""73"",""74"",""75"",""76"",""77"",""78"",""79"",""8"",""80"",""81"",""82"",""83"",""84"",""85"",""86"",""87"",""88"",""89"",""9"",""90"",""91"",""92"",""93"",""94"",""95"",""96"",""97"",""98"",""99""]","{""Kallax_Shelf_Drawer"":{""case_support_fraction"":0.0,""cases"":29,""support_cases"":0,""support_events"":0,""vacuous_cases"":29},""Lack_Coffee_Table"":{""case_support_fraction"":0.03571428571428571,""cases"":28,""support_cases"":1,""support_events"":2,""vacuous_cases"":27},""Lack_Side_Table"":{""case_support_fraction"":0.0,""cases"":30,""support_cases"":0,""support_events"":0,""vacuous_cases"":30},""Lack_TV_Bench"":{""case_support_fraction"":0.034482758620689655,""cases"":29,""support_cases"":1,""support_events"":1,""vacuous_cases"":28}}",0,[],2,"{""empty_upper_rows"":112,""example"":{""case_id"":""29"",""id"":""upper:occ_006:29"",""kind"":""occurrence_upper"",""terms"":{""v001906"":1,""v001918"":1},""upper"":2},""lower_rows"":0,""upper_rows"":116}"
occ_007,False,3,flip table,0,3,84,88,32,0.7241379310344828,"[""34""]","[""100"",""101"",""102"",""103"",""104"",""105"",""106"",""107"",""108"",""109"",""110"",""111"",""112"",""113"",""114"",""115"",""116"",""58"",""83"",""84"",""88"",""89"",""90"",""91"",""92"",""93"",""94"",""95"",""96"",""97"",""98"",""99""]","{""Kallax_Shelf_Drawer"":{""case_support_fraction"":0.0,""cases"":29,""support_cases"":0,""support_events"":0,""vacuous_cases"":29},""Lack_Coffee_Table"":{""case_support_fraction"":1.0,""cases"":28,""support_cases"":28,""support_events"":31,""vacuous_cases"":0},""Lack_Side_Table"":{""case_support_fraction"":0.9,""cases"":30,""support_cases"":27,""support_events"":28,""vacuous_cases"":3},""Lack_TV_Bench"":{""case_support_fraction"":1.0,""cases"":29,""support_cases"":29,""support_events"":29,""vacuous_cases"":0}}",34,"[""10"",""11"",""12"",""16"",""17"",""2"",""21"",""24"",""25"",""26"",""27"",""34"",""36"",""42"",""43"",""44"",""46"",""47"",""48"",""49"",""5"",""51"",""54"",""57"",""60"",""62"",""65"",""67"",""7"",""72"",""79"",""80"",""83"",""85""]",9,"{""empty_upper_rows"":23,""example"":{""case_id"":""34"",""id"":""upper:occ_007:34"",""kind"":""occurrence_upper"",""terms"":{""v002148"":1,""v002169"":1,""v002173"":1,""v002175"":1,""v002179"":1,""v002181"":1,""v002187"":1,""v002194"":1},""upper"":3},""lower_rows"":0,""upper_rows"":116}"
occ_008,False,8,flip table top,0,1,36,36,80,0.3103448275862069,"[""0"",""12"",""16"",""18"",""20"",""22"",""24"",""25"",""26"",""29"",""3"",""30"",""31"",""34"",""39"",""4"",""40"",""41"",""42"",""45"",""47"",""5"",""52"",""54"",""56"",""58"",""6"",""64"",""7"",""70"",""72"",""73"",""76"",""78"",""83"",""84""]","[""1"",""10"",""100"",""101"",""102"",""103"",""104"",""105"",""106"",""107"",""108"",""109"",""11"",""110"",""111"",""112"",""113"",""114"",""115"",""116"",""13"",""14"",""15"",""17"",""19"",""2"",""21"",""23"",""27"",""28"",""32"",""33"",""35"",""36"",""37"",""43"",""44"",""46"",""48"",""49"",""50"",""51"",""53"",""55"",""57"",""59"",""60"",""61"",""62"",""63"",""65"",""66"",""67"",""68"",""69"",""71"",""74"",""75"",""77"",""79"",""8"",""80"",""81"",""82"",""85"",""86"",""87"",""88"",""89"",""9"",""90"",""91"",""92"",""93"",""94"",""95"",""96"",""97"",""98"",""99""]","{""Kallax_Shelf_Drawer"":{""case_support_fraction"":0.0,""cases"":29,""support_cases"":0,""support_events"":0,""vacuous_cases"":29},""Lack_Coffee_Table"":{""case_support_fraction"":0.4642857142857143,""cases"":28,""support_cases"":13,""support_events"":13,""vacuous_cases"":15},""Lack_Side_Table"":{""case_support_fraction"":0.3,""cases"":30,""support_cases"":9,""support_events"":9,""vacuous_cases"":21},""Lack_TV_Bench"":{""case_support_fraction"":0.4827586206896552,""cases"":29,""support_cases"":14,""support_events"":14,""vacuous_cases"":15}}",17,"[""0"",""12"",""16"",""19"",""22"",""25"",""26"",""39"",""41"",""47"",""5"",""51"",""60"",""65"",""7"",""86"",""96""]",3,"{""empty_upper_rows"":66,""example"":{""case_id"":""0"",""id"":""upper:occ_008:0"",""kind"":""occurrence_upper"",""terms"":{""v000000"":1,""v000003"":1},""upper"":1},""lower_rows"":0,""upper_rows"":116}"
occ_009,False,11,insert drawer pin,0,3,29,48,87,0.25,"[""98""]","[""0"",""1"",""10"",""11"",""12"",""13"",""14"",""15"",""16"",""17"",""18"",""19"",""2"",""20"",""21"",""22"",""23"",""24"",""25"",""26"",""27"",""28"",""29"",""3"",""30"",""31"",""32"",""33"",""34"",""35"",""36"",""37"",""39"",""4"",""40"",""41"",""42"",""43"",""44"",""45"",""46"",""47"",""48"",""49"",""5"",""50"",""51"",""52"",""53"",""54"",""55"",""56"",""57"",""58"",""59"",""6"",""60"",""61"",""62"",""63"",""64"",""65"",""66"",""67"",""68"",""69"",""7"",""70"",""71"",""72"",""73"",""74"",""75"",""76"",""77"",""78"",""79"",""8"",""80"",""81"",""82"",""83"",""84"",""85"",""86"",""87"",""9""]","{""Kallax_Shelf_Drawer"":{""case_support_fraction"":1.0,""cases"":29,""support_cases"":29,""support_events"":48,""vacuous_cases"":0},""Lack_Coffee_Table"":{""case_support_fraction"":0.0,""cases"":28,""support_cases"":0,""support_events"":0,""vacuous_cases"":28},""Lack_Side_Table"":{""case_support_fraction"":0.0,""cases"":30,""support_cases"":0,""support_events"":0,""vacuous_cases"":30},""Lack_TV_Bench"":{""case_support_fraction"":0.0,""cases"":29,""support_cases"":0,""support_events"":0,""vacuous_cases"":29}}",12,"[""100"",""102"",""105"",""107"",""108"",""114"",""116"",""90"",""92"",""95"",""98"",""99""]",8,"{""empty_upper_rows"":87,""example"":{""case_id"":""98"",""id"":""upper:occ_009:98"",""kind"":""occurrence_upper"",""terms"":{""v005498"":1,""v005499"":1,""v005503"":1,""v005507"":1,""v005509"":1,""v005513"":1,""v005515"":1,""v005518"":1},""upper"":3},""lower_rows"":0,""upper_rows"":116}"
occ_010,False,27,lay down back panel,0,2,3,4,113,0.02586206896551724,"[""91""]","[""0"",""1"",""10"",""100"",""101"",""102"",""103"",""104"",""105"",""106"",""107"",""108"",""109"",""11"",""110"",""111"",""112"",""113"",""114"",""115"",""116"",""12"",""13"",""14"",""15"",""16"",""17"",""18"",""19"",""2"",""20"",""21"",""22"",""23"",""24"",""25"",""26"",""27"",""28"",""29"",""3"",""30"",""31"",""32"",""33"",""34"",""35"",""36"",""37"",""39"",""4"",""40"",""41"",""42"",""43"",""44"",""45"",""46"",""47"",""48"",""49"",""5"",""50"",""51"",""52"",""53"",""54"",""55"",""56"",""57"",""58"",""59"",""6"",""60"",""61"",""62"",""63"",""64"",""65"",""66"",""67"",""68"",""69"",""7"",""70"",""71"",""72"",""73"",""74"",""75"",""76"",""77"",""78"",""79"",""8"",""80"",""81"",""82"",""83"",""84"",""85"",""86"",""87"",""88"",""89"",""9"",""90"",""92"",""93"",""96"",""97"",""98"",""99""]","{""Kallax_Shelf_Drawer"":{""case_support_fraction"":0.10344827586206896,""cases"":29,""support_cases"":3,""support_events"":4,""vacuous_cases"":26},""Lack_Coffee_Table"":{""case_support_fraction"":0.0,""cases"":28,""support_cases"":0,""support_events"":0,""vacuous_cases"":28},""Lack_Side_Table"":{""case_support_fraction"":0.0,""cases"":30,""support_cases"":0,""support_events"":0,""vacuous_cases"":30},""Lack_TV_Bench"":{""case_support_fraction"":0.0,""cases"":29,""support_cases"":0,""support_events"":0,""vacuous_cases"":29}}",0,[],2,"{""empty_upper_rows"":113,""example"":{""case_id"":""91"",""id"":""upper:occ_010:91"",""kind"":""occurrence_upper"",""terms"":{""v005096"":1,""v005142"":1},""upper"":2},""lower_rows"":0,""upper_rows"":116}"
occ_011,False,22,lay down bottom panel,0,1,8,8,108,0.06896551724137931,"[""107"",""109"",""112"",""116"",""90"",""91"",""96"",""97""]","[""0"",""1"",""10"",""100"",""101"",""102"",""103"",""104"",""105"",""106"",""108"",""11"",""110"",""111"",""113"",""114"",""115"",""12"",""13"",""14"",""15"",""16"",""17"",""18"",""19"",""2"",""20"",""21"",""22"",""23"",""24"",""25"",""26"",""27"",""28"",""29"",""3"",""30"",""31"",""32"",""33"",""34"",""35"",""36"",""37"",""39"",""4"",""40"",""41"",""42"",""43"",""44"",""45"",""46"",""47"",""48"",""49"",""5"",""50"",""51"",""52"",""53"",""54"",""55"",""56"",""57"",""58"",""59"",""6"",""60"",""61"",""62"",""63"",""64"",""65"",""66"",""67"",""68"",""69"",""7"",""70"",""71"",""72"",""73"",""74"",""75"",""76"",""77"",""78"",""79"",""8"",""80"",""81"",""82"",""83"",""84"",""85"",""86"",""87"",""88"",""89"",""9"",""92"",""93"",""94"",""95"",""98"",""99""]","{""Kallax_Shelf_Drawer"":{""case_support_fraction"":0.27586206896551724,""cases"":29,""support_cases"":8,""support_events"":8,""vacuous_cases"":21},""Lack_Coffee_Table"":{""case_support_fraction"":0.0,""cases"":28,""support_cases"":0,""support_events"":0,""vacuous_cases"":28},""Lack_Side_Table"":{""case_support_fraction"":0.0,""cases"":30,""support_cases"":0,""support_events"":0,""vacuous_cases"":30},""Lack_TV_Bench"":{""case_support_fraction"":0.0,""cases"":29,""support_cases"":0,""support_events"":0,""vacuous_cases"":29}}",1,"[""111""]",2,"{""empty_upper_rows"":102,""example"":{""case_id"":""107"",""id"":""upper:occ_011:107"",""kind"":""occurrence_upper"",""terms"":{""v000490"":1},""upper"":1},""lower_rows"":0,""upper_rows"":116}"
occ_012,False,23,lay down front panel,0,1,8,8,108,0.06896551724137931,"[""100"",""101"",""103"",""106"",""91"",""92"",""93"",""99""]","[""0"",""1"",""10"",""102"",""104"",""105"",""107"",""108"",""109"",""11"",""110"",""111"",""112"",""113"",""114"",""115"",""116"",""12"",""13"",""14"",""15"",""16"",""17"",""18"",""19"",""2"",""20"",""21"",""22"",""23"",""24"",""25"",""26"",""27"",""28"",""29"",""3"",""30"",""31"",""32"",""33"",""34"",""35"",""36"",""37"",""39"",""4"",""40"",""41"",""42"",""43"",""44"",""45"",""46"",""47"",""48"",""49"",""5"",""50"",""51"",""52"",""53"",""54"",""55"",""56"",""57"",""58"",""59"",""6"",""60"",""61"",""62"",""63"",""64"",""65"",""66"",""67"",""68"",""69"",""7"",""70"",""71"",""72"",""73"",""74"",""75"",""76"",""77"",""78"",""79"",""8"",""80"",""81"",""82"",""83"",""84"",""85"",""86"",""87"",""88"",""89"",""9"",""90"",""94"",""95"",""96"",""97"",""98""]","{""Kallax_Shelf_Drawer"":{""case_support_fraction"":0.27586206896551724,""cases"":29,""support_cases"":8,""support_events"":8,""vacuous_cases"":21},""Lack_Coffee_Table"":{""case_support_fraction"":0.0,""cases"":28,""support_cases"":0,""support_events"":0,""vacuous_cases"":28},""Lack_Side_Table"":{""case_support_fraction"":0.0,""cases"":30,""support_cases"":0,""support_events"":0,""vacuous_cases"":30},""Lack_TV_Bench"":{""case_support_fraction"":0.0,""cases"":29,""support_cases"":0,""support_events"":0,""vacuous_cases"":29}}",0,[],1,"{""empty_upper_rows"":108,""example"":{""case_id"":""100"",""id"":""upper:occ_012:100"",""kind"":""occurrence_upper"",""terms"":{""v000150"":1},""upper"":1},""lower_rows"":0,""upper_rows"":116}"
occ_013,False,28,lay down leg,0,1,3,3,113,0.02586206896551724,"[""29"",""51"",""61""]","[""0"",""1"",""10"",""100"",""101"",""102"",""103"",""104"",""105"",""106"",""107"",""108"",""109"",""11"",""110"",""111"",""112"",""113"",""114"",""115"",""116"",""12"",""13"",""14"",""15"",""16"",""17"",""18"",""19"",""2"",""20"",""21"",""22"",""23"",""24"",""25"",""26"",""27"",""28"",""3"",""30"",""31"",""32"",""33"",""34"",""35"",""36"",""37"",""39"",""4"",""40"",""41"",""42"",""43"",""44"",""45"",""46"",""47"",""48"",""49"",""5"",""50"",""52"",""53"",""54"",""55"",""56"",""57"",""58"",""59"",""6"",""60"",""62"",""63"",""64"",""65"",""66"",""67"",""68"",""69"",""7"",""70"",""71"",""72"",""73"",""74"",""75"",""76"",""77"",""78"",""79"",""8"",""80"",""81"",""82"",""83"",""84"",""85"",""86"",""87"",""88"",""89"",""9"",""90"",""91"",""92"",""93"",""94"",""95"",""96"",""97"",""98"",""99""]","{""Kallax_Shelf_Drawer"":{""case_support_fraction"":0.0,""cases"":29,""support_cases"":0,""support_events"":0,""vacuous_cases"":29},""Lack_Coffee_Table"":{""case_support_fraction"":0.07142857142857142,""cases"":28,""support_cases"":2,""support_events"":2,""vacuous_cases"":26},""Lack_Side_Table"":{""case_support_fraction"":0.03333333333333333,""cases"":30,""support_cases"":1,""support_events"":1,""vacuous_cases"":29},""Lack_TV_Bench"":{""case_support_fraction"":0.0,""cases"":29,""support_cases"":0,""support_events"":0,""vacuous_cases"":29}}",1,"[""79""]",2,"{""empty_upper_rows"":107,""example"":{""case_id"":""29"",""id"":""upper:occ_013:29"",""kind"":""occurrence_upper"",""terms"":{""v001863"":1},""upper"":1},""lower_rows"":0,""upper_rows"":116}"
occ_014,False,30,lay down shelf,0,1,2,2,114,0.017241379310344827,"[""29"",""41""]","[""0"",""1"",""10"",""100"",""101"",""102"",""103"",""104"",""105"",""106"",""107"",""108"",""109"",""11"",""110"",""111"",""112"",""113"",""114"",""115"",""116"",""12"",""13"",""14"",""15"",""16"",""17"",""18"",""19"",""2"",""20"",""21"",""22"",""23"",""24"",""25"",""26"",""27"",""28"",""3"",""30"",""31"",""32"",""33"",""34"",""35"",""36"",""37"",""39"",""4"",""40"",""42"",""43"",""44"",""45"",""46"",""47"",""48"",""49"",""5"",""50"",""51"",""52"",""53"",""54"",""55"",""56"",""57"",""58"",""59"",""6"",""60"",""61"",""62"",""63"",""64"",""65"",""66"",""67"",""68"",""69"",""7"",""70"",""71"",""72"",""73"",""74"",""75"",""76"",""77"",""78"",""79"",""8"",""80"",""81"",""82"",""83"",""84"",""85"",""86"",""87"",""88"",""89"",""9"",""90"",""91"",""92"",""93"",""94"",""95"",""96"",""97"",""98"",""99""]","{""Kallax_Shelf_Drawer"":{""case_support_fraction"":0.0,""cases"":29,""support_cases"":0,""support_events"":0,""vacuous_cases"":29},""Lack_Coffee_Table"":{""case_support_fraction"":0.07142857142857142,""cases"":28,""support_cases"":2,""support_events"":2,""vacuous_cases"":26},""Lack_Side_Table"":{""case_support_fraction"":0.0,""cases"":30,""support_cases"":0,""support_events"":0,""vacuous_cases"":30},""Lack_TV_Bench"":{""case_support_fraction"":0.0,""cases"":29,""support_cases"":0,""support_events"":0,""vacuous_cases"":29}}",0,[],1,"{""empty_upper_rows"":112,""example"":{""case_id"":""29"",""id"":""upper:occ_014:29"",""kind"":""occurrence_upper"",""terms"":{""v001912"":1},""upper"":1},""lower_rows"":0,""upper_rows"":116}"
occ_015,False,31,lay down side panel,0,1,1,1,115,0.008620689655172414,"[""91""]","[""0"",""1"",""10"",""100"",""101"",""102"",""103"",""104"",""105"",""106"",""107"",""108"",""109"",""11"",""110"",""111"",""112"",""113"",""114"",""115"",""116"",""12"",""13"",""14"",""15"",""16"",""17"",""18"",""19"",""2"",""20"",""21"",""22"",""23"",""24"",""25"",""26"",""27"",""28"",""29"",""3"",""30"",""31"",""32"",""33"",""34"",""35"",""36"",""37"",""39"",""4"",""40"",""41"",""42"",""43"",""44"",""45"",""46"",""47"",""48"",""49"",""5"",""50"",""51"",""52"",""53"",""54"",""55"",""56"",""57"",""58"",""59"",""6"",""60"",""61"",""62"",""63"",""64"",""65"",""66"",""67"",""68"",""69"",""7"",""70"",""71"",""72"",""73"",""74"",""75"",""76"",""77"",""78"",""79"",""8"",""80"",""81"",""82"",""83"",""84"",""85"",""86"",""87"",""88"",""89"",""9"",""90"",""92"",""93"",""94"",""95"",""96"",""97"",""98"",""99""]","{""Kallax_Shelf_Drawer"":{""case_support_fraction"":0.034482758620689655,""cases"":29,""support_cases"":1,""support_events"":1,""vacuous_cases"":28},""Lack_Coffee_Table"":{""case_support_fraction"":0.0,""cases"":28,""support_cases"":0,""support_events"":0,""vacuous_cases"":28},""Lack_Side_Table"":{""case_support_fraction"":0.0,""cases"":30,""support_cases"":0,""support_events"":0,""vacuous_cases"":30},""Lack_TV_Bench"":{""case_support_fraction"":0.0,""cases"":29,""support_cases"":0,""support_events"":0,""vacuous_cases"":29}}",0,[],1,"{""empty_upper_rows"":115,""example"":{""case_id"":""91"",""id"":""upper:occ_015:91"",""kind"":""occurrence_upper"",""terms"":{""v005123"":1},""upper"":1},""lower_rows"":0,""upper_rows"":116}"
occ_016,False,25,lay down table top,0,1,6,6,110,0.05172413793103448,"[""3"",""53"",""60"",""7"",""70"",""9""]","[""0"",""1"",""10"",""100"",""101"",""102"",""103"",""104"",""105"",""106"",""107"",""108"",""109"",""11"",""110"",""111"",""112"",""113"",""114"",""115"",""116"",""12"",""13"",""14"",""15"",""16"",""17"",""18"",""19"",""2"",""20"",""21"",""22"",""23"",""24"",""25"",""26"",""27"",""28"",""29"",""30"",""31"",""32"",""33"",""34"",""35"",""36"",""37"",""39"",""4"",""40"",""41"",""42"",""43"",""44"",""45"",""46"",""47"",""48"",""49"",""5"",""50"",""51"",""52"",""54"",""55"",""56"",""57"",""58"",""59"",""6"",""61"",""62"",""63"",""64"",""65"",""66"",""67"",""68"",""69"",""71"",""72"",""73"",""74"",""75"",""76"",""77"",""78"",""79"",""8"",""80"",""81"",""82"",""83"",""84"",""85"",""86"",""87"",""88"",""89"",""90"",""91"",""92"",""93"",""94"",""95"",""96"",""97"",""98"",""99""]","{""Kallax_Shelf_Drawer"":{""case_support_fraction"":0.0,""cases"":29,""support_cases"":0,""support_events"":0,""vacuous_cases"":29},""Lack_Coffee_Table"":{""case_support_fraction"":0.03571428571428571,""cases"":28,""support_cases"":1,""support_events"":1,""vacuous_cases"":27},""Lack_Side_Table"":{""case_support_fraction"":0.06666666666666667,""cases"":30,""support_cases"":2,""support_events"":2,""vacuous_cases"":28},""Lack_TV_Bench"":{""case_support_fraction"":0.10344827586206896,""cases"":29,""support_cases"":3,""support_events"":3,""vacuous_cases"":26}}",0,[],1,"{""empty_upper_rows"":110,""example"":{""case_id"":""3"",""id"":""upper:occ_016:3"",""kind"":""occurrence_upper"",""terms"":{""v001930"":1},""upper"":1},""lower_rows"":0,""upper_rows"":116}"
occ_017,False,20,other,0,3,16,23,100,0.13793103448275862,"[""0"",""94""]","[""1"",""10"",""100"",""101"",""102"",""104"",""106"",""107"",""109"",""11"",""110"",""111"",""112"",""114"",""115"",""116"",""13"",""14"",""15"",""16"",""18"",""19"",""20"",""21"",""22"",""23"",""24"",""25"",""26"",""27"",""28"",""29"",""3"",""30"",""31"",""32"",""33"",""34"",""35"",""36"",""37"",""39"",""4"",""40"",""41"",""42"",""43"",""45"",""46"",""47"",""48"",""49"",""5"",""50"",""52"",""53"",""54"",""55"",""56"",""57"",""58"",""59"",""6"",""60"",""61"",""62"",""63"",""64"",""65"",""66"",""67"",""68"",""69"",""7"",""70"",""71"",""72"",""73"",""74"",""75"",""76"",""77"",""78"",""79"",""8"",""80"",""81"",""82"",""83"",""85"",""86"",""87"",""88"",""89"",""90"",""92"",""93"",""95"",""97"",""98""]","{""Kallax_Shelf_Drawer"":{""case_support_fraction"":0.27586206896551724,""cases"":29,""support_cases"":8,""support_events"":10,""vacuous_cases"":21},""Lack_Coffee_Table"":{""case_support_fraction"":0.07142857142857142,""cases"":28,""support_cases"":2,""support_events"":2,""vacuous_cases"":26},""Lack_Side_Table"":{""case_support_fraction"":0.03333333333333333,""cases"":30,""support_cases"":1,""support_events"":1,""vacuous_cases"":29},""Lack_TV_Bench"":{""case_support_fraction"":0.1724137931034483,""cases"":29,""support_cases"":5,""support_events"":10,""vacuous_cases"":24}}",3,"[""0"",""13"",""7""]",6,"{""empty_upper_rows"":75,""example"":{""case_id"":""0"",""id"":""upper:occ_017:0"",""kind"":""occurrence_upper"",""terms"":{""v000013"":1,""v000016"":1,""v000025"":1,""v000037"":1,""v000052"":1,""v000064"":1},""upper"":3},""lower_rows"":0,""upper_rows"":116}"
occ_018,False,17,pick up back panel,0,3,23,32,93,0.19827586206896552,"[""91"",""94""]","[""0"",""1"",""10"",""101"",""108"",""109"",""11"",""12"",""13"",""14"",""15"",""16"",""17"",""18"",""19"",""2"",""20"",""21"",""22"",""23"",""24"",""25"",""26"",""27"",""28"",""29"",""3"",""30"",""31"",""32"",""33"",""34"",""35"",""36"",""37"",""39"",""4"",""40"",""41"",""42"",""43"",""44"",""45"",""46"",""47"",""48"",""49"",""5"",""50"",""51"",""52"",""53"",""54"",""55"",""56"",""57"",""58"",""59"",""6"",""60"",""61"",""62"",""63"",""64"",""65"",""66"",""67"",""68"",""69"",""7"",""70"",""71"",""72"",""73"",""74"",""75"",""76"",""77"",""78"",""79"",""8"",""80"",""81"",""82"",""83"",""84"",""85"",""86"",""87"",""89"",""9"",""93"",""98""]","{""Kallax_Shelf_Drawer"":{""case_support_fraction"":0.7931034482758621,""cases"":29,""support_cases"":23,""support_events"":32,""vacuous_cases"":6},""Lack_Coffee_Table"":{""case_support_fraction"":0.0,""cases"":28,""support_cases"":0,""support_events"":0,""vacuous_cases"":28},""Lack_Side_Table"":{""case_support_fraction"":0.0,""cases"":30,""support_cases"":0,""support_events"":0,""vacuous_cases"":30},""Lack_TV_Bench"":{""case_support_fraction"":0.0,""cases"":29,""support_cases"":0,""support_events"":0,""vacuous_cases"":29}}",1,"[""94""]",5,"{""empty_upper_rows"":91,""example"":{""case_id"":""91"",""id"":""upper:occ_018:91"",""kind"":""occurrence_upper"",""terms"":{""v005089"":1,""v005140"":1,""v005167"":1},""upper"":3},""lower_rows"":0,""upper_rows"":116}"
occ_019,False,12,pick up bottom panel,0,3,29,33,87,0.25,"[""91""]","[""0"",""1"",""10"",""11"",""12"",""13"",""14"",""15"",""16"",""17"",""18"",""19"",""2"",""20"",""21"",""22"",""23"",""24"",""25"",""26"",""27"",""28"",""29"",""3"",""30"",""31"",""32"",""33"",""34"",""35"",""36"",""37"",""39"",""4"",""40"",""41"",""42"",""43"",""44"",""45"",""46"",""47"",""48"",""49"",""5"",""50"",""51"",""52"",""53"",""54"",""55"",""56"",""57"",""58"",""59"",""6"",""60"",""61"",""62"",""63"",""64"",""65"",""66"",""67"",""68"",""69"",""7"",""70"",""71"",""72"",""73"",""74"",""75"",""76"",""77"",""78"",""79"",""8"",""80"",""81"",""82"",""83"",""84"",""85"",""86"",""87"",""9""]","{""Kallax_Shelf_Drawer"":{""case_support_fraction"":1.0,""cases"":29,""support_cases"":29,""support_events"":33,""vacuous_cases"":0},""Lack_Coffee_Table"":{""case_support_fraction"":0.0,""cases"":28,""support_cases"":0,""support_events"":0,""vacuous_cases"":28},""Lack_Side_Table"":{""case_support_fraction"":0.0,""cases"":30,""support_cases"":0,""support_events"":0,""vacuous_cases"":30},""Lack_TV_Bench"":{""case_support_fraction"":0.0,""cases"":29,""support_cases"":0,""support_events"":0,""vacuous_cases"":29}}",5,"[""105"",""88"",""92"",""94"",""95""]",5,"{""empty_upper_rows"":87,""example"":{""case_id"":""91"",""id"":""upper:occ_019:91"",""kind"":""occurrence_upper"",""terms"":{""v005146"":1,""v005152"":1,""v005162"":1},""upper"":3},""lower_rows"":0,""upper_rows"":116}"
occ_020,False,21,pick up front panel,0,2,12,13,104,0.10344827586206896,"[""91""]","[""0"",""1"",""10"",""101"",""102"",""104"",""105"",""107"",""108"",""11"",""111"",""112"",""113"",""114"",""116"",""12"",""13"",""14"",""15"",""16"",""17"",""18"",""19"",""2"",""20"",""21"",""22"",""23"",""24"",""25"",""26"",""27"",""28"",""29"",""3"",""30"",""31"",""32"",""33"",""34"",""35"",""36"",""37"",""39"",""4"",""40"",""41"",""42"",""43"",""44"",""45"",""46"",""47"",""48"",""49"",""5"",""50"",""51"",""52"",""53"",""54"",""55"",""56"",""57"",""58"",""59"",""6"",""60"",""61"",""62"",""63"",""64"",""65"",""66"",""67"",""68"",""69"",""7"",""70"",""71"",""72"",""73"",""74"",""75"",""76"",""77"",""78"",""79"",""8"",""80"",""81"",""82"",""83"",""84"",""85"",""86"",""87"",""88"",""9"",""90"",""94"",""95"",""96"",""97""]","{""Kallax_Shelf_Drawer"":{""case_support_fraction"":0.41379310344827586,""cases"":29,""support_cases"":12,""support_events"":13,""vacuous_cases"":17},""Lack_Coffee_Table"":{""case_support_fraction"":0.0,""cases"":28,""support_cases"":0,""support_events"":0,""vacuous_cases"":28},""Lack_Side_Table"":{""case_support_fraction"":0.0,""cases"":30,""support_cases"":0,""support_events"":0,""vacuous_cases"":30},""Lack_TV_Bench"":{""case_support_fraction"":0.0,""cases"":29,""support_cases"":0,""support_events"":0,""vacuous_cases"":29}}",0,[],2,"{""empty_upper_rows"":103,""example"":{""case_id"":""91"",""id"":""upper:occ_020:91"",""kind"":""occurrence_upper"",""terms"":{""v005079"":1,""v005099"":1},""upper"":2},""lower_rows"":0,""upper_rows"":116}"
occ_021,True,2,pick up leg,0,5,87,338,29,0.75,"[""19"",""29"",""39"",""61"",""9""]","[""100"",""101"",""102"",""103"",""104"",""105"",""106"",""107"",""108"",""109"",""110"",""111"",""112"",""113"",""114"",""115"",""116"",""88"",""89"",""90"",""91"",""92"",""93"",""94"",""95"",""96"",""97"",""98"",""99""]","{""Kallax_Shelf_Drawer"":{""case_support_fraction"":0.0,""cases"":29,""support_cases"":0,""support_events"":0,""vacuous_cases"":29},""Lack_Coffee_Table"":{""case_support_fraction"":1.0,""cases"":28,""support_cases"":28,""support_events"":109,""vacuous_cases"":0},""Lack_Side_Table"":{""case_support_fraction"":1.0,""cases"":30,""support_cases"":30,""support_events"":114,""vacuous_cases"":0},""Lack_TV_Bench"":{""case_support_fraction"":1.0,""cases"":29,""support_cases"":29,""support_events"":115,""vacuous_cases"":0}}",81,"[""0"",""10"",""106"",""11"",""12"",""13"",""14"",""15"",""16"",""19"",""2"",""20"",""21"",""22"",""23"",""24"",""25"",""26"",""27"",""28"",""29"",""3"",""30"",""31"",""32"",""34"",""35"",""36"",""39"",""4"",""40"",""41"",""42"",""43"",""45"",""46"",""47"",""48"",""49"",""5"",""50"",""51"",""52"",""53"",""54"",""55"",""56"",""57"",""58"",""59"",""6"",""60"",""61"",""62"",""63"",""64"",""65"",""66"",""67"",""68"",""69"",""7"",""70"",""71"",""72"",""73"",""74"",""76"",""77"",""78"",""79"",""8"",""80"",""81"",""82"",""83"",""84"",""85"",""86"",""9"",""91""]",16,"{""empty_upper_rows"":4,""example"":{""case_id"":""19"",""id"":""upper:occ_021:19"",""kind"":""occurrence_upper"",""terms"":{""v001307"":1,""v001309"":1,""v001312"":1,""v001315"":1,""v001318"":1,""v001321"":1,""v001324"":1,""v001330"":1,""v001333"":1,""v001340"":1,""v001342"":1,""v001345"":1,""v001351"":1},""upper"":5},""lower_rows"":0,""upper_rows"":116}"
occ_022,False,15,pick up pin,0,3,27,45,89,0.23275862068965517,"[""98""]","[""0"",""1"",""10"",""101"",""11"",""113"",""12"",""13"",""14"",""15"",""16"",""17"",""18"",""19"",""2"",""20"",""21"",""22"",""23"",""24"",""25"",""26"",""27"",""28"",""29"",""3"",""30"",""31"",""32"",""33"",""34"",""35"",""36"",""37"",""39"",""4"",""40"",""41"",""42"",""43"",""44"",""45"",""46"",""47"",""48"",""49"",""5"",""50"",""51"",""52"",""53"",""54"",""55"",""56"",""57"",""58"",""59"",""6"",""60"",""61"",""62"",""63"",""64"",""65"",""66"",""67"",""68"",""69"",""7"",""70"",""71"",""72"",""73"",""74"",""75"",""76"",""77"",""78"",""79"",""8"",""80"",""81"",""82"",""83"",""84"",""85"",""86"",""87"",""9""]","{""Kallax_Shelf_Drawer"":{""case_support_fraction"":0.9310344827586207,""cases"":29,""support_cases"":27,""support_events"":45,""vacuous_cases"":2},""Lack_Coffee_Table"":{""case_support_fraction"":0.0,""cases"":28,""support_cases"":0,""support_events"":0,""vacuous_cases"":28},""Lack_Side_Table"":{""case_support_fraction"":0.0,""cases"":30,""support_cases"":0,""support_events"":0,""vacuous_cases"":30},""Lack_TV_Bench"":{""case_support_fraction"":0.0,""cases"":29,""support_cases"":0,""support_events"":0,""vacuous_cases"":29}}",6,"[""100"",""116"",""90"",""92"",""95"",""99""]",5,"{""empty_upper_rows"":89,""example"":{""case_id"":""98"",""id"":""upper:occ_022:98"",""kind"":""occurrence_upper"",""terms"":{""v005501"":1,""v005510"":1,""v005516"":1},""upper"":3},""lower_rows"":0,""upper_rows"":116}"
occ_023,False,6,pick up shelf,0,2,54,57,62,0.46551724137931033,"[""24"",""34"",""53""]","[""10"",""100"",""101"",""102"",""103"",""104"",""105"",""106"",""107"",""108"",""109"",""110"",""111"",""112"",""113"",""114"",""115"",""116"",""33"",""48"",""58"",""59"",""60"",""61"",""62"",""63"",""64"",""65"",""66"",""67"",""68"",""69"",""70"",""71"",""72"",""73"",""74"",""75"",""76"",""77"",""78"",""79"",""80"",""81"",""82"",""83"",""84"",""85"",""86"",""87"",""88"",""89"",""90"",""91"",""92"",""93"",""94"",""95"",""96"",""97"",""98"",""99""]","{""Kallax_Shelf_Drawer"":{""case_support_fraction"":0.0,""cases"":29,""support_cases"":0,""support_events"":0,""vacuous_cases"":29},""Lack_Coffee_Table"":{""case_support_fraction"":0.9285714285714286,""cases"":28,""support_cases"":26,""support_events"":28,""vacuous_cases"":2},""Lack_Side_Table"":{""case_support_fraction"":0.0,""cases"":30,""support_cases"":0,""support_events"":0,""vacuous_cases"":30},""Lack_TV_Bench"":{""case_support_fraction"":0.9655172413793104,""cases"":29,""support_cases"":28,""support_events"":29,""vacuous_cases"":1}}",48,"[""0"",""1"",""107"",""108"",""109"",""11"",""113"",""12"",""13"",""14"",""15"",""16"",""17"",""18"",""19"",""21"",""22"",""24"",""25"",""26"",""27"",""29"",""3"",""30"",""34"",""37"",""4"",""40"",""41"",""42"",""43"",""44"",""45"",""46"",""47"",""49"",""50"",""51"",""52"",""53"",""54"",""56"",""57"",""7"",""70"",""72"",""9"",""91""]",8,"{""empty_upper_rows"":22,""example"":{""case_id"":""24"",""id"":""upper:occ_023:24"",""kind"":""occurrence_upper"",""terms"":{""v001646"":1,""v001655"":1,""v001658"":1},""upper"":2},""lower_rows"":0,""upper_rows"":116}"
occ_024,False,10,pick up side panel,0,6,29,65,87,0.25,"[""91""]","[""0"",""1"",""10"",""11"",""12"",""13"",""14"",""15"",""16"",""17"",""18"",""19"",""2"",""20"",""21"",""22"",""23"",""24"",""25"",""26"",""27"",""28"",""29"",""3"",""30"",""31"",""32"",""33"",""34"",""35"",""36"",""37"",""39"",""4"",""40"",""41"",""42"",""43"",""44"",""45"",""46"",""47"",""48"",""49"",""5"",""50"",""51"",""52"",""53"",""54"",""55"",""56"",""57"",""58"",""59"",""6"",""60"",""61"",""62"",""63"",""64"",""65"",""66"",""67"",""68"",""69"",""7"",""70"",""71"",""72"",""73"",""74"",""75"",""76"",""77"",""78"",""79"",""8"",""80"",""81"",""82"",""83"",""84"",""85"",""86"",""87"",""9""]","{""Kallax_Shelf_Drawer"":{""case_support_fraction"":1.0,""cases"":29,""support_cases"":29,""support_events"":65,""vacuous_cases"":0},""Lack_Coffee_Table"":{""case_support_fraction"":0.0,""cases"":28,""support_cases"":0,""support_events"":0,""vacuous_cases"":28},""Lack_Side_Table"":{""case_support_fraction"":0.0,""cases"":30,""support_cases"":0,""support_events"":0,""vacuous_cases"":30},""Lack_TV_Bench"":{""case_support_fraction"":0.0,""cases"":29,""support_cases"":0,""support_events"":0,""vacuous_cases"":29}}",3,"[""103"",""64"",""91""]",9,"{""empty_upper_rows"":79,""example"":{""case_id"":""91"",""id"":""upper:occ_024:91"",""kind"":""occurrence_upper"",""terms"":{""v005084"":1,""v005093"":1,""v005107"":1,""v005116"":1,""v005120"":1,""v005132"":1,""v005141"":1},""upper"":6},""lower_rows"":0,""upper_rows"":116}"
occ_025,False,24,pick up table top,0,1,8,8,108,0.06896551724137931,"[""19"",""3"",""60"",""70"",""76"",""77"",""84"",""9""]","[""0"",""1"",""10"",""100"",""101"",""102"",""103"",""104"",""105"",""106"",""107"",""108"",""109"",""11"",""110"",""111"",""112"",""113"",""114"",""115"",""116"",""12"",""13"",""14"",""15"",""16"",""17"",""18"",""2"",""20"",""21"",""22"",""23"",""24"",""25"",""26"",""27"",""28"",""29"",""30"",""31"",""32"",""33"",""34"",""35"",""36"",""37"",""39"",""4"",""40"",""41"",""42"",""43"",""44"",""45"",""46"",""47"",""48"",""49"",""5"",""50"",""51"",""52"",""53"",""54"",""55"",""56"",""57"",""58"",""59"",""6"",""61"",""62"",""63"",""64"",""65"",""66"",""67"",""68"",""69"",""7"",""71"",""72"",""73"",""74"",""75"",""78"",""79"",""8"",""80"",""81"",""82"",""83"",""85"",""86"",""87"",""88"",""89"",""90"",""91"",""92"",""93"",""94"",""95"",""96"",""97"",""98"",""99""]","{""Kallax_Shelf_Drawer"":{""case_support_fraction"":0.0,""cases"":29,""support_cases"":0,""support_events"":0,""vacuous_cases"":29},""Lack_Coffee_Table"":{""case_support_fraction"":0.0,""cases"":28,""support_cases"":0,""support_events"":0,""vacuous_cases"":28},""Lack_Side_Table"":{""case_support_fraction"":0.16666666666666666,""cases"":30,""support_cases"":5,""support_events"":5,""vacuous_cases"":25},""Lack_TV_Bench"":{""case_support_fraction"":0.10344827586206896,""cases"":29,""support_cases"":3,""support_events"":3,""vacuous_cases"":26}}",0,[],1,"{""empty_upper_rows"":108,""example"":{""case_id"":""19"",""id"":""upper:occ_025:19"",""kind"":""occurrence_upper"",""terms"":{""v001304"":1},""upper"":1},""lower_rows"":0,""upper_rows"":116}"
occ_026,False,19,position the drawer right side up,0,1,20,20,96,0.1724137931034483,"[""100"",""101"",""102"",""103"",""104"",""105"",""106"",""108"",""110"",""111"",""113"",""114"",""115"",""88"",""91"",""92"",""93"",""94"",""95"",""99""]","[""0"",""1"",""10"",""107"",""109"",""11"",""112"",""116"",""12"",""13"",""14"",""15"",""16"",""17"",""18"",""19"",""2"",""20"",""21"",""22"",""23"",""24"",""25"",""26"",""27"",""28"",""29"",""3"",""30"",""31"",""32"",""33"",""34"",""35"",""36"",""37"",""39"",""4"",""40"",""41"",""42"",""43"",""44"",""45"",""46"",""47"",""48"",""49"",""5"",""50"",""51"",""52"",""53"",""54"",""55"",""56"",""57"",""58"",""59"",""6"",""60"",""61"",""62"",""63"",""64"",""65"",""66"",""67"",""68"",""69"",""7"",""70"",""71"",""72"",""73"",""74"",""75"",""76"",""77"",""78"",""79"",""8"",""80"",""81"",""82"",""83"",""84"",""85"",""86"",""87"",""89"",""9"",""90"",""96"",""97"",""98""]","{""Kallax_Shelf_Drawer"":{""case_support_fraction"":0.6896551724137931,""cases"":29,""support_cases"":20,""support_events"":20,""vacuous_cases"":9},""Lack_Coffee_Table"":{""case_support_fraction"":0.0,""cases"":28,""support_cases"":0,""support_events"":0,""vacuous_cases"":28},""Lack_Side_Table"":{""case_support_fraction"":0.0,""cases"":30,""support_cases"":0,""support_events"":0,""vacuous_cases"":30},""Lack_TV_Bench"":{""case_support_fraction"":0.0,""cases"":29,""support_cases"":0,""support_events"":0,""vacuous_cases"":29}}",4,"[""105"",""108"",""111"",""96""]",3,"{""empty_upper_rows"":91,""example"":{""case_id"":""100"",""id"":""upper:occ_026:100"",""kind"":""occurrence_upper"",""terms"":{""v000197"":1},""upper"":1},""lower_rows"":0,""upper_rows"":116}"
occ_027,False,26,push table,0,1,4,4,112,0.034482758620689655,"[""15"",""17"",""5"",""64""]","[""0"",""1"",""10"",""100"",""101"",""102"",""103"",""104"",""105"",""106"",""107"",""108"",""109"",""11"",""110"",""111"",""112"",""113"",""114"",""115"",""116"",""12"",""13"",""14"",""16"",""18"",""19"",""2"",""20"",""21"",""22"",""23"",""24"",""25"",""26"",""27"",""28"",""29"",""3"",""30"",""31"",""32"",""33"",""34"",""35"",""36"",""37"",""39"",""4"",""40"",""41"",""42"",""43"",""44"",""45"",""46"",""47"",""48"",""49"",""50"",""51"",""52"",""53"",""54"",""55"",""56"",""57"",""58"",""59"",""6"",""60"",""61"",""62"",""63"",""65"",""66"",""67"",""68"",""69"",""7"",""70"",""71"",""72"",""73"",""74"",""75"",""76"",""77"",""78"",""79"",""8"",""80"",""81"",""82"",""83"",""84"",""85"",""86"",""87"",""88"",""89"",""9"",""90"",""91"",""92"",""93"",""94"",""95"",""96"",""97"",""98"",""99""]","{""Kallax_Shelf_Drawer"":{""case_support_fraction"":0.0,""cases"":29,""support_cases"":0,""support_events"":0,""vacuous_cases"":29},""Lack_Coffee_Table"":{""case_support_fraction"":0.0,""cases"":28,""support_cases"":0,""support_events"":0,""vacuous_cases"":28},""Lack_Side_Table"":{""case_support_fraction"":0.03333333333333333,""cases"":30,""support_cases"":1,""support_events"":1,""vacuous_cases"":29},""Lack_TV_Bench"":{""case_support_fraction"":0.10344827586206896,""cases"":29,""support_cases"":3,""support_events"":3,""vacuous_cases"":26}}",0,[],1,"{""empty_upper_rows"":112,""example"":{""case_id"":""15"",""id"":""upper:occ_027:15"",""kind"":""occurrence_upper"",""terms"":{""v001110"":1},""upper"":1},""lower_rows"":0,""upper_rows"":116}"
occ_028,False,32,push table top,0,1,1,1,115,0.008620689655172414,"[""49""]","[""0"",""1"",""10"",""100"",""101"",""102"",""103"",""104"",""105"",""106"",""107"",""108"",""109"",""11"",""110"",""111"",""112"",""113"",""114"",""115"",""116"",""12"",""13"",""14"",""15"",""16"",""17"",""18"",""19"",""2"",""20"",""21"",""22"",""23"",""24"",""25"",""26"",""27"",""28"",""29"",""3"",""30"",""31"",""32"",""33"",""34"",""35"",""36"",""37"",""39"",""4"",""40"",""41"",""42"",""43"",""44"",""45"",""46"",""47"",""48"",""5"",""50"",""51"",""52"",""53"",""54"",""55"",""56"",""57"",""58"",""59"",""6"",""60"",""61"",""62"",""63"",""64"",""65"",""66"",""67"",""68"",""69"",""7"",""70"",""71"",""72"",""73"",""74"",""75"",""76"",""77"",""78"",""79"",""8"",""80"",""81"",""82"",""83"",""84"",""85"",""86"",""87"",""88"",""89"",""9"",""90"",""91"",""92"",""93"",""94"",""95"",""96"",""97"",""98"",""99""]","{""Kallax_Shelf_Drawer"":{""case_support_fraction"":0.0,""cases"":29,""support_cases"":0,""support_events"":0,""vacuous_cases"":29},""Lack_Coffee_Table"":{""case_support_fraction"":0.03571428571428571,""cases"":28,""support_cases"":1,""support_events"":1,""vacuous_cases"":27},""Lack_Side_Table"":{""case_support_fraction"":0.0,""cases"":30,""support_cases"":0,""support_events"":0,""vacuous_cases"":30},""Lack_TV_Bench"":{""case_support_fraction"":0.0,""cases"":29,""support_cases"":0,""support_events"":0,""vacuous_cases"":29}}",0,[],1,"{""empty_upper_rows"":108,""example"":{""case_id"":""49"",""id"":""upper:occ_028:49"",""kind"":""occurrence_upper"",""terms"":{""v002897"":1},""upper"":1},""lower_rows"":0,""upper_rows"":116}"
occ_029,False,9,rotate table,0,5,34,61,82,0.29310344827586204,"[""43"",""7""]","[""1"",""10"",""100"",""101"",""102"",""103"",""104"",""105"",""106"",""107"",""108"",""109"",""11"",""110"",""111"",""112"",""113"",""114"",""115"",""116"",""12"",""13"",""14"",""15"",""16"",""17"",""19"",""2"",""20"",""22"",""23"",""24"",""26"",""27"",""28"",""29"",""3"",""30"",""31"",""32"",""34"",""35"",""36"",""37"",""39"",""4"",""40"",""41"",""44"",""45"",""49"",""5"",""50"",""52"",""53"",""54"",""55"",""56"",""57"",""59"",""6"",""61"",""67"",""70"",""72"",""73"",""78"",""8"",""81"",""84"",""88"",""89"",""90"",""91"",""92"",""93"",""94"",""95"",""96"",""97"",""98"",""99""]","{""Kallax_Shelf_Drawer"":{""case_support_fraction"":0.0,""cases"":29,""support_cases"":0,""support_events"":0,""vacuous_cases"":29},""Lack_Coffee_Table"":{""case_support_fraction"":0.25,""cases"":28,""support_cases"":7,""support_events"":15,""vacuous_cases"":21},""Lack_Side_Table"":{""case_support_fraction"":0.7,""cases"":30,""support_cases"":21,""support_events"":36,""vacuous_cases"":9},""Lack_TV_Bench"":{""case_support_fraction"":0.20689655172413793,""cases"":29,""support_cases"":6,""support_events"":10,""vacuous_cases"":23}}",7,"[""17"",""43"",""44"",""5"",""53"",""61"",""64""]",9,"{""empty_upper_rows"":44,""example"":{""case_id"":""43"",""id"":""upper:occ_029:43"",""kind"":""occurrence_upper"",""terms"":{""v002600"":1,""v002622"":1,""v002629"":1,""v002642"":1,""v002651"":1,""v002657"":1,""v002660"":1,""v002666"":1},""upper"":5},""lower_rows"":0,""upper_rows"":116}"
occ_030,False,13,slide bottom of drawer,0,2,29,32,87,0.25,"[""106"",""113"",""91""]","[""0"",""1"",""10"",""11"",""12"",""13"",""14"",""15"",""16"",""17"",""18"",""19"",""2"",""20"",""21"",""22"",""23"",""24"",""25"",""26"",""27"",""28"",""29"",""3"",""30"",""31"",""32"",""33"",""34"",""35"",""36"",""37"",""39"",""4"",""40"",""41"",""42"",""43"",""44"",""45"",""46"",""47"",""48"",""49"",""5"",""50"",""51"",""52"",""53"",""54"",""55"",""56"",""57"",""58"",""59"",""6"",""60"",""61"",""62"",""63"",""64"",""65"",""66"",""67"",""68"",""69"",""7"",""70"",""71"",""72"",""73"",""74"",""75"",""76"",""77"",""78"",""79"",""8"",""80"",""81"",""82"",""83"",""84"",""85"",""86"",""87"",""9""]","{""Kallax_Shelf_Drawer"":{""case_support_fraction"":1.0,""cases"":29,""support_cases"":29,""support_events"":32,""vacuous_cases"":0},""Lack_Coffee_Table"":{""case_support_fraction"":0.0,""cases"":28,""support_cases"":0,""support_events"":0,""vacuous_cases"":28},""Lack_Side_Table"":{""case_support_fraction"":0.0,""cases"":30,""support_cases"":0,""support_events"":0,""vacuous_cases"":30},""Lack_TV_Bench"":{""case_support_fraction"":0.0,""cases"":29,""support_cases"":0,""support_events"":0,""vacuous_cases"":29}}",5,"[""105"",""88"",""92"",""96"",""99""]",4,"{""empty_upper_rows"":86,""example"":{""case_id"":""106"",""id"":""upper:occ_030:106"",""kind"":""occurrence_upper"",""terms"":{""v000439"":1,""v000445"":1},""upper"":2},""lower_rows"":0,""upper_rows"":116}"
occ_031,True,1,spin leg,0,8,87,362,29,0.75,"[""58""]","[""100"",""101"",""102"",""103"",""104"",""105"",""106"",""107"",""108"",""109"",""110"",""111"",""112"",""113"",""114"",""115"",""116"",""88"",""89"",""90"",""91"",""92"",""93"",""94"",""95"",""96"",""97"",""98"",""99""]","{""Kallax_Shelf_Drawer"":{""case_support_fraction"":0.0,""cases"":29,""support_cases"":0,""support_events"":0,""vacuous_cases"":29},""Lack_Coffee_Table"":{""case_support_fraction"":1.0,""cases"":28,""support_cases"":28,""support_events"":117,""vacuous_cases"":0},""Lack_Side_Table"":{""case_support_fraction"":1.0,""cases"":30,""support_cases"":30,""support_events"":128,""vacuous_cases"":0},""Lack_TV_Bench"":{""case_support_fraction"":1.0,""cases"":29,""support_cases"":29,""support_events"":117,""vacuous_cases"":0}}",75,"[""0"",""1"",""104"",""11"",""113"",""115"",""12"",""13"",""14"",""15"",""17"",""18"",""19"",""2"",""20"",""21"",""22"",""23"",""24"",""25"",""26"",""27"",""28"",""29"",""3"",""31"",""32"",""33"",""35"",""36"",""39"",""4"",""40"",""41"",""42"",""43"",""44"",""45"",""47"",""49"",""5"",""53"",""54"",""55"",""56"",""57"",""58"",""6"",""60"",""61"",""62"",""65"",""66"",""69"",""7"",""70"",""71"",""72"",""73"",""74"",""76"",""77"",""78"",""79"",""8"",""80"",""81"",""82"",""83"",""84"",""85"",""86"",""9"",""91"",""93""]",17,"{""empty_upper_rows"":3,""example"":{""case_id"":""58"",""id"":""upper:occ_031:58"",""kind"":""occurrence_upper"",""terms"":{""v003389"":1,""v003391"":1,""v003395"":1,""v003398"":1,""v003401"":1,""v003404"":1,""v003407"":1,""v003409"":1,""v003416"":1,""v003419"":1,""v003422"":1,""v003424"":1,""v003428"":1},""upper"":8},""lower_rows"":0,""upper_rows"":116}"
occ_032,False,7,tighten leg,0,5,41,85,75,0.35344827586206895,"[""43""]","[""10"",""100"",""101"",""102"",""103"",""104"",""105"",""106"",""107"",""108"",""109"",""11"",""110"",""111"",""112"",""113"",""114"",""115"",""116"",""12"",""13"",""19"",""21"",""22"",""23"",""27"",""29"",""3"",""30"",""32"",""33"",""4"",""40"",""41"",""45"",""46"",""48"",""49"",""50"",""51"",""52"",""56"",""58"",""59"",""60"",""61"",""63"",""64"",""65"",""67"",""68"",""69"",""70"",""73"",""74"",""77"",""78"",""8"",""81"",""84"",""85"",""86"",""87"",""88"",""89"",""90"",""91"",""92"",""93"",""94"",""95"",""96"",""97"",""98"",""99""]","{""Kallax_Shelf_Drawer"":{""case_support_fraction"":0.0,""cases"":29,""support_cases"":0,""support_events"":0,""vacuous_cases"":29},""Lack_Coffee_Table"":{""case_support_fraction"":0.5,""cases"":28,""support_cases"":14,""support_events"":26,""vacuous_cases"":14},""Lack_Side_Table"":{""case_support_fraction"":0.3333333333333333,""cases"":30,""support_cases"":10,""support_events"":26,""vacuous_cases"":20},""Lack_TV_Bench"":{""case_support_fraction"":0.5862068965517241,""cases"":29,""support_cases"":17,""support_events"":33,""vacuous_cases"":12}}",25,"[""115"",""15"",""17"",""18"",""20"",""27"",""28"",""29"",""3"",""32"",""33"",""37"",""39"",""4"",""40"",""43"",""50"",""63"",""7"",""75"",""76"",""79"",""87"",""9"",""93""]",16,"{""empty_upper_rows"":29,""example"":{""case_id"":""43"",""id"":""upper:occ_032:43"",""kind"":""occurrence_upper"",""terms"":{""v002597"":1,""v002609"":1,""v002621"":1,""v002624"":1,""v002627"":1,""v002630"":1,""v002633"":1,""v002654"":1},""upper"":5},""lower_rows"":0,""upper_rows"":116}"
