id,selected,rank,predecessor,trigger,description,support_cases,support_events,case_support_fraction,event_support_fraction,vacuous_cases,vacuous_fraction,group_support,witness_example,candidate_rows
pre_001,False,26,align leg screw with table thread,flip shelf,Each selected flip shelf needs some earlier selected align leg screw with table thread in the same case.,2,3,0.017241379310344827,0.0016163793103448276,114,0.9827586206896551,"{""Kallax_Shelf_Drawer"":{""case_support_fraction"":0.0,""cases"":29,""support_cases"":0,""support_events"":0,""vacuous_cases"":29},""Lack_Coffee_Table"":{""case_support_fraction"":0.03571428571428571,""cases"":28,""support_cases"":1,""support_events"":2,""vacuous_cases"":27},""Lack_Side_Table"":{""case_support_fraction"":0.0,""cases"":30,""support_cases"":0,""support_events"":0,""vacuous_cases"":30},""Lack_TV_Bench"":{""case_support_fraction"":0.034482758620689655,""cases"":29,""support_cases"":1,""support_events"":1,""vacuous_cases"":28}}","{""case_id"":""22"",""eligible_supporters"":3,""predecessor_end_frame_exclusive"":261,""predecessor_event_id"":""case22:frames229-261"",""trigger_event_id"":""case22:frames3120-3165"",""trigger_start_frame"":3120}","{""example"":{""case_id"":""13"",""id"":""pre:pre_001:v001036"",""kind"":""prerequisite"",""terms"":{""v000996"":-1,""v000999"":-1,""v001002"":-1,""v001005"":-1,""v001008"":-1,""v001011"":-1,""v001014"":-1,""v001017"":-1,""v001020"":-1,""v001023"":-1,""v001026"":-1,""v001036"":1},""upper"":0},""max_supporters"":13,""min_supporters"":11,""no_supporter_rows"":0,""rows"":5,""supporter_cardinality_counts"":{""11"":2,""13"":3}}"
pre_002,False,30,align leg screw with table thread,lay down shelf,Each selected lay down shelf needs some earlier selected align leg screw with table thread in the same case.,2,2,0.017241379310344827,0.0010775862068965517,114,0.9827586206896551,"{""Kallax_Shelf_Drawer"":{""case_support_fraction"":0.0,""cases"":29,""support_cases"":0,""support_events"":0,""vacuous_cases"":29},""Lack_Coffee_Table"":{""case_support_fraction"":0.07142857142857142,""cases"":28,""support_cases"":2,""support_events"":2,""vacuous_cases"":26},""Lack_Side_Table"":{""case_support_fraction"":0.0,""cases"":30,""support_cases"":0,""support_events"":0,""vacuous_cases"":30},""Lack_TV_Bench"":{""case_support_fraction"":0.0,""cases"":29,""support_cases"":0,""support_events"":0,""vacuous_cases"":29}}","{""case_id"":""29"",""eligible_supporters"":4,""predecessor_end_frame_exclusive"":350,""predecessor_event_id"":""case29:frames312-350"",""trigger_event_id"":""case29:frames2243-2297"",""trigger_start_frame"":2243}","{""example"":{""case_id"":""1"",""id"":""pre:pre_002:v000100"",""kind"":""prerequisite"",""terms"":{""v000066"":-1,""v000069"":-1,""v000072"":-1,""v000075"":-1,""v000078"":-1,""v000081"":-1,""v000084"":-1,""v000087"":-1,""v000090"":-1,""v000093"":-1,""v000100"":1},""upper"":0},""max_supporters"":13,""min_supporters"":10,""no_supporter_rows"":0,""rows"":4,""supporter_cardinality_counts"":{""10"":1,""13"":3}}"
pre_003,False,20,align leg screw with table thread,push table,Each selected push table needs some earlier selected align leg screw with table thread in the same case.,4,4,0.034482758620689655,0.0021551724137931034,112,0.9655172413793104,"{""Kallax_Shelf_Drawer"":{""case_support_fraction"":0.0,""cases"":29,""support_cases"":0,""support_events"":0,""vacuous_cases"":29},""Lack_Coffee_Table"":{""case_support_fraction"":0.0,""cases"":28,""support_cases"":0,""support_events"":0,""vacuous_cases"":28},""Lack_Side_Table"":{""case_support_fraction"":0.03333333333333333,""cases"":30,""support_cases"":1,""support_events"":1,""vacuous_cases"":29},""Lack_TV_Bench"":{""case_support_fraction"":0.10344827586206896,""cases"":29,""support_cases"":3,""support_events"":3,""vacuous_cases"":26}}","{""case_id"":""15"",""eligible_supporters"":2,""predecessor_end_frame_exclusive"":120,""predecessor_event_id"":""case15:frames87-120"",""trigger_event_id"":""case15:frames827-853"",""trigger_start_frame"":827}","{""example"":{""case_id"":""15"",""id"":""pre:pre_003:v001110"",""kind"":""prerequisite"",""terms"":{""v001086"":-1,""v001089"":-1,""v001092"":-1,""v001095"":-1,""v001098"":-1,""v001101"":-1,""v001104"":-1,""v001107"":-1,""v001110"":1},""upper"":0},""max_supporters"":8,""min_supporters"":3,""no_supporter_rows"":0,""rows"":4,""supporter_cardinality_counts"":{""3"":1,""5"":1,""6"":1,""8"":1}}"
pre_004,False,35,align side panel holes with front panel dowels,lay down side panel,Each selected lay down side panel needs some earlier selected align side panel holes with front panel dowels in the same case.,1,1,0.008620689655172414,0.0005387931034482759,115,0.9913793103448276,"{""Kallax_Shelf_Drawer"":{""case_support_fraction"":0.034482758620689655,""cases"":29,""support_cases"":1,""support_events"":1,""vacuous_cases"":28},""Lack_Coffee_Table"":{""case_support_fraction"":0.0,""cases"":28,""support_cases"":0,""support_events"":0,""vacuous_cases"":28},""Lack_Side_Table"":{""case_support_fraction"":0.0,""cases"":30,""support_cases"":0,""support_events"":0,""vacuous_cases"":30},""Lack_TV_Bench"":{""case_support_fraction"":0.0,""cases"":29,""support_cases"":0,""support_events"":0,""vacuous_cases"":29}}","{""case_id"":""91"",""eligible_supporters"":2,""predecessor_end_frame_exclusive"":777,""predecessor_event_id"":""case91:frames699-777"",""trigger_event_id"":""case91:frames1363-1378"",""trigger_start_frame"":1363}","{""example"":{""case_id"":""91"",""id"":""pre:pre_004:v005123"",""kind"":""prerequisite"",""terms"":{""v005100"":-1,""v005110"":-1,""v005123"":1},""upper"":0},""max_supporters"":2,""min_supporters"":2,""no_supporter_rows"":0,""rows"":1,""supporter_cardinality_counts"":{""2"":1}}"
pre_005,False,36,attach drawer side panel,lay down side panel,Each selected lay down side panel needs some earlier selected attach drawer side panel in the same case.,1,1,0.008620689655172414,0.0005387931034482759,115,0.9913793103448276,"{""Kallax_Shelf_Drawer"":{""case_support_fraction"":0.034482758620689655,""cases"":29,""support_cases"":1,""support_events"":1,""vacuous_cases"":28},""Lack_Coffee_Table"":{""case_support_fraction"":0.0,""cases"":28,""support_cases"":0,""support_events"":0,""vacuous_cases"":28},""Lack_Side_Table"":{""case_support_fraction"":0.0,""cases"":30,""support_cases"":0,""support_events"":0,""vacuous_cases"":30},""Lack_TV_Bench"":{""case_support_fraction"":0.0,""cases"":29,""support_cases"":0,""support_events"":0,""vacuous_cases"":29}}","{""case_id"":""91"",""eligible_supporters"":2,""predecessor_end_frame_exclusive"":859,""predecessor_event_id"":""case91:frames777-859"",""trigger_event_id"":""case91:frames1363-1378"",""trigger_start_frame"":1363}","{""example"":{""case_id"":""91"",""id"":""pre:pre_005:v005123"",""kind"":""prerequisite"",""terms"":{""v005092"":-1,""v005095"":-1,""v005098"":-1,""v005101"":-1,""v005104"":-1,""v005113"":-1,""v005119"":-1,""v005123"":1},""upper"":0},""max_supporters"":7,""min_supporters"":7,""no_supporter_rows"":0,""rows"":1,""supporter_cardinality_counts"":{""7"":1}}"
pre_006,False,11,attach drawer side panel,pick up pin,Each selected pick up pin needs some earlier selected attach drawer side panel in the same case.,27,45,0.23275862068965517,0.024245689655172414,89,0.7672413793103449,"{""Kallax_Shelf_Drawer"":{""case_support_fraction"":0.9310344827586207,""cases"":29,""support_cases"":27,""support_events"":45,""vacuous_cases"":2},""Lack_Coffee_Table"":{""case_support_fraction"":0.0,""cases"":28,""support_cases"":0,""support_events"":0,""vacuous_cases"":28},""Lack_Side_Table"":{""case_support_fraction"":0.0,""cases"":30,""support_cases"":0,""support_events"":0,""vacuous_cases"":30},""Lack_TV_Bench"":{""case_support_fraction"":0.0,""cases"":29,""support_cases"":0,""support_events"":0,""vacuous_cases"":29}}","{""case_id"":""100"",""eligible_supporters"":2,""predecessor_end_frame_exclusive"":593,""predecessor_event_id"":""case100:frames496-593"",""trigger_event_id"":""case100:frames1563-1597"",""trigger_start_frame"":1563}","{""example"":{""case_id"":""100"",""id"":""pre:pre_006:v000185"",""kind"":""prerequisite"",""terms"":{""v000158"":-1,""v000161"":-1,""v000162"":-1,""v000167"":-1,""v000170"":-1,""v000171"":-1,""v000185"":1},""upper"":0},""max_supporters"":16,""min_supporters"":2,""no_supporter_rows"":0,""rows"":70,""supporter_cardinality_counts"":{""2"":19,""3"":10,""4"":16,""5"":6,""6"":8,""7"":10,""16"":1}}"
pre_007,False,27,flip table top,flip shelf,Each selected flip shelf needs some earlier selected flip table top in the same case.,2,3,0.017241379310344827,0.0016163793103448276,114,0.9827586206896551,"{""Kallax_Shelf_Drawer"":{""case_support_fraction"":0.0,""cases"":29,""support_cases"":0,""support_events"":0,""vacuous_cases"":29},""Lack_Coffee_Table"":{""case_support_fraction"":0.03571428571428571,""cases"":28,""support_cases"":1,""support_events"":2,""vacuous_cases"":27},""Lack_Side_Table"":{""case_support_fraction"":0.0,""cases"":30,""support_cases"":0,""support_events"":0,""vacuous_cases"":30},""Lack_TV_Bench"":{""case_support_fraction"":0.034482758620689655,""cases"":29,""support_cases"":1,""support_events"":1,""vacuous_cases"":28}}","{""case_id"":""22"",""eligible_supporters"":1,""predecessor_end_frame_exclusive"":166,""predecessor_event_id"":""case22:frames4-166"",""trigger_event_id"":""case22:frames3120-3165"",""trigger_start_frame"":3120}","{""example"":{""case_id"":""13"",""id"":""pre:pre_007:v001036"",""kind"":""prerequisite"",""terms"":{""v000997"":-1,""v001036"":1},""upper"":0},""max_supporters"":2,""min_supporters"":0,""no_supporter_rows"":1,""rows"":5,""supporter_cardinality_counts"":{""0"":1,""1"":3,""2"":1}}"
pre_008,False,31,flip table top,lay down shelf,Each selected lay down shelf needs some earlier selected flip table top in the same case.,2,2,0.017241379310344827,0.0010775862068965517,114,0.9827586206896551,"{""Kallax_Shelf_Drawer"":{""case_support_fraction"":0.0,""cases"":29,""support_cases"":0,""support_events"":0,""vacuous_cases"":29},""Lack_Coffee_Table"":{""case_support_fraction"":0.07142857142857142,""cases"":28,""support_cases"":2,""support_events"":2,""vacuous_cases"":26},""Lack_Side_Table"":{""case_support_fraction"":0.0,""cases"":30,""support_cases"":0,""support_events"":0,""vacuous_cases"":30},""Lack_TV_Bench"":{""case_support_fraction"":0.0,""cases"":29,""support_cases"":0,""support_events"":0,""vacuous_cases"":29}}","{""case_id"":""29"",""eligible_supporters"":1,""predecessor_end_frame_exclusive"":275,""predecessor_event_id"":""case29:frames193-275"",""trigger_event_id"":""case29:frames2243-2297"",""trigger_start_frame"":2243}","{""example"":{""case_id"":""29"",""id"":""pre:pre_008:v001912"",""kind"":""prerequisite"",""terms"":{""v001867"":-1,""v001912"":1},""upper"":0},""max_supporters"":3,""min_supporters"":0,""no_supporter_rows"":2,""rows"":4,""supporter_cardinality_counts"":{""0"":2,""1"":1,""3"":1}}"
pre_009,False,37,lay down back panel,lay down side panel,Each selected lay down side panel needs some earlier selected lay down back panel in the same case.,1,1,0.008620689655172414,0.0005387931034482759,115,0.9913793103448276,"{""Kallax_Shelf_Drawer"":{""case_support_fraction"":0.034482758620689655,""cases"":29,""support_cases"":1,""support_events"":1,""vacuous_cases"":28},""Lack_Coffee_Table"":{""case_support_fraction"":0.0,""cases"":28,""support_cases"":0,""support_events"":0,""vacuous_cases"":28},""Lack_Side_Table"":{""case_support_fraction"":0.0,""cases"":30,""support_cases"":0,""support_events"":0,""vacuous_cases"":30},""Lack_TV_Bench"":{""case_support_fraction"":0.0,""cases"":29,""support_cases"":0,""support_events"":0,""vacuous_cases"":29}}","{""case_id"":""91"",""eligible_supporters"":1,""predecessor_end_frame_exclusive"":643,""predecessor_event_id"":""case91:frames627-643"",""trigger_event_id"":""case91:frames1363-1378"",""trigger_start_frame"":1363}","{""example"":{""case_id"":""91"",""id"":""pre:pre_009:v005123"",""kind"":""prerequisite"",""terms"":{""v005096"":-1,""v005123"":1},""upper"":0},""max_supporters"":1,""min_supporters"":1,""no_supporter_rows"":0,""rows"":1,""supporter_cardinality_counts"":{""1"":1}}"
pre_010,False,38,lay down front panel,lay down side panel,Each selected lay down side panel needs some earlier selected lay down front panel in the same case.,1,1,0.008620689655172414,0.0005387931034482759,115,0.9913793103448276,"{""Kallax_Shelf_Drawer"":{""case_support_fraction"":0.034482758620689655,""cases"":29,""support_cases"":1,""support_events"":1,""vacuous_cases"":28},""Lack_Coffee_Table"":{""case_support_fraction"":0.0,""cases"":28,""support_cases"":0,""support_events"":0,""vacuous_cases"":28},""Lack_Side_Table"":{""case_support_fraction"":0.0,""cases"":30,""support_cases"":0,""support_events"":0,""vacuous_cases"":30},""Lack_TV_Bench"":{""case_support_fraction"":0.0,""cases"":29,""support_cases"":0,""support_events"":0,""vacuous_cases"":29}}","{""case_id"":""91"",""eligible_supporters"":1,""predecessor_end_frame_exclusive"":411,""predecessor_event_id"":""case91:frames339-411"",""trigger_event_id"":""case91:frames1363-1378"",""trigger_start_frame"":1363}","{""example"":{""case_id"":""91"",""id"":""pre:pre_010:v005123"",""kind"":""prerequisite"",""terms"":{""v005086"":-1,""v005123"":1},""upper"":0},""max_supporters"":1,""min_supporters"":1,""no_supporter_rows"":0,""rows"":1,""supporter_cardinality_counts"":{""1"":1}}"
pre_011,False,23,pick up back panel,lay down back panel,Each selected lay down back panel needs some earlier selected pick up back panel in the same case.,3,4,0.02586206896551724,0.0021551724137931034,113,0.9741379310344828,"{""Kallax_Shelf_Drawer"":{""case_support_fraction"":0.10344827586206896,""cases"":29,""support_cases"":3,""support_events"":4,""vacuous_cases"":26},""Lack_Coffee_Table"":{""case_support_fraction"":0.0,""cases"":28,""support_cases"":0,""support_events"":0,""vacuous_cases"":28},""Lack_Side_Table"":{""case_support_fraction"":0.0,""cases"":30,""support_cases"":0,""support_events"":0,""vacuous_cases"":30},""Lack_TV_Bench"":{""case_support_fraction"":0.0,""cases"":29,""support_cases"":0,""support_events"":0,""vacuous_cases"":29}}","{""case_id"":""91"",""eligible_supporters"":1,""predecessor_end_frame_exclusive"":447,""predecessor_event_id"":""case91:frames411-447"",""trigger_event_id"":""case91:frames627-643"",""trigger_start_frame"":627}","{""example"":{""case_id"":""91"",""id"":""pre:pre_011:v005096"",""kind"":""prerequisite"",""terms"":{""v005089"":-1,""v005096"":1},""upper"":0},""max_supporters"":2,""min_supporters"":1,""no_supporter_rows"":0,""rows"":4,""supporter_cardinality_counts"":{""1"":3,""2"":1}}"
pre_012,False,39,pick up back panel,lay down side panel,Each selected lay down side panel needs some earlier selected pick up back panel in the same case.,1,1,0.008620689655172414,0.0005387931034482759,115,0.9913793103448276,"{""Kallax_Shelf_Drawer"":{""case_support_fraction"":0.034482758620689655,""cases"":29,""support_cases"":1,""support_events"":1,""vacuous_cases"":28},""Lack_Coffee_Table"":{""case_support_fraction"":0.0,""cases"":28,""support_cases"":0,""support_events"":0,""vacuous_cases"":28},""Lack_Side_Table"":{""case_support_fraction"":0.0,""cases"":30,""support_cases"":0,""support_events"":0,""vacuous_cases"":30},""Lack_TV_Bench"":{""case_support_fraction"":0.0,""cases"":29,""support_cases"":0,""support_events"":0,""vacuous_cases"":29}}","{""case_id"":""91"",""eligible_supporters"":1,""predecessor_end_frame_exclusive"":447,""predecessor_event_id"":""case91:frames411-447"",""trigger_event_id"":""case91:frames1363-1378"",""trigger_start_frame"":1363}","{""example"":{""case_id"":""91"",""id"":""pre:pre_012:v005123"",""kind"":""prerequisite"",""terms"":{""v005089"":-1,""v005123"":1},""upper"":0},""max_supporters"":1,""min_supporters"":1,""no_supporter_rows"":0,""rows"":1,""supporter_cardinality_counts"":{""1"":1}}"
pre_013,False,13,pick up bottom panel,attach drawer back panel,Each selected attach drawer back panel needs some earlier selected pick up bottom panel in the same case.,25,27,0.21551724137931033,0.014547413793103448,91,0.7844827586206896,"{""Kallax_Shelf_Drawer"":{""case_support_fraction"":0.8620689655172413,""cases"":29,""support_cases"":25,""support_events"":27,""vacuous_cases"":4},""Lack_Coffee_Table"":{""case_support_fraction"":0.0,""cases"":28,""support_cases"":0,""support_events"":0,""vacuous_cases"":28},""Lack_Side_Table"":{""case_support_fraction"":0.0,""cases"":30,""support_cases"":0,""support_events"":0,""vacuous_cases"":30},""Lack_TV_Bench"":{""case_support_fraction"":0.0,""cases"":29,""support_cases"":0,""support_events"":0,""vacuous_cases"":29}}","{""case_id"":""100"",""eligible_supporters"":1,""predecessor_end_frame_exclusive"":852,""predecessor_event_id"":""case100:frames808-852"",""trigger_event_id"":""case100:frames1104-1563"",""trigger_start_frame"":1104}","{""example"":{""case_id"":""100"",""id"":""pre:pre_013:v000175"",""kind"":""prerequisite"",""terms"":{""v000172"":-1,""v000175"":1},""upper"":0},""max_supporters"":5,""min_supporters"":0,""no_supporter_rows"":1,""rows"":81,""supporter_cardinality_counts"":{""0"":1,""1"":41,""2"":8,""3"":3,""4"":18,""5"":10}}"
pre_014,False,6,pick up bottom panel,insert drawer pin,Each selected insert drawer pin needs some earlier selected pick up bottom panel in the same case.,29,48,0.25,0.02586206896551724,87,0.75,"{""Kallax_Shelf_Drawer"":{""case_support_fraction"":1.0,""cases"":29,""support_cases"":29,""support_events"":48,""vacuous_cases"":0},""Lack_Coffee_Table"":{""case_support_fraction"":0.0,""cases"":28,""support_cases"":0,""support_events"":0,""vacuous_cases"":28},""Lack_Side_Table"":{""case_support_fraction"":0.0,""cases"":30,""support_cases"":0,""support_events"":0,""vacuous_cases"":30},""Lack_TV_Bench"":{""case_support_fraction"":0.0,""cases"":29,""support_cases"":0,""support_events"":0,""vacuous_cases"":29}}","{""case_id"":""100"",""eligible_supporters"":1,""predecessor_end_frame_exclusive"":852,""predecessor_event_id"":""case100:frames808-852"",""trigger_event_id"":""case100:frames1597-1648"",""trigger_start_frame"":1597}","{""example"":{""case_id"":""100"",""id"":""pre:pre_014:v000181"",""kind"":""prerequisite"",""terms"":{""v000172"":-1,""v000181"":1},""upper"":0},""max_supporters"":5,""min_supporters"":1,""no_supporter_rows"":0,""rows"":92,""supporter_cardinality_counts"":{""1"":47,""2"":22,""3"":4,""4"":13,""5"":6}}"
pre_015,False,19,pick up bottom panel,lay down bottom panel,Each selected lay down bottom panel needs some earlier selected pick up bottom panel in the same case.,8,8,0.06896551724137931,0.004310344827586207,108,0.9310344827586207,"{""Kallax_Shelf_Drawer"":{""case_support_fraction"":0.27586206896551724,""cases"":29,""support_cases"":8,""support_events"":8,""vacuous_cases"":21},""Lack_Coffee_Table"":{""case_support_fraction"":0.0,""cases"":28,""support_cases"":0,""support_events"":0,""vacuous_cases"":28},""Lack_Side_Table"":{""case_support_fraction"":0.0,""cases"":30,""support_cases"":0,""support_events"":0,""vacuous_cases"":30},""Lack_TV_Bench"":{""case_support_fraction"":0.0,""cases"":29,""support_cases"":0,""support_events"":0,""vacuous_cases"":29}}","{""case_id"":""107"",""eligible_supporters"":1,""predecessor_end_frame_exclusive"":542,""predecessor_event_id"":""case107:frames507-542"",""trigger_event_id"":""case107:frames1228-1273"",""trigger_start_frame"":1228}","{""example"":{""case_id"":""105"",""id"":""pre:pre_015:v000409"",""kind"":""prerequisite"",""terms"":{""v000364"":-1,""v000374"":-1,""v000375"":-1,""v000383"":-1,""v000385"":-1,""v000409"":1},""upper"":0},""max_supporters"":5,""min_supporters"":1,""no_supporter_rows"":0,""rows"":15,""supporter_cardinality_counts"":{""1"":5,""2"":5,""3"":1,""4"":2,""5"":2}}"
pre_016,False,17,pick up bottom panel,position the drawer right side up,Each selected position the drawer right side up needs some earlier selected pick up bottom panel in the same case.,20,20,0.1724137931034483,0.010775862068965518,96,0.8275862068965517,"{""Kallax_Shelf_Drawer"":{""case_support_fraction"":0.6896551724137931,""cases"":29,""support_cases"":20,""support_events"":20,""vacuous_cases"":9},""Lack_Coffee_Table"":{""case_support_fraction"":0.0,""cases"":28,""support_cases"":0,""support_events"":0,""vacuous_cases"":28},""Lack_Side_Table"":{""case_support_fraction"":0.0,""cases"":30,""support_cases"":0,""support_events"":0,""vacuous_cases"":30},""Lack_TV_Bench"":{""case_support_fraction"":0.0,""cases"":29,""support_cases"":0,""support_events"":0,""vacuous_cases"":29}}","{""case_id"":""100"",""eligible_supporters"":1,""predecessor_end_frame_exclusive"":852,""predecessor_event_id"":""case100:frames808-852"",""trigger_event_id"":""case100:frames1797-1888"",""trigger_start_frame"":1797}","{""example"":{""case_id"":""100"",""id"":""pre:pre_016:v000197"",""kind"":""prerequisite"",""terms"":{""v000172"":-1,""v000197"":1},""upper"":0},""max_supporters"":5,""min_supporters"":1,""no_supporter_rows"":0,""rows"":30,""supporter_cardinality_counts"":{""1"":14,""2"":6,""3"":3,""4"":3,""5"":4}}"
pre_017,False,9,pick up bottom panel,slide bottom of drawer,Each selected slide bottom of drawer needs some earlier selected pick up bottom panel in the same case.,29,32,0.25,0.017241379310344827,87,0.75,"{""Kallax_Shelf_Drawer"":{""case_support_fraction"":1.0,""cases"":29,""support_cases"":29,""support_events"":32,""vacuous_cases"":0},""Lack_Coffee_Table"":{""case_support_fraction"":0.0,""cases"":28,""support_cases"":0,""support_events"":0,""vacuous_cases"":28},""Lack_Side_Table"":{""case_support_fraction"":0.0,""cases"":30,""support_cases"":0,""support_events"":0,""vacuous_cases"":30},""Lack_TV_Bench"":{""case_support_fraction"":0.0,""cases"":29,""support_cases"":0,""support_events"":0,""vacuous_cases"":29}}","{""case_id"":""100"",""eligible_supporters"":1,""predecessor_end_frame_exclusive"":852,""predecessor_event_id"":""case100:frames808-852"",""trigger_event_id"":""case100:frames852-1062"",""trigger_start_frame"":852}","{""example"":{""case_id"":""100"",""id"":""pre:pre_017:v000176"",""kind"":""prerequisite"",""terms"":{""v000172"":-1,""v000176"":1},""upper"":0},""max_supporters"":5,""min_supporters"":0,""no_supporter_rows"":10,""rows"":55,""supporter_cardinality_counts"":{""0"":10,""1"":26,""2"":6,""3"":5,""4"":4,""5"":4}}"
pre_018,False,40,pick up front panel,lay down side panel,Each selected lay down side panel needs some earlier selected pick up front panel in the same case.,1,1,0.008620689655172414,0.0005387931034482759,115,0.9913793103448276,"{""Kallax_Shelf_Drawer"":{""case_support_fraction"":0.034482758620689655,""cases"":29,""support_cases"":1,""support_events"":1,""vacuous_cases"":28},""Lack_Coffee_Table"":{""case_support_fraction"":0.0,""cases"":28,""support_cases"":0,""support_events"":0,""vacuous_cases"":28},""Lack_Side_Table"":{""case_support_fraction"":0.0,""cases"":30,""support_cases"":0,""support_events"":0,""vacuous_cases"":30},""Lack_TV_Bench"":{""case_support_fraction"":0.0,""cases"":29,""support_cases"":0,""support_events"":0,""vacuous_cases"":29}}","{""case_id"":""91"",""eligible_supporters"":2,""predecessor_end_frame_exclusive"":221,""predecessor_event_id"":""case91:frames72-221"",""trigger_event_id"":""case91:frames1363-1378"",""trigger_start_frame"":1363}","{""example"":{""case_id"":""91"",""id"":""pre:pre_018:v005123"",""kind"":""prerequisite"",""terms"":{""v005079"":-1,""v005099"":-1,""v005123"":1},""upper"":0},""max_supporters"":2,""min_supporters"":2,""no_supporter_rows"":0,""rows"":1,""supporter_cardinality_counts"":{""2"":1}}"
pre_019,True,1,pick up leg,attach shelf to table,Each selected attach shelf to table needs some earlier selected pick up leg in the same case.,56,57,0.4827586206896552,0.030711206896551723,60,0.5172413793103449,"{""Kallax_Shelf_Drawer"":{""case_support_fraction"":0.0,""cases"":29,""support_cases"":0,""support_events"":0,""vacuous_cases"":29},""Lack_Coffee_Table"":{""case_support_fraction"":1.0,""cases"":28,""support_cases"":28,""support_events"":28,""vacuous_cases"":0},""Lack_Side_Table"":{""case_support_fraction"":0.0,""cases"":30,""support_cases"":0,""support_events"":0,""vacuous_cases"":30},""Lack_TV_Bench"":{""case_support_fraction"":0.9655172413793104,""cases"":29,""support_cases"":28,""support_events"":29,""vacuous_cases"":1}}","{""case_id"":""0"",""eligible_supporters"":4,""predecessor_end_frame_exclusive"":204,""predecessor_event_id"":""case0:frames183-204"",""trigger_event_id"":""case0:frames2858-3151"",""trigger_start_frame"":2858}","{""example"":{""case_id"":""0"",""id"":""pre:pre_019:v000057"",""kind"":""prerequisite"",""terms"":{""v000001"":-1,""v000004"":-1,""v000007"":-1,""v000010"":-1,""v000017"":-1,""v000019"":-1,""v000022"":-1,""v000026"":-1,""v000028"":-1,""v000031"":-1,""v000046"":-1,""v000049"":-1,""v000057"":1},""upper"":0},""max_supporters"":16,""min_supporters"":0,""no_supporter_rows"":13,""rows"":167,""supporter_cardinality_counts"":{""0"":13,""1"":8,""2"":5,""3"":10,""4"":12,""5"":5,""6"":15,""7"":13,""8"":15,""9"":12,""10"":20,""11"":16,""12"":11,""13"":7,""14"":3,""16"":2}}"
pre_020,False,28,pick up leg,flip shelf,Each selected flip shelf needs some earlier selected pick up leg in the same case.,2,3,0.017241379310344827,0.0016163793103448276,114,0.9827586206896551,"{""Kallax_Shelf_Drawer"":{""case_support_fraction"":0.0,""cases"":29,""support_cases"":0,""support_events"":0,""vacuous_cases"":29},""Lack_Coffee_Table"":{""case_support_fraction"":0.03571428571428571,""cases"":28,""support_cases"":1,""support_events"":2,""vacuous_cases"":27},""Lack_Side_Table"":{""case_support_fraction"":0.0,""cases"":30,""support_cases"":0,""support_events"":0,""vacuous_cases"":30},""Lack_TV_Bench"":{""case_support_fraction"":0.034482758620689655,""cases"":29,""support_cases"":1,""support_events"":1,""vacuous_cases"":28}}","{""case_id"":""22"",""eligible_supporters"":4,""predecessor_end_frame_exclusive"":229,""predecessor_event_id"":""case22:frames166-229"",""trigger_event_id"":""case22:frames3120-3165"",""trigger_start_frame"":3120}","{""example"":{""case_id"":""13"",""id"":""pre:pre_020:v001036"",""kind"":""prerequisite"",""terms"":{""v000998"":-1,""v001000"":-1,""v001003"":-1,""v001006"":-1,""v001016"":-1,""v001021"":-1,""v001024"":-1,""v001027"":-1,""v001036"":1},""upper"":0},""max_supporters"":9,""min_supporters"":8,""no_supporter_rows"":0,""rows"":5,""supporter_cardinality_counts"":{""8"":4,""9"":1}}"
pre_021,False,25,pick up leg,lay down leg,Each selected lay down leg needs some earlier selected pick up leg in the same case.,3,3,0.02586206896551724,0.0016163793103448276,113,0.9741379310344828,"{""Kallax_Shelf_Drawer"":{""case_support_fraction"":0.0,""cases"":29,""support_cases"":0,""support_events"":0,""vacuous_cases"":29},""Lack_Coffee_Table"":{""case_support_fraction"":0.07142857142857142,""cases"":28,""support_cases"":2,""support_events"":2,""vacuous_cases"":26},""Lack_Side_Table"":{""case_support_fraction"":0.03333333333333333,""cases"":30,""support_cases"":1,""support_events"":1,""vacuous_cases"":29},""Lack_TV_Bench"":{""case_support_fraction"":0.0,""cases"":29,""support_cases"":0,""support_events"":0,""vacuous_cases"":29}}","{""case_id"":""29"",""eligible_supporters"":1,""predecessor_end_frame_exclusive"":156,""predecessor_event_id"":""case29:frames127-156"",""trigger_event_id"":""case29:frames157-181"",""trigger_start_frame"":157}","{""example"":{""case_id"":""111"",""id"":""pre:pre_021:v000678"",""kind"":""prerequisite"",""terms"":{""v000670"":-1,""v000678"":1},""upper"":0},""max_supporters"":11,""min_supporters"":0,""no_supporter_rows"":2,""rows"":10,""supporter_cardinality_counts"":{""0"":2,""1"":2,""3"":1,""4"":1,""5"":1,""6"":1,""7"":1,""11"":1}}"
pre_022,False,32,pick up leg,lay down shelf,Each selected lay down shelf needs some earlier selected pick up leg in the same case.,2,2,0.017241379310344827,0.0010775862068965517,114,0.9827586206896551,"{""Kallax_Shelf_Drawer"":{""case_support_fraction"":0.0,""cases"":29,""support_cases"":0,""support_events"":0,""vacuous_cases"":29},""Lack_Coffee_Table"":{""case_support_fraction"":0.07142857142857142,""cases"":28,""support_cases"":2,""support_events"":2,""vacuous_cases"":26},""Lack_Side_Table"":{""case_support_fraction"":0.0,""cases"":30,""support_cases"":0,""support_events"":0,""vacuous_cases"":30},""Lack_TV_Bench"":{""case_support_fraction"":0.0,""cases"":29,""support_cases"":0,""support_events"":0,""vacuous_cases"":29}}","{""case_id"":""29"",""eligible_supporters"":5,""predecessor_end_frame_exclusive"":156,""predecessor_event_id"":""case29:frames127-156"",""trigger_event_id"":""case29:frames2243-2297"",""trigger_start_frame"":2243}","{""example"":{""case_id"":""1"",""id"":""pre:pre_022:v000100"",""kind"":""prerequisite"",""terms"":{""v000067"":-1,""v000077"":-1,""v000085"":-1,""v000091"":-1,""v000100"":1},""upper"":0},""max_supporters"":14,""min_supporters"":4,""no_supporter_rows"":0,""rows"":4,""supporter_cardinality_counts"":{""4"":1,""8"":2,""14"":1}}"
pre_023,True,3,pick up leg,pick up shelf,Each selected pick up shelf needs some earlier selected pick up leg in the same case.,54,57,0.46551724137931033,0.030711206896551723,62,0.5344827586206896,"{""Kallax_Shelf_Drawer"":{""case_support_fraction"":0.0,""cases"":29,""support_cases"":0,""support_events"":0,""vacuous_cases"":29},""Lack_Coffee_Table"":{""case_support_fraction"":0.9285714285714286,""cases"":28,""support_cases"":26,""support_events"":28,""vacuous_cases"":2},""Lack_Side_Table"":{""case_support_fraction"":0.0,""cases"":30,""support_cases"":0,""support_events"":0,""vacuous_cases"":30},""Lack_TV_Bench"":{""case_support_fraction"":0.9655172413793104,""cases"":29,""support_cases"":28,""support_events"":29,""vacuous_cases"":1}}","{""case_id"":""0"",""eligible_supporters"":4,""predecessor_end_frame_exclusive"":204,""predecessor_event_id"":""case0:frames183-204"",""trigger_event_id"":""case0:frames2803-2858"",""trigger_start_frame"":2803}","{""example"":{""case_id"":""0"",""id"":""pre:pre_023:v000055"",""kind"":""prerequisite"",""terms"":{""v000001"":-1,""v000004"":-1,""v000007"":-1,""v000010"":-1,""v000017"":-1,""v000019"":-1,""v000022"":-1,""v000026"":-1,""v000028"":-1,""v000031"":-1,""v000046"":-1,""v000049"":-1,""v000055"":1},""upper"":0},""max_supporters"":16,""min_supporters"":0,""no_supporter_rows"":29,""rows"":265,""supporter_cardinality_counts"":{""0"":29,""1"":17,""2"":13,""3"":8,""4"":22,""5"":15,""6"":21,""7"":17,""8"":19,""9"":17,""10"":26,""11"":20,""12"":17,""13"":15,""14"":5,""15"":2,""16"":2}}"
pre_024,False,21,pick up leg,push table,Each selected push table needs some earlier selected pick up leg in the same case.,4,4,0.034482758620689655,0.0021551724137931034,112,0.9655172413793104,"{""Kallax_Shelf_Drawer"":{""case_support_fraction"":0.0,""cases"":29,""support_cases"":0,""support_events"":0,""vacuous_cases"":29},""Lack_Coffee_Table"":{""case_support_fraction"":0.0,""cases"":28,""support_cases"":0,""support_events"":0,""vacuous_cases"":28},""Lack_Side_Table"":{""case_support_fraction"":0.03333333333333333,""cases"":30,""support_cases"":1,""support_events"":1,""vacuous_cases"":29},""Lack_TV_Bench"":{""case_support_fraction"":0.10344827586206896,""cases"":29,""support_cases"":3,""support_events"":3,""vacuous_cases"":26}}","{""case_id"":""15"",""eligible_supporters"":2,""predecessor_end_frame_exclusive"":87,""predecessor_event_id"":""case15:frames70-87"",""trigger_event_id"":""case15:frames827-853"",""trigger_start_frame"":827}","{""example"":{""case_id"":""15"",""id"":""pre:pre_024:v001110"",""kind"":""prerequisite"",""terms"":{""v001087"":-1,""v001090"":-1,""v001099"":-1,""v001102"":-1,""v001105"":-1,""v001110"":1},""upper"":0},""max_supporters"":5,""min_supporters"":3,""no_supporter_rows"":0,""rows"":4,""supporter_cardinality_counts"":{""3"":2,""4"":1,""5"":1}}"
pre_025,False,33,pick up shelf,lay down shelf,Each selected lay down shelf needs some earlier selected pick up shelf in the same case.,2,2,0.017241379310344827,0.0010775862068965517,114,0.9827586206896551,"{""Kallax_Shelf_Drawer"":{""case_support_fraction"":0.0,""cases"":29,""support_cases"":0,""support_events"":0,""vacuous_cases"":29},""Lack_Coffee_Table"":{""case_support_fraction"":0.07142857142857142,""cases"":28,""support_cases"":2,""support_events"":2,""vacuous_cases"":26},""Lack_Side_Table"":{""case_support_fraction"":0.0,""cases"":30,""support_cases"":0,""support_events"":0,""vacuous_cases"":30},""Lack_TV_Bench"":{""case_support_fraction"":0.0,""cases"":29,""support_cases"":0,""support_events"":0,""vacuous_cases"":29}}","{""case_id"":""29"",""eligible_supporters"":1,""predecessor_end_frame_exclusive"":2223,""predecessor_event_id"":""case29:frames2180-2223"",""trigger_event_id"":""case29:frames2243-2297"",""trigger_start_frame"":2243}","{""example"":{""case_id"":""1"",""id"":""pre:pre_025:v000100"",""kind"":""prerequisite"",""terms"":{""v000098"":-1,""v000100"":1},""upper"":0},""max_supporters"":4,""min_supporters"":1,""no_supporter_rows"":0,""rows"":4,""supporter_cardinality_counts"":{""1"":3,""4"":1}}"
pre_026,False,16,pick up side panel,align side panel holes with front panel dowels,Each selected align side panel holes with front panel dowels needs some earlier selected pick up side panel in the same case.,20,42,0.1724137931034483,0.022629310344827586,96,0.8275862068965517,"{""Kallax_Shelf_Drawer"":{""case_support_fraction"":0.6896551724137931,""cases"":29,""support_cases"":20,""support_events"":42,""vacuous_cases"":9},""Lack_Coffee_Table"":{""case_support_fraction"":0.0,""cases"":28,""support_cases"":0,""support_events"":0,""vacuous_cases"":28},""Lack_Side_Table"":{""case_support_fraction"":0.0,""cases"":30,""support_cases"":0,""support_events"":0,""vacuous_cases"":30},""Lack_TV_Bench"":{""case_support_fraction"":0.0,""cases"":29,""support_cases"":0,""support_events"":0,""vacuous_cases"":29}}","{""case_id"":""100"",""eligible_supporters"":1,""predecessor_end_frame_exclusive"":286,""predecessor_event_id"":""case100:frames247-286"",""trigger_event_id"":""case100:frames286-496"",""trigger_start_frame"":286}","{""example"":{""case_id"":""100"",""id"":""pre:pre_026:v000157"",""kind"":""prerequisite"",""terms"":{""v000151"":-1,""v000155"":-1,""v000157"":1},""upper"":0},""max_supporters"":9,""min_supporters"":0,""no_supporter_rows"":13,""rows"":125,""supporter_cardinality_counts"":{""0"":13,""1"":22,""2"":31,""3"":19,""4"":16,""5"":7,""6"":14,""8"":2,""9"":1}}"
pre_027,False,14,pick up side panel,attach drawer back panel,Each selected attach drawer back panel needs some earlier selected pick up side panel in the same case.,25,27,0.21551724137931033,0.014547413793103448,91,0.7844827586206896,"{""Kallax_Shelf_Drawer"":{""case_support_fraction"":0.8620689655172413,""cases"":29,""support_cases"":25,""support_events"":27,""vacuous_cases"":4},""Lack_Coffee_Table"":{""case_support_fraction"":0.0,""cases"":28,""support_cases"":0,""support_events"":0,""vacuous_cases"":28},""Lack_Side_Table"":{""case_support_fraction"":0.0,""cases"":30,""support_cases"":0,""support_events"":0,""vacuous_cases"":30},""Lack_TV_Bench"":{""case_support_fraction"":0.0,""cases"":29,""support_cases"":0,""support_events"":0,""vacuous_cases"":29}}","{""case_id"":""100"",""eligible_supporters"":2,""predecessor_end_frame_exclusive"":286,""predecessor_event_id"":""case100:frames247-286"",""trigger_event_id"":""case100:frames1104-1563"",""trigger_start_frame"":1104}","{""example"":{""case_id"":""100"",""id"":""pre:pre_027:v000175"",""kind"":""prerequisite"",""terms"":{""v000151"":-1,""v000155"":-1,""v000164"":-1,""v000175"":1},""upper"":0},""max_supporters"":9,""min_supporters"":1,""no_supporter_rows"":0,""rows"":81,""supporter_cardinality_counts"":{""1"":2,""2"":18,""3"":11,""4"":16,""5"":8,""6"":24,""7"":1,""9"":1}}"
pre_028,False,7,pick up side panel,insert drawer pin,Each selected insert drawer pin needs some earlier selected pick up side panel in the same case.,29,48,0.25,0.02586206896551724,87,0.75,"{""Kallax_Shelf_Drawer"":{""case_support_fraction"":1.0,""cases"":29,""support_cases"":29,""support_events"":48,""vacuous_cases"":0},""Lack_Coffee_Table"":{""case_support_fraction"":0.0,""cases"":28,""support_cases"":0,""support_events"":0,""vacuous_cases"":28},""Lack_Side_Table"":{""case_support_fraction"":0.0,""cases"":30,""support_cases"":0,""support_events"":0,""vacuous_cases"":30},""Lack_TV_Bench"":{""case_support_fraction"":0.0,""cases"":29,""support_cases"":0,""support_events"":0,""vacuous_cases"":29}}","{""case_id"":""100"",""eligible_supporters"":2,""predecessor_end_frame_exclusive"":286,""predecessor_event_id"":""case100:frames247-286"",""trigger_event_id"":""case100:frames1597-1648"",""trigger_start_frame"":1597}","{""example"":{""case_id"":""100"",""id"":""pre:pre_028:v000181"",""kind"":""prerequisite"",""terms"":{""v000151"":-1,""v000155"":-1,""v000164"":-1,""v000179"":-1,""v000181"":1},""upper"":0},""max_supporters"":9,""min_supporters"":2,""no_supporter_rows"":0,""rows"":92,""supporter_cardinality_counts"":{""2"":28,""3"":17,""4"":21,""5"":4,""6"":18,""7"":1,""9"":3}}"
pre_029,False,24,pick up side panel,lay down back panel,Each selected lay down back panel needs some earlier selected pick up side panel in the same case.,3,4,0.02586206896551724,0.0021551724137931034,113,0.9741379310344828,"{""Kallax_Shelf_Drawer"":{""case_support_fraction"":0.10344827586206896,""cases"":29,""support_cases"":3,""support_events"":4,""vacuous_cases"":26},""Lack_Coffee_Table"":{""case_support_fraction"":0.0,""cases"":28,""support_cases"":0,""support_events"":0,""vacuous_cases"":28},""Lack_Side_Table"":{""case_support_fraction"":0.0,""cases"":30,""support_cases"":0,""support_events"":0,""vacuous_cases"":30},""Lack_TV_Bench"":{""case_support_fraction"":0.0,""cases"":29,""support_cases"":0,""support_events"":0,""vacuous_cases"":29}}","{""case_id"":""91"",""eligible_supporters"":2,""predecessor_end_frame_exclusive"":267,""predecessor_event_id"":""case91:frames226-267"",""trigger_event_id"":""case91:frames627-643"",""trigger_start_frame"":627}","{""example"":{""case_id"":""91"",""id"":""pre:pre_029:v005096"",""kind"":""prerequisite"",""terms"":{""v005084"":-1,""v005093"":-1,""v005096"":1},""upper"":0},""max_supporters"":7,""min_supporters"":2,""no_supporter_rows"":0,""rows"":4,""supporter_cardinality_counts"":{""2"":2,""6"":1,""7"":1}}"
pre_030,False,41,pick up side panel,lay down side panel,Each selected lay down side panel needs some earlier selected pick up side panel in the same case.,1,1,0.008620689655172414,0.0005387931034482759,115,0.9913793103448276,"{""Kallax_Shelf_Drawer"":{""case_support_fraction"":0.034482758620689655,""cases"":29,""support_cases"":1,""support_events"":1,""vacuous_cases"":28},""Lack_Coffee_Table"":{""case_support_fraction"":0.0,""cases"":28,""support_cases"":0,""support_events"":0,""vacuous_cases"":28},""Lack_Side_Table"":{""case_support_fraction"":0.0,""cases"":30,""support_cases"":0,""support_events"":0,""vacuous_cases"":30},""Lack_TV_Bench"":{""case_support_fraction"":0.0,""cases"":29,""support_cases"":0,""support_events"":0,""vacuous_cases"":29}}","{""case_id"":""91"",""eligible_supporters"":5,""predecessor_end_frame_exclusive"":267,""predecessor_event_id"":""case91:frames226-267"",""trigger_event_id"":""case91:frames1363-1378"",""trigger_start_frame"":1363}","{""example"":{""case_id"":""91"",""id"":""pre:pre_030:v005123"",""kind"":""prerequisite"",""terms"":{""v005084"":-1,""v005093"":-1,""v005107"":-1,""v005116"":-1,""v005120"":-1,""v005123"":1},""upper"":0},""max_supporters"":5,""min_supporters"":5,""no_supporter_rows"":0,""rows"":1,""supporter_cardinality_counts"":{""5"":1}}"
pre_031,False,12,pick up side panel,pick up pin,Each selected pick up pin needs some earlier selected pick up side panel in the same case.,27,45,0.23275862068965517,0.024245689655172414,89,0.7672413793103449,"{""Kallax_Shelf_Drawer"":{""case_support_fraction"":0.9310344827586207,""cases"":29,""support_cases"":27,""support_events"":45,""vacuous_cases"":2},""Lack_Coffee_Table"":{""case_support_fraction"":0.0,""cases"":28,""support_cases"":0,""support_events"":0,""vacuous_cases"":28},""Lack_Side_Table"":{""case_support_fraction"":0.0,""cases"":30,""support_cases"":0,""support_events"":0,""vacuous_cases"":30},""Lack_TV_Bench"":{""case_support_fraction"":0.0,""cases"":29,""support_cases"":0,""support_events"":0,""vacuous_cases"":29}}","{""case_id"":""100"",""eligible_supporters"":2,""predecessor_end_frame_exclusive"":286,""predecessor_event_id"":""case100:frames247-286"",""trigger_event_id"":""case100:frames1563-1597"",""trigger_start_frame"":1563}","{""example"":{""case_id"":""100"",""id"":""pre:pre_031:v000185"",""kind"":""prerequisite"",""terms"":{""v000151"":-1,""v000155"":-1,""v000164"":-1,""v000179"":-1,""v000185"":1},""upper"":0},""max_supporters"":9,""min_supporters"":2,""no_supporter_rows"":0,""rows"":70,""supporter_cardinality_counts"":{""2"":24,""3"":13,""4"":12,""5"":3,""6"":15,""7"":1,""9"":2}}"
pre_032,False,18,pick up side panel,position the drawer right side up,Each selected position the drawer right side up needs some earlier selected pick up side panel in the same case.,20,20,0.1724137931034483,0.010775862068965518,96,0.8275862068965517,"{""Kallax_Shelf_Drawer"":{""case_support_fraction"":0.6896551724137931,""cases"":29,""support_cases"":20,""support_events"":20,""vacuous_cases"":9},""Lack_Coffee_Table"":{""case_support_fraction"":0.0,""cases"":28,""support_cases"":0,""support_events"":0,""vacuous_cases"":28},""Lack_Side_Table"":{""case_support_fraction"":0.0,""cases"":30,""support_cases"":0,""support_events"":0,""vacuous_cases"":30},""Lack_TV_Bench"":{""case_support_fraction"":0.0,""cases"":29,""support_cases"":0,""support_events"":0,""vacuous_cases"":29}}","{""case_id"":""100"",""eligible_supporters"":2,""predecessor_end_frame_exclusive"":286,""predecessor_event_id"":""case100:frames247-286"",""trigger_event_id"":""case100:frames1797-1888"",""trigger_start_frame"":1797}","{""example"":{""case_id"":""100"",""id"":""pre:pre_032:v000197"",""kind"":""prerequisite"",""terms"":{""v000151"":-1,""v000155"":-1,""v000164"":-1,""v000179"":-1,""v000197"":1},""upper"":0},""max_supporters"":9,""min_supporters"":2,""no_supporter_rows"":0,""rows"":30,""supporter_cardinality_counts"":{""2"":12,""3"":5,""4"":3,""5"":3,""6"":5,""7"":1,""9"":1}}"
pre_033,False,10,pick up side panel,slide bottom of drawer,Each selected slide bottom of drawer needs some earlier selected pick up side panel in the same case.,29,32,0.25,0.017241379310344827,87,0.75,"{""Kallax_Shelf_Drawer"":{""case_support_fraction"":1.0,""cases"":29,""support_cases"":29,""support_events"":32,""vacuous_cases"":0},""Lack_Coffee_Table"":{""case_support_fraction"":0.0,""cases"":28,""support_cases"":0,""support_events"":0,""vacuous_cases"":28},""Lack_Side_Table"":{""case_support_fraction"":0.0,""cases"":30,""support_cases"":0,""support_events"":0,""vacuous_cases"":30},""Lack_TV_Bench"":{""case_support_fraction"":0.0,""cases"":29,""support_cases"":0,""support_events"":0,""vacuous_cases"":29}}","{""case_id"":""100"",""eligible_supporters"":2,""predecessor_end_frame_exclusive"":286,""predecessor_event_id"":""case100:frames247-286"",""trigger_event_id"":""case100:frames852-1062"",""trigger_start_frame"":852}","{""example"":{""case_id"":""100"",""id"":""pre:pre_033:v000173"",""kind"":""prerequisite"",""terms"":{""v000151"":-1,""v000155"":-1,""v000164"":-1,""v000173"":1},""upper"":0},""max_supporters"":8,""min_supporters"":0,""no_supporter_rows"":1,""rows"":55,""supporter_cardinality_counts"":{""0"":1,""1"":1,""2"":23,""3"":7,""4"":9,""5"":5,""6"":5,""7"":3,""8"":1}}"
pre_034,False,15,slide bottom of drawer,attach drawer back panel,Each selected attach drawer back panel needs some earlier selected slide bottom of drawer in the same case.,25,27,0.21551724137931033,0.014547413793103448,91,0.7844827586206896,"{""Kallax_Shelf_Drawer"":{""case_support_fraction"":0.8620689655172413,""cases"":29,""support_cases"":25,""support_events"":27,""vacuous_cases"":4},""Lack_Coffee_Table"":{""case_support_fraction"":0.0,""cases"":28,""support_cases"":0,""support_events"":0,""vacuous_cases"":28},""Lack_Side_Table"":{""case_support_fraction"":0.0,""cases"":30,""support_cases"":0,""support_events"":0,""vacuous_cases"":30},""Lack_TV_Bench"":{""case_support_fraction"":0.0,""cases"":29,""support_cases"":0,""support_events"":0,""vacuous_cases"":29}}","{""case_id"":""100"",""eligible_supporters"":1,""predecessor_end_frame_exclusive"":1062,""predecessor_event_id"":""case100:frames852-1062"",""trigger_event_id"":""case100:frames1104-1563"",""trigger_start_frame"":1104}","{""example"":{""case_id"":""100"",""id"":""pre:pre_034:v000175"",""kind"":""prerequisite"",""terms"":{""v000173"":-1,""v000175"":1},""upper"":0},""max_supporters"":4,""min_supporters"":0,""no_supporter_rows"":3,""rows"":81,""supporter_cardinality_counts"":{""0"":3,""1"":20,""2"":44,""3"":12,""4"":2}}"
pre_035,False,8,slide bottom of drawer,insert drawer pin,Each selected insert drawer pin needs some earlier selected slide bottom of drawer in the same case.,29,48,0.25,0.02586206896551724,87,0.75,"{""Kallax_Shelf_Drawer"":{""case_support_fraction"":1.0,""cases"":29,""support_cases"":29,""support_events"":48,""vacuous_cases"":0},""Lack_Coffee_Table"":{""case_support_fraction"":0.0,""cases"":28,""support_cases"":0,""support_events"":0,""vacuous_cases"":28},""Lack_Side_Table"":{""case_support_fraction"":0.0,""cases"":30,""support_cases"":0,""support_events"":0,""vacuous_cases"":30},""Lack_TV_Bench"":{""case_support_fraction"":0.0,""cases"":29,""support_cases"":0,""support_events"":0,""vacuous_cases"":29}}","{""case_id"":""100"",""eligible_supporters"":1,""predecessor_end_frame_exclusive"":1062,""predecessor_event_id"":""case100:frames852-1062"",""trigger_event_id"":""case100:frames1597-1648"",""trigger_start_frame"":1597}","{""example"":{""case_id"":""100"",""id"":""pre:pre_035:v000181"",""kind"":""prerequisite"",""terms"":{""v000173"":-1,""v000176"":-1,""v000181"":1},""upper"":0},""max_supporters"":4,""min_supporters"":1,""no_supporter_rows"":0,""rows"":92,""supporter_cardinality_counts"":{""1"":28,""2"":47,""3"":15,""4"":2}}"
pre_036,True,2,spin leg,attach shelf to table,Each selected attach shelf to table needs some earlier selected spin leg in the same case.,56,57,0.4827586206896552,0.030711206896551723,60,0.5172413793103449,"{""Kallax_Shelf_Drawer"":{""case_support_fraction"":0.0,""cases"":29,""support_cases"":0,""support_events"":0,""vacuous_cases"":29},""Lack_Coffee_Table"":{""case_support_fraction"":1.0,""cases"":28,""support_cases"":28,""support_events"":28,""vacuous_cases"":0},""Lack_Side_Table"":{""case_support_fraction"":0.0,""cases"":30,""support_cases"":0,""support_events"":0,""vacuous_cases"":30},""Lack_TV_Bench"":{""case_support_fraction"":0.9655172413793104,""cases"":29,""support_cases"":28,""support_events"":29,""vacuous_cases"":1}}","{""case_id"":""0"",""eligible_supporters"":5,""predecessor_end_frame_exclusive"":708,""predecessor_event_id"":""case0:frames251-708"",""trigger_event_id"":""case0:frames2858-3151"",""trigger_start_frame"":2858}","{""example"":{""case_id"":""0"",""id"":""pre:pre_036:v000057"",""kind"":""prerequisite"",""terms"":{""v000008"":-1,""v000011"":-1,""v000014"":-1,""v000020"":-1,""v000023"":-1,""v000029"":-1,""v000032"":-1,""v000034"":-1,""v000038"":-1,""v000041"":-1,""v000043"":-1,""v000047"":-1,""v000050"":-1,""v000053"":-1,""v000056"":-1,""v000057"":1},""upper"":0},""max_supporters"":17,""min_supporters"":0,""no_supporter_rows"":7,""rows"":167,""supporter_cardinality_counts"":{""0"":7,""1"":5,""2"":13,""3"":2,""4"":5,""5"":5,""6"":9,""7"":11,""8"":8,""9"":17,""10"":15,""11"":33,""12"":17,""13"":6,""14"":7,""15"":3,""17"":4}}"
pre_037,False,29,spin leg,flip shelf,Each selected flip shelf needs some earlier selected spin leg in the same case.,2,3,0.017241379310344827,0.0016163793103448276,114,0.9827586206896551,"{""Kallax_Shelf_Drawer"":{""case_support_fraction"":0.0,""cases"":29,""support_cases"":0,""support_events"":0,""vacuous_cases"":29},""Lack_Coffee_Table"":{""case_support_fraction"":0.03571428571428571,""cases"":28,""support_cases"":1,""support_events"":2,""vacuous_cases"":27},""Lack_Side_Table"":{""case_support_fraction"":0.0,""cases"":30,""support_cases"":0,""support_events"":0,""vacuous_cases"":30},""Lack_TV_Bench"":{""case_support_fraction"":0.034482758620689655,""cases"":29,""support_cases"":1,""support_events"":1,""vacuous_cases"":28}}","{""case_id"":""22"",""eligible_supporters"":4,""predecessor_end_frame_exclusive"":755,""predecessor_event_id"":""case22:frames261-755"",""trigger_event_id"":""case22:frames3120-3165"",""trigger_start_frame"":3120}","{""example"":{""case_id"":""13"",""id"":""pre:pre_037:v001036"",""kind"":""prerequisite"",""terms"":{""v001001"":-1,""v001004"":-1,""v001007"":-1,""v001010"":-1,""v001013"":-1,""v001019"":-1,""v001022"":-1,""v001025"":-1,""v001028"":-1,""v001036"":1},""upper"":0},""max_supporters"":11,""min_supporters"":9,""no_supporter_rows"":0,""rows"":5,""supporter_cardinality_counts"":{""9"":1,""11"":4}}"
pre_038,False,34,spin leg,lay down shelf,Each selected lay down shelf needs some earlier selected spin leg in the same case.,2,2,0.017241379310344827,0.0010775862068965517,114,0.9827586206896551,"{""Kallax_Shelf_Drawer"":{""case_support_fraction"":0.0,""cases"":29,""support_cases"":0,""support_events"":0,""vacuous_cases"":29},""Lack_Coffee_Table"":{""case_support_fraction"":0.07142857142857142,""cases"":28,""support_cases"":2,""support_events"":2,""vacuous_cases"":26},""Lack_Side_Table"":{""case_support_fraction"":0.0,""cases"":30,""support_cases"":0,""support_events"":0,""vacuous_cases"":30},""Lack_TV_Bench"":{""case_support_fraction"":0.0,""cases"":29,""support_cases"":0,""support_events"":0,""vacuous_cases"":29}}","{""case_id"":""29"",""eligible_supporters"":4,""predecessor_end_frame_exclusive"":799,""predecessor_event_id"":""case29:frames351-799"",""trigger_event_id"":""case29:frames2243-2297"",""trigger_start_frame"":2243}","{""example"":{""case_id"":""1"",""id"":""pre:pre_038:v000100"",""kind"":""prerequisite"",""terms"":{""v000068"":-1,""v000070"":-1,""v000073"":-1,""v000079"":-1,""v000082"":-1,""v000089"":-1,""v000092"":-1,""v000094"":-1,""v000100"":1},""upper"":0},""max_supporters"":11,""min_supporters"":8,""no_supporter_rows"":0,""rows"":4,""supporter_cardinality_counts"":{""8"":1,""9"":1,""11"":2}}"
pre_039,False,4,spin leg,pick up shelf,Each selected pick up shelf needs some earlier selected spin leg in the same case.,54,57,0.46551724137931033,0.030711206896551723,62,0.5344827586206896,"{""Kallax_Shelf_Drawer"":{""case_support_fraction"":0.0,""cases"":29,""support_cases"":0,""support_events"":0,""vacuous_cases"":29},""Lack_Coffee_Table"":{""case_support_fraction"":0.9285714285714286,""cases"":28,""support_cases"":26,""support_events"":28,""vacuous_cases"":2},""Lack_Side_Table"":{""case_support_fraction"":0.0,""cases"":30,""support_cases"":0,""support_events"":0,""vacuous_cases"":30},""Lack_TV_Bench"":{""case_support_fraction"":0.9655172413793104,""cases"":29,""support_cases"":28,""support_events"":29,""vacuous_cases"":1}}","{""case_id"":""0"",""eligible_supporters"":5,""predecessor_end_frame_exclusive"":708,""predecessor_event_id"":""case0:frames251-708"",""trigger_event_id"":""case0:frames2803-2858"",""trigger_start_frame"":2803}","{""example"":{""case_id"":""0"",""id"":""pre:pre_039:v000055"",""kind"":""prerequisite"",""terms"":{""v000008"":-1,""v000011"":-1,""v000014"":-1,""v000020"":-1,""v000023"":-1,""v000029"":-1,""v000032"":-1,""v000034"":-1,""v000038"":-1,""v000041"":-1,""v000043"":-1,""v000047"":-1,""v000050"":-1,""v000053"":-1,""v000055"":1},""upper"":0},""max_supporters"":17,""min_supporters"":0,""no_supporter_rows"":33,""rows"":265,""supporter_cardinality_counts"":{""0"":33,""1"":10,""2"":7,""3"":9,""4"":9,""5"":10,""6"":14,""7"":17,""8"":8,""9"":26,""10"":25,""11"":41,""12"":24,""13"":11,""14"":9,""15"":5,""16"":1,""17"":6}}"
pre_040,False,22,spin leg,push table,Each selected push table needs some earlier selected spin leg in the same case.,4,4,0.034482758620689655,0.0021551724137931034,112,0.9655172413793104,"{""Kallax_Shelf_Drawer"":{""case_support_fraction"":0.0,""cases"":29,""support_cases"":0,""support_events"":0,""vacuous_cases"":29},""Lack_Coffee_Table"":{""case_support_fraction"":0.0,""cases"":28,""support_cases"":0,""support_events"":0,""vacuous_cases"":28},""Lack_Side_Table"":{""case_support_fraction"":0.03333333333333333,""cases"":30,""support_cases"":1,""support_events"":1,""vacuous_cases"":29},""Lack_TV_Bench"":{""case_support_fraction"":0.10344827586206896,""cases"":29,""support_cases"":3,""support_events"":3,""vacuous_cases"":26}}","{""case_id"":""15"",""eligible_supporters"":2,""predecessor_end_frame_exclusive"":360,""predecessor_event_id"":""case15:frames120-360"",""trigger_event_id"":""case15:frames827-853"",""trigger_start_frame"":827}","{""example"":{""case_id"":""15"",""id"":""pre:pre_040:v001110"",""kind"":""prerequisite"",""terms"":{""v001088"":-1,""v001091"":-1,""v001093"":-1,""v001096"":-1,""v001100"":-1,""v001108"":-1,""v001110"":1},""upper"":0},""max_supporters"":6,""min_supporters"":1,""no_supporter_rows"":0,""rows"":4,""supporter_cardinality_counts"":{""1"":1,""5"":2,""6"":1}}"
pre_041,False,5,spin leg,tighten leg,Each selected tighten leg needs some earlier selected spin leg in the same case.,41,85,0.35344827586206895,0.045797413793103446,75,0.646551724137931,"{""Kallax_Shelf_Drawer"":{""case_support_fraction"":0.0,""cases"":29,""support_cases"":0,""support_events"":0,""vacuous_cases"":29},""Lack_Coffee_Table"":{""case_support_fraction"":0.5,""cases"":28,""support_cases"":14,""support_events"":26,""vacuous_cases"":14},""Lack_Side_Table"":{""case_support_fraction"":0.3333333333333333,""cases"":30,""support_cases"":10,""support_events"":26,""vacuous_cases"":20},""Lack_TV_Bench"":{""case_support_fraction"":0.5862068965517241,""cases"":29,""support_cases"":17,""support_events"":33,""vacuous_cases"":12}}","{""case_id"":""0"",""eligible_supporters"":3,""predecessor_end_frame_exclusive"":708,""predecessor_event_id"":""case0:frames251-708"",""trigger_event_id"":""case0:frames1774-1846"",""trigger_start_frame"":1774}","{""example"":{""case_id"":""0"",""id"":""pre:pre_041:v000035"",""kind"":""prerequisite"",""terms"":{""v000008"":-1,""v000011"":-1,""v000014"":-1,""v000020"":-1,""v000023"":-1,""v000029"":-1,""v000032"":-1,""v000035"":1},""upper"":0},""max_supporters"":16,""min_supporters"":0,""no_supporter_rows"":18,""rows"":375,""supporter_cardinality_counts"":{""0"":18,""1"":34,""2"":41,""3"":32,""4"":42,""5"":26,""6"":30,""7"":23,""8"":25,""9"":22,""10"":32,""11"":21,""12"":14,""13"":9,""14"":3,""15"":2,""16"":1}}"
