metric,unit,count,minimum,q1,median,q3,maximum,mean,population_sd
retained_candidate_score,original score,5568,7.589561865397807e-07,0.038843975874449446,0.14263468870086585,0.37802881428173607,0.9968345331654669,0.2548264205094798,0.27710512261364945
candidate_count_per_observation,count,1856,3.0,3.0,3.0,3.0,3.0,3.0,0.0
retained_score_mass,original score,1856,0.055792704017949286,0.627489705384747,0.8202919041094818,0.9358235977580036,0.9991914121737767,0.7644792615284394,0.19958459037627768
pre_insertion_top3_score_mass,original score,1856,0.0711883025476709,0.6513659877670969,0.827400402501408,0.9379436643352116,0.9991914121737767,0.7785739284483246,0.1877865699979856
removed_na_score,original score,1856,0.0007165683851017222,0.044229765554311976,0.11268181673184653,0.2197219702896181,0.8589370093255673,0.15651030846930783,0.14864739569129262
discarded_non_na_score_mass,original score,1856,6.046865863790402e-05,0.010470297233741167,0.0392266409678161,0.11658986502129055,0.6033444277863937,0.07901043106259084,0.09474829006972071
top_score,original score,1856,0.027554298867471516,0.3693404101521764,0.5726346280430616,0.7918170635407661,0.9968345331654669,0.5762033026903021,0.24315907994084937
top1_minus_top2_margin,original score,1856,0.00035228350798023,0.1544410206872705,0.4068312464135843,0.7026061798254332,0.9955502589946097,0.4332443314736024,0.3025069980297522
gt_score,original score,1856,7.589561865397807e-07,0.1265265656169504,0.47304714548429755,0.7685097884326367,0.9968345331654669,0.45960433978525334,0.3337298449659191
gt_retained_rank,rank (one-based),1856,1.0,1.0,1.0,2.0,3.0,1.6099137931034482,0.8558802644360539
gt_original_non_na_rank,rank (one-based),1856,1.0,1.0,1.0,2.0,32.0,3.1255387931034484,4.947774091417473
inserted_gt_original_non_na_rank,rank (one-based),353,4.0,5.0,9.0,15.0,32.0,10.968838526912181,7.161167159170017
