source_activity,target_activity,occurrences,case_count,case_ids,process_group_counts
align leg screw with table thread,pick up leg,1,1,"[""3""]","{""Lack_TV_Bench"": 1}"
align leg screw with table thread,rotate table,2,2,"[""42"", ""43""]","{""Lack_Coffee_Table"": 2}"
align leg screw with table thread,spin leg,279,72,"[""0"", ""10"", ""11"", ""12"", ""13"", ""14"", ""15"", ""17"", ""18"", ""19"", ""2"", ""20"", ""21"", ""22"", ""23"", ""24"", ""25"", ""26"", ""27"", ""28"", ""29"", ""3"", ""31"", ""32"", ""35"", ""36"", ""4"", ""40"", ""41"", ""42"", ""43"", ""44"", ""45"", ""47"", ""49"", ""5"", ""51"", ""52"", ""53"", ""54"", ""55"", ""56"", ""57"", ""58"", ""6"", ""60"", ""61"", ""62"", ""64"", ""65"", ""66"", ""67"", ""69"", ""7"", ""70"", ""71"", ""72"", ""73"", ""74"", ""76"", ""77"", ""78"", ""79"", ""8"", ""80"", ""81"", ""82"", ""83"", ""84"", ""85"", ""86"", ""9""]","{""Lack_Coffee_Table"": 77, ""Lack_Side_Table"": 100, ""Lack_TV_Bench"": 102}"
align leg screw with table thread,tighten leg,1,1,"[""15""]","{""Lack_TV_Bench"": 1}"
align side panel holes with front panel dowels,attach drawer side panel,34,16,"[""100"", ""103"", ""104"", ""105"", ""106"", ""110"", ""111"", ""113"", ""114"", ""115"", ""88"", ""91"", ""92"", ""93"", ""94"", ""95""]","{""Kallax_Shelf_Drawer"": 34}"
align side panel holes with front panel dowels,pick up bottom panel,2,2,"[""101"", ""113""]","{""Kallax_Shelf_Drawer"": 2}"
align side panel holes with front panel dowels,pick up pin,4,3,"[""109"", ""89"", ""98""]","{""Kallax_Shelf_Drawer"": 4}"
align side panel holes with front panel dowels,pick up side panel,2,2,"[""101"", ""113""]","{""Kallax_Shelf_Drawer"": 2}"
attach drawer back panel,insert drawer pin,4,3,"[""101"", ""113"", ""94""]","{""Kallax_Shelf_Drawer"": 4}"
attach drawer back panel,pick up pin,23,23,"[""100"", ""102"", ""103"", ""104"", ""105"", ""107"", ""108"", ""110"", ""111"", ""112"", ""114"", ""115"", ""116"", ""88"", ""90"", ""91"", ""92"", ""93"", ""94"", ""95"", ""96"", ""97"", ""99""]","{""Kallax_Shelf_Drawer"": 23}"
attach drawer side panel,other,2,2,"[""103"", ""108""]","{""Kallax_Shelf_Drawer"": 2}"
attach drawer side panel,pick up back panel,4,4,"[""91"", ""94"", ""95"", ""97""]","{""Kallax_Shelf_Drawer"": 4}"
attach drawer side panel,pick up bottom panel,23,23,"[""100"", ""102"", ""104"", ""105"", ""106"", ""107"", ""108"", ""109"", ""110"", ""111"", ""112"", ""113"", ""114"", ""115"", ""116"", ""88"", ""89"", ""90"", ""92"", ""93"", ""96"", ""98"", ""99""]","{""Kallax_Shelf_Drawer"": 23}"
attach drawer side panel,pick up side panel,31,28,"[""100"", ""102"", ""103"", ""104"", ""105"", ""106"", ""107"", ""108"", ""109"", ""110"", ""111"", ""112"", ""113"", ""114"", ""115"", ""116"", ""88"", ""89"", ""90"", ""91"", ""92"", ""93"", ""94"", ""95"", ""96"", ""97"", ""98"", ""99""]","{""Kallax_Shelf_Drawer"": 31}"
attach drawer side panel,slide bottom of drawer,1,1,"[""98""]","{""Kallax_Shelf_Drawer"": 1}"
attach shelf to table,flip table,1,1,"[""24""]","{""Lack_TV_Bench"": 1}"
attach shelf to table,other,4,4,"[""0"", ""12"", ""17"", ""9""]","{""Lack_TV_Bench"": 4}"
attach shelf to table,rotate table,1,1,"[""18""]","{""Lack_TV_Bench"": 1}"
attach shelf to table,tighten leg,1,1,"[""53""]","{""Lack_Coffee_Table"": 1}"
flip shelf,attach shelf to table,2,2,"[""22"", ""29""]","{""Lack_Coffee_Table"": 1, ""Lack_TV_Bench"": 1}"
flip shelf,pick up shelf,1,1,"[""29""]","{""Lack_Coffee_Table"": 1}"
flip table,attach shelf to table,4,4,"[""10"", ""33"", ""41"", ""48""]","{""Lack_Coffee_Table"": 3, ""Lack_TV_Bench"": 1}"
flip table,flip shelf,1,1,"[""29""]","{""Lack_Coffee_Table"": 1}"
flip table,other,1,1,"[""12""]","{""Lack_TV_Bench"": 1}"
flip table,pick up leg,1,1,"[""65""]","{""Lack_Side_Table"": 1}"
flip table,pick up shelf,52,51,"[""0"", ""1"", ""11"", ""13"", ""14"", ""15"", ""16"", ""17"", ""18"", ""19"", ""2"", ""20"", ""21"", ""22"", ""23"", ""24"", ""25"", ""26"", ""27"", ""28"", ""3"", ""30"", ""31"", ""32"", ""34"", ""35"", ""36"", ""37"", ""39"", ""4"", ""40"", ""42"", ""43"", ""44"", ""45"", ""46"", ""47"", ""49"", ""5"", ""50"", ""51"", ""52"", ""53"", ""54"", ""55"", ""56"", ""57"", ""6"", ""7"", ""8"", ""9""]","{""Lack_Coffee_Table"": 25, ""Lack_TV_Bench"": 27}"
flip table,spin leg,1,1,"[""49""]","{""Lack_Coffee_Table"": 1}"
flip table,tighten leg,1,1,"[""34""]","{""Lack_Coffee_Table"": 1}"
flip table top,align leg screw with table thread,3,3,"[""20"", ""58"", ""78""]","{""Lack_Side_Table"": 2, ""Lack_TV_Bench"": 1}"
flip table top,lay down table top,2,2,"[""3"", ""70""]","{""Lack_Side_Table"": 1, ""Lack_TV_Bench"": 1}"
flip table top,pick up leg,31,31,"[""0"", ""12"", ""16"", ""18"", ""22"", ""24"", ""25"", ""26"", ""29"", ""30"", ""31"", ""34"", ""39"", ""4"", ""40"", ""41"", ""42"", ""45"", ""47"", ""5"", ""52"", ""54"", ""56"", ""6"", ""64"", ""7"", ""72"", ""73"", ""76"", ""83"", ""84""]","{""Lack_Coffee_Table"": 13, ""Lack_Side_Table"": 6, ""Lack_TV_Bench"": 12}"
insert drawer pin,align side panel holes with front panel dowels,1,1,"[""98""]","{""Kallax_Shelf_Drawer"": 1}"
insert drawer pin,insert drawer pin,1,1,"[""96""]","{""Kallax_Shelf_Drawer"": 1}"
insert drawer pin,lay down bottom panel,6,6,"[""107"", ""112"", ""116"", ""90"", ""96"", ""97""]","{""Kallax_Shelf_Drawer"": 6}"
insert drawer pin,other,1,1,"[""113""]","{""Kallax_Shelf_Drawer"": 1}"
insert drawer pin,pick up pin,16,16,"[""100"", ""102"", ""104"", ""105"", ""107"", ""108"", ""114"", ""115"", ""116"", ""90"", ""92"", ""93"", ""94"", ""95"", ""98"", ""99""]","{""Kallax_Shelf_Drawer"": 16}"
insert drawer pin,position the drawer right side up,19,19,"[""100"", ""101"", ""102"", ""103"", ""104"", ""105"", ""106"", ""108"", ""110"", ""111"", ""114"", ""115"", ""88"", ""91"", ""92"", ""93"", ""94"", ""95"", ""99""]","{""Kallax_Shelf_Drawer"": 19}"
lay down back panel,pick up bottom panel,3,3,"[""91"", ""94"", ""95""]","{""Kallax_Shelf_Drawer"": 3}"
lay down back panel,pick up front panel,1,1,"[""91""]","{""Kallax_Shelf_Drawer"": 1}"
lay down bottom panel,other,1,1,"[""91""]","{""Kallax_Shelf_Drawer"": 1}"
lay down bottom panel,pick up side panel,1,1,"[""109""]","{""Kallax_Shelf_Drawer"": 1}"
lay down front panel,pick up back panel,1,1,"[""91""]","{""Kallax_Shelf_Drawer"": 1}"
lay down front panel,pick up side panel,7,7,"[""100"", ""101"", ""103"", ""106"", ""92"", ""93"", ""99""]","{""Kallax_Shelf_Drawer"": 7}"
lay down leg,align leg screw with table thread,1,1,"[""51""]","{""Lack_Coffee_Table"": 1}"
lay down leg,flip table top,1,1,"[""29""]","{""Lack_Coffee_Table"": 1}"
lay down leg,spin leg,1,1,"[""61""]","{""Lack_Side_Table"": 1}"
lay down shelf,flip table,2,2,"[""29"", ""41""]","{""Lack_Coffee_Table"": 2}"
lay down side panel,align side panel holes with front panel dowels,1,1,"[""91""]","{""Kallax_Shelf_Drawer"": 1}"
lay down table top,flip table top,1,1,"[""7""]","{""Lack_TV_Bench"": 1}"
lay down table top,pick up leg,5,5,"[""3"", ""53"", ""60"", ""70"", ""9""]","{""Lack_Coffee_Table"": 1, ""Lack_Side_Table"": 2, ""Lack_TV_Bench"": 2}"
other,align side panel holes with front panel dowels,1,1,"[""105""]","{""Kallax_Shelf_Drawer"": 1}"
other,attach drawer back panel,2,1,"[""94""]","{""Kallax_Shelf_Drawer"": 2}"
other,attach drawer side panel,1,1,"[""108""]","{""Kallax_Shelf_Drawer"": 1}"
other,attach shelf to table,1,1,"[""51""]","{""Lack_Coffee_Table"": 1}"
other,pick up back panel,1,1,"[""94""]","{""Kallax_Shelf_Drawer"": 1}"
other,pick up bottom panel,1,1,"[""91""]","{""Kallax_Shelf_Drawer"": 1}"
other,pick up leg,5,5,"[""0"", ""17"", ""2"", ""44"", ""9""]","{""Lack_Coffee_Table"": 1, ""Lack_TV_Bench"": 4}"
other,pick up pin,1,1,"[""103""]","{""Kallax_Shelf_Drawer"": 1}"
other,pick up shelf,1,1,"[""12""]","{""Lack_TV_Bench"": 1}"
other,pick up side panel,2,2,"[""113"", ""96""]","{""Kallax_Shelf_Drawer"": 2}"
other,rotate table,1,1,"[""0""]","{""Lack_TV_Bench"": 1}"
pick up back panel,attach drawer back panel,22,21,"[""100"", ""102"", ""103"", ""104"", ""105"", ""107"", ""110"", ""111"", ""112"", ""113"", ""114"", ""115"", ""116"", ""88"", ""90"", ""91"", ""92"", ""95"", ""96"", ""97"", ""99""]","{""Kallax_Shelf_Drawer"": 22}"
pick up back panel,lay down back panel,3,3,"[""91"", ""94"", ""95""]","{""Kallax_Shelf_Drawer"": 3}"
pick up back panel,other,2,1,"[""94""]","{""Kallax_Shelf_Drawer"": 2}"
pick up back panel,pick up bottom panel,1,1,"[""97""]","{""Kallax_Shelf_Drawer"": 1}"
pick up back panel,pick up front panel,1,1,"[""115""]","{""Kallax_Shelf_Drawer"": 1}"
pick up back panel,pick up side panel,2,2,"[""110"", ""91""]","{""Kallax_Shelf_Drawer"": 2}"
pick up back panel,slide bottom of drawer,1,1,"[""106""]","{""Kallax_Shelf_Drawer"": 1}"
pick up bottom panel,attach drawer side panel,1,1,"[""98""]","{""Kallax_Shelf_Drawer"": 1}"
pick up bottom panel,lay down bottom panel,2,2,"[""109"", ""91""]","{""Kallax_Shelf_Drawer"": 2}"
pick up bottom panel,position the drawer right side up,1,1,"[""113""]","{""Kallax_Shelf_Drawer"": 1}"
pick up bottom panel,slide bottom of drawer,29,28,"[""100"", ""101"", ""102"", ""103"", ""104"", ""105"", ""106"", ""107"", ""108"", ""109"", ""110"", ""111"", ""112"", ""113"", ""114"", ""115"", ""116"", ""88"", ""89"", ""90"", ""91"", ""92"", ""93"", ""94"", ""95"", ""96"", ""97"", ""99""]","{""Kallax_Shelf_Drawer"": 29}"
pick up front panel,align side panel holes with front panel dowels,4,4,"[""109"", ""89"", ""91"", ""98""]","{""Kallax_Shelf_Drawer"": 4}"
pick up front panel,lay down front panel,6,6,"[""100"", ""103"", ""106"", ""92"", ""93"", ""99""]","{""Kallax_Shelf_Drawer"": 6}"
pick up front panel,pick up side panel,3,3,"[""110"", ""115"", ""91""]","{""Kallax_Shelf_Drawer"": 3}"
pick up leg,align leg screw with table thread,271,72,"[""0"", ""10"", ""11"", ""12"", ""13"", ""14"", ""15"", ""17"", ""18"", ""19"", ""2"", ""20"", ""21"", ""22"", ""23"", ""24"", ""25"", ""26"", ""27"", ""28"", ""29"", ""3"", ""31"", ""32"", ""35"", ""36"", ""4"", ""40"", ""41"", ""42"", ""43"", ""44"", ""45"", ""47"", ""49"", ""5"", ""51"", ""52"", ""53"", ""54"", ""55"", ""56"", ""57"", ""58"", ""6"", ""60"", ""61"", ""62"", ""64"", ""65"", ""66"", ""67"", ""69"", ""7"", ""70"", ""71"", ""72"", ""73"", ""74"", ""76"", ""77"", ""78"", ""79"", ""8"", ""80"", ""81"", ""82"", ""83"", ""84"", ""85"", ""86"", ""9""]","{""Lack_Coffee_Table"": 75, ""Lack_Side_Table"": 95, ""Lack_TV_Bench"": 101}"
pick up leg,flip table top,1,1,"[""39""]","{""Lack_Coffee_Table"": 1}"
pick up leg,lay down leg,2,2,"[""29"", ""61""]","{""Lack_Coffee_Table"": 1, ""Lack_Side_Table"": 1}"
pick up leg,pick up table top,1,1,"[""9""]","{""Lack_TV_Bench"": 1}"
pick up leg,rotate table,1,1,"[""46""]","{""Lack_Coffee_Table"": 1}"
pick up leg,spin leg,62,23,"[""1"", ""13"", ""16"", ""19"", ""22"", ""25"", ""28"", ""30"", ""33"", ""34"", ""37"", ""39"", ""46"", ""48"", ""49"", ""50"", ""56"", ""59"", ""63"", ""68"", ""75"", ""8"", ""87""]","{""Lack_Coffee_Table"": 31, ""Lack_Side_Table"": 18, ""Lack_TV_Bench"": 13}"
pick up pin,insert drawer pin,43,27,"[""100"", ""102"", ""103"", ""104"", ""105"", ""106"", ""107"", ""108"", ""109"", ""110"", ""111"", ""112"", ""114"", ""115"", ""116"", ""88"", ""89"", ""90"", ""91"", ""92"", ""93"", ""94"", ""95"", ""96"", ""97"", ""98"", ""99""]","{""Kallax_Shelf_Drawer"": 43}"
pick up pin,other,1,1,"[""94""]","{""Kallax_Shelf_Drawer"": 1}"
pick up pin,pick up bottom panel,1,1,"[""103""]","{""Kallax_Shelf_Drawer"": 1}"
pick up shelf,attach shelf to table,50,49,"[""0"", ""1"", ""11"", ""12"", ""13"", ""14"", ""15"", ""16"", ""17"", ""18"", ""19"", ""2"", ""20"", ""21"", ""23"", ""24"", ""25"", ""26"", ""27"", ""28"", ""3"", ""30"", ""31"", ""32"", ""34"", ""35"", ""36"", ""37"", ""39"", ""40"", ""42"", ""43"", ""44"", ""45"", ""46"", ""47"", ""49"", ""5"", ""50"", ""52"", ""53"", ""54"", ""55"", ""56"", ""57"", ""6"", ""7"", ""8"", ""9""]","{""Lack_Coffee_Table"": 23, ""Lack_TV_Bench"": 27}"
pick up shelf,flip shelf,1,1,"[""22""]","{""Lack_TV_Bench"": 1}"
pick up shelf,flip table,2,2,"[""34"", ""53""]","{""Lack_Coffee_Table"": 2}"
pick up shelf,lay down shelf,2,2,"[""29"", ""41""]","{""Lack_Coffee_Table"": 2}"
pick up shelf,other,1,1,"[""51""]","{""Lack_Coffee_Table"": 1}"
pick up side panel,align side panel holes with front panel dowels,35,17,"[""100"", ""101"", ""103"", ""104"", ""105"", ""106"", ""110"", ""111"", ""113"", ""114"", ""115"", ""88"", ""91"", ""92"", ""93"", ""94"", ""95""]","{""Kallax_Shelf_Drawer"": 35}"
pick up side panel,attach drawer side panel,23,12,"[""102"", ""107"", ""108"", ""109"", ""112"", ""116"", ""89"", ""90"", ""96"", ""97"", ""98"", ""99""]","{""Kallax_Shelf_Drawer"": 23}"
pick up side panel,lay down back panel,1,1,"[""91""]","{""Kallax_Shelf_Drawer"": 1}"
pick up side panel,lay down front panel,1,1,"[""91""]","{""Kallax_Shelf_Drawer"": 1}"
pick up side panel,lay down side panel,1,1,"[""91""]","{""Kallax_Shelf_Drawer"": 1}"
pick up side panel,other,1,1,"[""105""]","{""Kallax_Shelf_Drawer"": 1}"
pick up side panel,pick up back panel,1,1,"[""115""]","{""Kallax_Shelf_Drawer"": 1}"
pick up side panel,pick up front panel,1,1,"[""110""]","{""Kallax_Shelf_Drawer"": 1}"
pick up side panel,pick up side panel,1,1,"[""91""]","{""Kallax_Shelf_Drawer"": 1}"
pick up table top,flip table top,4,4,"[""3"", ""70"", ""76"", ""84""]","{""Lack_Side_Table"": 3, ""Lack_TV_Bench"": 1}"
pick up table top,lay down table top,2,2,"[""60"", ""9""]","{""Lack_Side_Table"": 1, ""Lack_TV_Bench"": 1}"
pick up table top,pick up leg,2,2,"[""19"", ""77""]","{""Lack_Side_Table"": 1, ""Lack_TV_Bench"": 1}"
position the drawer right side up,other,1,1,"[""99""]","{""Kallax_Shelf_Drawer"": 1}"
position the drawer right side up,slide bottom of drawer,1,1,"[""113""]","{""Kallax_Shelf_Drawer"": 1}"
push table,pick up leg,4,4,"[""15"", ""17"", ""5"", ""64""]","{""Lack_Side_Table"": 1, ""Lack_TV_Bench"": 3}"
push table top,pick up leg,1,1,"[""49""]","{""Lack_Coffee_Table"": 1}"
rotate table,align leg screw with table thread,2,2,"[""42"", ""43""]","{""Lack_Coffee_Table"": 2}"
rotate table,flip table,4,4,"[""21"", ""33"", ""43"", ""80""]","{""Lack_Coffee_Table"": 2, ""Lack_Side_Table"": 1, ""Lack_TV_Bench"": 1}"
rotate table,pick up leg,40,27,"[""25"", ""33"", ""46"", ""47"", ""48"", ""51"", ""60"", ""62"", ""63"", ""64"", ""65"", ""66"", ""68"", ""69"", ""7"", ""71"", ""74"", ""75"", ""76"", ""77"", ""80"", ""82"", ""83"", ""85"", ""86"", ""87"", ""9""]","{""Lack_Coffee_Table"": 5, ""Lack_Side_Table"": 30, ""Lack_TV_Bench"": 5}"
rotate table,rotate table,1,1,"[""64""]","{""Lack_Side_Table"": 1}"
rotate table,spin leg,7,6,"[""0"", ""33"", ""46"", ""48"", ""79"", ""87""]","{""Lack_Coffee_Table"": 3, ""Lack_Side_Table"": 3, ""Lack_TV_Bench"": 1}"
rotate table,tighten leg,5,2,"[""43"", ""7""]","{""Lack_Coffee_Table"": 3, ""Lack_TV_Bench"": 2}"
slide bottom of drawer,attach drawer back panel,3,3,"[""101"", ""108"", ""93""]","{""Kallax_Shelf_Drawer"": 3}"
slide bottom of drawer,pick up back panel,24,23,"[""100"", ""102"", ""103"", ""104"", ""105"", ""106"", ""107"", ""110"", ""111"", ""112"", ""113"", ""114"", ""115"", ""116"", ""88"", ""90"", ""91"", ""92"", ""94"", ""95"", ""96"", ""97"", ""99""]","{""Kallax_Shelf_Drawer"": 24}"
slide bottom of drawer,pick up bottom panel,1,1,"[""91""]","{""Kallax_Shelf_Drawer"": 1}"
slide bottom of drawer,pick up front panel,3,3,"[""109"", ""89"", ""98""]","{""Kallax_Shelf_Drawer"": 3}"
slide bottom of drawer,pick up pin,1,1,"[""106""]","{""Kallax_Shelf_Drawer"": 1}"
spin leg,align leg screw with table thread,5,5,"[""12"", ""3"", ""49"", ""58"", ""72""]","{""Lack_Coffee_Table"": 1, ""Lack_Side_Table"": 2, ""Lack_TV_Bench"": 2}"
spin leg,flip shelf,1,1,"[""29""]","{""Lack_Coffee_Table"": 1}"
spin leg,flip table,58,57,"[""0"", ""1"", ""10"", ""11"", ""12"", ""13"", ""14"", ""16"", ""19"", ""22"", ""23"", ""25"", ""27"", ""28"", ""3"", ""30"", ""31"", ""32"", ""34"", ""36"", ""4"", ""40"", ""42"", ""44"", ""45"", ""46"", ""47"", ""48"", ""49"", ""5"", ""50"", ""51"", ""52"", ""55"", ""56"", ""59"", ""6"", ""60"", ""61"", ""63"", ""64"", ""65"", ""67"", ""68"", ""69"", ""70"", ""73"", ""74"", ""75"", ""77"", ""78"", ""8"", ""81"", ""85"", ""86"", ""87"", ""9""]","{""Lack_Coffee_Table"": 19, ""Lack_Side_Table"": 19, ""Lack_TV_Bench"": 20}"
spin leg,lay down leg,1,1,"[""51""]","{""Lack_Coffee_Table"": 1}"
spin leg,other,2,2,"[""0"", ""84""]","{""Lack_Side_Table"": 1, ""Lack_TV_Bench"": 1}"
spin leg,pick up leg,168,79,"[""0"", ""1"", ""10"", ""11"", ""12"", ""13"", ""14"", ""16"", ""17"", ""19"", ""2"", ""20"", ""21"", ""22"", ""23"", ""24"", ""25"", ""26"", ""27"", ""28"", ""29"", ""3"", ""30"", ""31"", ""32"", ""33"", ""34"", ""35"", ""36"", ""37"", ""39"", ""4"", ""40"", ""41"", ""42"", ""43"", ""44"", ""45"", ""46"", ""47"", ""48"", ""49"", ""5"", ""50"", ""51"", ""52"", ""53"", ""54"", ""55"", ""56"", ""57"", ""58"", ""59"", ""6"", ""60"", ""61"", ""63"", ""65"", ""66"", ""67"", ""68"", ""69"", ""70"", ""71"", ""72"", ""73"", ""74"", ""75"", ""76"", ""78"", ""79"", ""8"", ""81"", ""83"", ""84"", ""85"", ""86"", ""87"", ""9""]","{""Lack_Coffee_Table"": 62, ""Lack_Side_Table"": 50, ""Lack_TV_Bench"": 56}"
spin leg,pick up shelf,3,3,"[""24"", ""41"", ""53""]","{""Lack_Coffee_Table"": 2, ""Lack_TV_Bench"": 1}"
spin leg,push table,3,3,"[""15"", ""17"", ""64""]","{""Lack_Side_Table"": 1, ""Lack_TV_Bench"": 2}"
spin leg,rotate table,37,25,"[""21"", ""25"", ""33"", ""43"", ""46"", ""47"", ""48"", ""58"", ""60"", ""63"", ""64"", ""65"", ""68"", ""69"", ""7"", ""74"", ""75"", ""76"", ""77"", ""79"", ""80"", ""83"", ""85"", ""87"", ""9""]","{""Lack_Coffee_Table"": 8, ""Lack_Side_Table"": 24, ""Lack_TV_Bench"": 5}"
spin leg,spin leg,7,3,"[""47"", ""58"", ""59""]","{""Lack_Coffee_Table"": 2, ""Lack_Side_Table"": 5}"
spin leg,tighten leg,77,39,"[""0"", ""1"", ""14"", ""15"", ""16"", ""17"", ""18"", ""2"", ""20"", ""24"", ""25"", ""26"", ""28"", ""31"", ""35"", ""36"", ""37"", ""39"", ""42"", ""43"", ""44"", ""47"", ""5"", ""54"", ""55"", ""57"", ""6"", ""62"", ""66"", ""7"", ""71"", ""72"", ""75"", ""76"", ""79"", ""80"", ""82"", ""83"", ""9""]","{""Lack_Coffee_Table"": 21, ""Lack_Side_Table"": 26, ""Lack_TV_Bench"": 30}"
tighten leg,flip table,20,20,"[""15"", ""17"", ""18"", ""2"", ""20"", ""26"", ""34"", ""35"", ""37"", ""39"", ""54"", ""57"", ""62"", ""66"", ""7"", ""71"", ""72"", ""76"", ""79"", ""82""]","{""Lack_Coffee_Table"": 6, ""Lack_Side_Table"": 7, ""Lack_TV_Bench"": 7}"
tighten leg,other,2,2,"[""0"", ""44""]","{""Lack_Coffee_Table"": 1, ""Lack_TV_Bench"": 1}"
tighten leg,pick up leg,40,30,"[""1"", ""14"", ""15"", ""16"", ""17"", ""18"", ""20"", ""24"", ""25"", ""26"", ""28"", ""31"", ""35"", ""36"", ""37"", ""39"", ""42"", ""43"", ""44"", ""47"", ""54"", ""55"", ""6"", ""62"", ""71"", ""75"", ""76"", ""80"", ""82"", ""9""]","{""Lack_Coffee_Table"": 13, ""Lack_Side_Table"": 7, ""Lack_TV_Bench"": 20}"
tighten leg,push table,1,1,"[""5""]","{""Lack_TV_Bench"": 1}"
tighten leg,rotate table,16,9,"[""43"", ""62"", ""66"", ""7"", ""71"", ""79"", ""80"", ""82"", ""83""]","{""Lack_Coffee_Table"": 3, ""Lack_Side_Table"": 10, ""Lack_TV_Bench"": 3}"
tighten leg,spin leg,4,4,"[""15"", ""35"", ""57"", ""79""]","{""Lack_Coffee_Table"": 2, ""Lack_Side_Table"": 1, ""Lack_TV_Bench"": 1}"
