variant_id,event_count,case_count,case_share,cumulative_case_share,singleton,activity_sequence,case_ids,process_group_counts
variant_001,15,4,0.034482758620689655,0.034482758620689655,False,"[""pick up leg"", ""align leg screw with table thread"", ""spin leg"", ""pick up leg"", ""align leg screw with table thread"", ""spin leg"", ""pick up leg"", ""align leg screw with table thread"", ""spin leg"", ""pick up leg"", ""align leg screw with table thread"", ""spin leg"", ""flip table"", ""pick up shelf"", ""attach shelf to table""]","[""11"", ""23"", ""27"", ""32""]","{""Lack_Coffee_Table"": 1, ""Lack_TV_Bench"": 3}"
variant_002,16,3,0.02586206896551724,0.0603448275862069,False,"[""flip table top"", ""pick up leg"", ""align leg screw with table thread"", ""spin leg"", ""pick up leg"", ""align leg screw with table thread"", ""spin leg"", ""pick up leg"", ""align leg screw with table thread"", ""spin leg"", ""pick up leg"", ""align leg screw with table thread"", ""spin leg"", ""flip table"", ""pick up shelf"", ""attach shelf to table""]","[""40"", ""45"", ""52""]","{""Lack_Coffee_Table"": 3}"
variant_003,12,2,0.017241379310344827,0.07758620689655173,False,"[""attach drawer side panel"", ""pick up side panel"", ""attach drawer side panel"", ""pick up bottom panel"", ""slide bottom of drawer"", ""pick up back panel"", ""attach drawer back panel"", ""pick up pin"", ""insert drawer pin"", ""pick up pin"", ""insert drawer pin"", ""lay down bottom panel""]","[""107"", ""90""]","{""Kallax_Shelf_Drawer"": 2}"
variant_004,17,2,0.017241379310344827,0.09482758620689655,False,"[""pick up front panel"", ""lay down front panel"", ""pick up side panel"", ""align side panel holes with front panel dowels"", ""attach drawer side panel"", ""pick up side panel"", ""align side panel holes with front panel dowels"", ""attach drawer side panel"", ""pick up bottom panel"", ""slide bottom of drawer"", ""pick up back panel"", ""attach drawer back panel"", ""pick up pin"", ""insert drawer pin"", ""pick up pin"", ""insert drawer pin"", ""position the drawer right side up""]","[""100"", ""92""]","{""Kallax_Shelf_Drawer"": 2}"
variant_005,13,2,0.017241379310344827,0.11206896551724138,False,"[""pick up leg"", ""align leg screw with table thread"", ""spin leg"", ""pick up leg"", ""align leg screw with table thread"", ""spin leg"", ""pick up leg"", ""align leg screw with table thread"", ""spin leg"", ""pick up leg"", ""align leg screw with table thread"", ""spin leg"", ""flip table""]","[""67"", ""81""]","{""Lack_Side_Table"": 2}"
variant_006,15,2,0.017241379310344827,0.12931034482758622,False,"[""pick up leg"", ""align leg screw with table thread"", ""spin leg"", ""pick up leg"", ""align leg screw with table thread"", ""spin leg"", ""rotate table"", ""pick up leg"", ""align leg screw with table thread"", ""spin leg"", ""rotate table"", ""pick up leg"", ""align leg screw with table thread"", ""spin leg"", ""flip table""]","[""69"", ""74""]","{""Lack_Side_Table"": 2}"
variant_007,16,2,0.017241379310344827,0.14655172413793102,False,"[""pick up leg"", ""align leg screw with table thread"", ""spin leg"", ""tighten leg"", ""pick up leg"", ""align leg screw with table thread"", ""spin leg"", ""pick up leg"", ""align leg screw with table thread"", ""spin leg"", ""pick up leg"", ""align leg screw with table thread"", ""spin leg"", ""flip table"", ""pick up shelf"", ""attach shelf to table""]","[""14"", ""55""]","{""Lack_Coffee_Table"": 1, ""Lack_TV_Bench"": 1}"
variant_008,11,2,0.017241379310344827,0.16379310344827586,False,"[""pick up leg"", ""spin leg"", ""pick up leg"", ""spin leg"", ""rotate table"", ""pick up leg"", ""spin leg"", ""rotate table"", ""pick up leg"", ""spin leg"", ""flip table""]","[""63"", ""68""]","{""Lack_Side_Table"": 2}"
variant_009,15,2,0.017241379310344827,0.1810344827586207,False,"[""pick up side panel"", ""align side panel holes with front panel dowels"", ""attach drawer side panel"", ""pick up side panel"", ""align side panel holes with front panel dowels"", ""attach drawer side panel"", ""pick up bottom panel"", ""slide bottom of drawer"", ""pick up back panel"", ""attach drawer back panel"", ""pick up pin"", ""insert drawer pin"", ""pick up pin"", ""insert drawer pin"", ""position the drawer right side up""]","[""104"", ""114""]","{""Kallax_Shelf_Drawer"": 2}"
variant_010,13,2,0.017241379310344827,0.19827586206896552,False,"[""pick up side panel"", ""align side panel holes with front panel dowels"", ""attach drawer side panel"", ""pick up side panel"", ""align side panel holes with front panel dowels"", ""attach drawer side panel"", ""pick up bottom panel"", ""slide bottom of drawer"", ""pick up back panel"", ""attach drawer back panel"", ""pick up pin"", ""insert drawer pin"", ""position the drawer right side up""]","[""111"", ""88""]","{""Kallax_Shelf_Drawer"": 2}"
variant_011,17,1,0.008620689655172414,0.20689655172413793,True,"[""align leg screw with table thread"", ""spin leg"", ""pick up leg"", ""align leg screw with table thread"", ""spin leg"", ""tighten leg"", ""rotate table"", ""pick up leg"", ""align leg screw with table thread"", ""spin leg"", ""tighten leg"", ""rotate table"", ""pick up leg"", ""align leg screw with table thread"", ""spin leg"", ""tighten leg"", ""flip table""]","[""66""]","{""Lack_Side_Table"": 1}"
variant_012,15,1,0.008620689655172414,0.21551724137931033,True,"[""flip table"", ""pick up leg"", ""align leg screw with table thread"", ""spin leg"", ""pick up leg"", ""align leg screw with table thread"", ""spin leg"", ""rotate table"", ""pick up leg"", ""align leg screw with table thread"", ""spin leg"", ""pick up leg"", ""align leg screw with table thread"", ""spin leg"", ""flip table""]","[""65""]","{""Lack_Side_Table"": 1}"
variant_013,13,1,0.008620689655172414,0.22413793103448276,True,"[""flip table top"", ""align leg screw with table thread"", ""spin leg"", ""pick up leg"", ""align leg screw with table thread"", ""spin leg"", ""pick up leg"", ""align leg screw with table thread"", ""spin leg"", ""pick up leg"", ""align leg screw with table thread"", ""spin leg"", ""flip table""]","[""78""]","{""Lack_Side_Table"": 1}"
variant_014,16,1,0.008620689655172414,0.23275862068965517,True,"[""flip table top"", ""align leg screw with table thread"", ""spin leg"", ""spin leg"", ""pick up leg"", ""align leg screw with table thread"", ""spin leg"", ""spin leg"", ""spin leg"", ""pick up leg"", ""align leg screw with table thread"", ""spin leg"", ""align leg screw with table thread"", ""spin leg"", ""spin leg"", ""rotate table""]","[""58""]","{""Lack_Side_Table"": 1}"
variant_015,18,1,0.008620689655172414,0.2413793103448276,True,"[""flip table top"", ""align leg screw with table thread"", ""spin leg"", ""tighten leg"", ""pick up leg"", ""align leg screw with table thread"", ""spin leg"", ""tighten leg"", ""pick up leg"", ""align leg screw with table thread"", ""spin leg"", ""pick up leg"", ""align leg screw with table thread"", ""spin leg"", ""tighten leg"", ""flip table"", ""pick up shelf"", ""attach shelf to table""]","[""20""]","{""Lack_TV_Bench"": 1}"
variant_016,14,1,0.008620689655172414,0.25,True,"[""flip table top"", ""pick up leg"", ""align leg screw with table thread"", ""spin leg"", ""align leg screw with table thread"", ""spin leg"", ""pick up leg"", ""align leg screw with table thread"", ""spin leg"", ""pick up leg"", ""align leg screw with table thread"", ""spin leg"", ""tighten leg"", ""flip table""]","[""72""]","{""Lack_Side_Table"": 1}"
variant_017,22,1,0.008620689655172414,0.25862068965517243,True,"[""flip table top"", ""pick up leg"", ""align leg screw with table thread"", ""spin leg"", ""other"", ""pick up leg"", ""align leg screw with table thread"", ""spin leg"", ""pick up leg"", ""align leg screw with table thread"", ""spin leg"", ""tighten leg"", ""other"", ""rotate table"", ""spin leg"", ""pick up leg"", ""align leg screw with table thread"", ""spin leg"", ""flip table"", ""pick up shelf"", ""attach shelf to table"", ""other""]","[""0""]","{""Lack_TV_Bench"": 1}"
variant_018,17,1,0.008620689655172414,0.2672413793103448,True,"[""flip table top"", ""pick up leg"", ""align leg screw with table thread"", ""spin leg"", ""pick up leg"", ""align leg screw with table thread"", ""spin leg"", ""pick up leg"", ""align leg screw with table thread"", ""spin leg"", ""align leg screw with table thread"", ""spin leg"", ""flip table"", ""other"", ""pick up shelf"", ""attach shelf to table"", ""other""]","[""12""]","{""Lack_TV_Bench"": 1}"
variant_019,14,1,0.008620689655172414,0.27586206896551724,True,"[""flip table top"", ""pick up leg"", ""align leg screw with table thread"", ""spin leg"", ""pick up leg"", ""align leg screw with table thread"", ""spin leg"", ""pick up leg"", ""align leg screw with table thread"", ""spin leg"", ""pick up leg"", ""align leg screw with table thread"", ""spin leg"", ""flip table""]","[""73""]","{""Lack_Side_Table"": 1}"
variant_020,15,1,0.008620689655172414,0.28448275862068967,True,"[""flip table top"", ""pick up leg"", ""align leg screw with table thread"", ""spin leg"", ""pick up leg"", ""align leg screw with table thread"", ""spin leg"", ""pick up leg"", ""align leg screw with table thread"", ""spin leg"", ""pick up leg"", ""align leg screw with table thread"", ""spin leg"", ""flip table"", ""pick up shelf""]","[""4""]","{""Lack_TV_Bench"": 1}"
variant_021,17,1,0.008620689655172414,0.29310344827586204,True,"[""flip table top"", ""pick up leg"", ""align leg screw with table thread"", ""spin leg"", ""pick up leg"", ""align leg screw with table thread"", ""spin leg"", ""pick up leg"", ""align leg screw with table thread"", ""spin leg"", ""pick up leg"", ""align leg screw with table thread"", ""spin leg"", ""pick up shelf"", ""lay down shelf"", ""flip table"", ""attach shelf to table""]","[""41""]","{""Lack_Coffee_Table"": 1}"
variant_022,19,1,0.008620689655172414,0.3017241379310345,True,"[""flip table top"", ""pick up leg"", ""align leg screw with table thread"", ""spin leg"", ""pick up leg"", ""align leg screw with table thread"", ""spin leg"", ""pick up leg"", ""align leg screw with table thread"", ""spin leg"", ""tighten leg"", ""pick up leg"", ""align leg screw with table thread"", ""spin leg"", ""pick up shelf"", ""attach shelf to table"", ""flip table"", ""pick up shelf"", ""attach shelf to table""]","[""24""]","{""Lack_TV_Bench"": 1}"
variant_023,17,1,0.008620689655172414,0.3103448275862069,True,"[""flip table top"", ""pick up leg"", ""align leg screw with table thread"", ""spin leg"", ""pick up leg"", ""align leg screw with table thread"", ""spin leg"", ""rotate table"", ""pick up leg"", ""align leg screw with table thread"", ""spin leg"", ""tighten leg"", ""rotate table"", ""pick up leg"", ""align leg screw with table thread"", ""spin leg"", ""tighten leg""]","[""83""]","{""Lack_Side_Table"": 1}"
variant_024,17,1,0.008620689655172414,0.31896551724137934,True,"[""flip table top"", ""pick up leg"", ""align leg screw with table thread"", ""spin leg"", ""pick up leg"", ""align leg screw with table thread"", ""spin leg"", ""tighten leg"", ""pick up leg"", ""align leg screw with table thread"", ""spin leg"", ""pick up leg"", ""align leg screw with table thread"", ""spin leg"", ""flip table"", ""pick up shelf"", ""attach shelf to table""]","[""6""]","{""Lack_TV_Bench"": 1}"
variant_025,20,1,0.008620689655172414,0.3275862068965517,True,"[""flip table top"", ""pick up leg"", ""align leg screw with table thread"", ""spin leg"", ""pick up leg"", ""align leg screw with table thread"", ""spin leg"", ""tighten leg"", ""pick up leg"", ""align leg screw with table thread"", ""spin leg"", ""tighten leg"", ""pick up leg"", ""align leg screw with table thread"", ""rotate table"", ""align leg screw with table thread"", ""spin leg"", ""flip table"", ""pick up shelf"", ""attach shelf to table""]","[""42""]","{""Lack_Coffee_Table"": 1}"
variant_026,18,1,0.008620689655172414,0.33620689655172414,True,"[""flip table top"", ""pick up leg"", ""align leg screw with table thread"", ""spin leg"", ""pick up leg"", ""align leg screw with table thread"", ""spin leg"", ""tighten leg"", ""push table"", ""pick up leg"", ""align leg screw with table thread"", ""spin leg"", ""pick up leg"", ""align leg screw with table thread"", ""spin leg"", ""flip table"", ""pick up shelf"", ""attach shelf to table""]","[""5""]","{""Lack_TV_Bench"": 1}"
variant_027,16,1,0.008620689655172414,0.3448275862068966,True,"[""flip table top"", ""pick up leg"", ""align leg screw with table thread"", ""spin leg"", ""pick up leg"", ""spin leg"", ""pick up leg"", ""align leg screw with table thread"", ""spin leg"", ""pick up leg"", ""align leg screw with table thread"", ""spin leg"", ""flip table"", ""pick up shelf"", ""flip shelf"", ""attach shelf to table""]","[""22""]","{""Lack_TV_Bench"": 1}"
variant_028,18,1,0.008620689655172414,0.35344827586206895,True,"[""flip table top"", ""pick up leg"", ""align leg screw with table thread"", ""spin leg"", ""push table"", ""pick up leg"", ""align leg screw with table thread"", ""spin leg"", ""rotate table"", ""rotate table"", ""pick up leg"", ""align leg screw with table thread"", ""spin leg"", ""rotate table"", ""pick up leg"", ""align leg screw with table thread"", ""spin leg"", ""flip table""]","[""64""]","{""Lack_Side_Table"": 1}"
variant_029,17,1,0.008620689655172414,0.3620689655172414,True,"[""flip table top"", ""pick up leg"", ""align leg screw with table thread"", ""spin leg"", ""tighten leg"", ""pick up leg"", ""align leg screw with table thread"", ""spin leg"", ""pick up leg"", ""align leg screw with table thread"", ""spin leg"", ""pick up leg"", ""align leg screw with table thread"", ""spin leg"", ""flip table"", ""pick up shelf"", ""attach shelf to table""]","[""31""]","{""Lack_Coffee_Table"": 1}"
variant_030,18,1,0.008620689655172414,0.3706896551724138,True,"[""flip table top"", ""pick up leg"", ""align leg screw with table thread"", ""spin leg"", ""tighten leg"", ""pick up leg"", ""align leg screw with table thread"", ""spin leg"", ""pick up leg"", ""align leg screw with table thread"", ""spin leg"", ""pick up leg"", ""align leg screw with table thread"", ""spin leg"", ""tighten leg"", ""flip table"", ""pick up shelf"", ""attach shelf to table""]","[""54""]","{""Lack_Coffee_Table"": 1}"
variant_031,17,1,0.008620689655172414,0.3793103448275862,True,"[""flip table top"", ""pick up leg"", ""align leg screw with table thread"", ""spin leg"", ""tighten leg"", ""pick up leg"", ""align leg screw with table thread"", ""spin leg"", ""pick up leg"", ""spin leg"", ""rotate table"", ""pick up leg"", ""align leg screw with table thread"", ""spin leg"", ""flip table"", ""pick up shelf"", ""attach shelf to table""]","[""25""]","{""Lack_TV_Bench"": 1}"
variant_032,20,1,0.008620689655172414,0.3879310344827586,True,"[""flip table top"", ""pick up leg"", ""align leg screw with table thread"", ""spin leg"", ""tighten leg"", ""pick up leg"", ""align leg screw with table thread"", ""spin leg"", ""spin leg"", ""spin leg"", ""rotate table"", ""pick up leg"", ""align leg screw with table thread"", ""spin leg"", ""pick up leg"", ""align leg screw with table thread"", ""spin leg"", ""flip table"", ""pick up shelf"", ""attach shelf to table""]","[""47""]","{""Lack_Coffee_Table"": 1}"
variant_033,19,1,0.008620689655172414,0.39655172413793105,True,"[""flip table top"", ""pick up leg"", ""align leg screw with table thread"", ""spin leg"", ""tighten leg"", ""pick up leg"", ""align leg screw with table thread"", ""spin leg"", ""tighten leg"", ""pick up leg"", ""align leg screw with table thread"", ""spin leg"", ""pick up leg"", ""align leg screw with table thread"", ""spin leg"", ""tighten leg"", ""flip table"", ""pick up shelf"", ""attach shelf to table""]","[""26""]","{""Lack_TV_Bench"": 1}"
variant_034,21,1,0.008620689655172414,0.4051724137931034,True,"[""flip table top"", ""pick up leg"", ""align leg screw with table thread"", ""spin leg"", ""tighten leg"", ""pick up leg"", ""align leg screw with table thread"", ""spin leg"", ""tighten leg"", ""pick up leg"", ""align leg screw with table thread"", ""spin leg"", ""tighten leg"", ""pick up leg"", ""align leg screw with table thread"", ""spin leg"", ""tighten leg"", ""flip table"", ""pick up shelf"", ""attach shelf to table"", ""rotate table""]","[""18""]","{""Lack_TV_Bench"": 1}"
variant_035,15,1,0.008620689655172414,0.41379310344827586,True,"[""flip table top"", ""pick up leg"", ""spin leg"", ""pick up leg"", ""align leg screw with table thread"", ""spin leg"", ""pick up leg"", ""align leg screw with table thread"", ""spin leg"", ""pick up leg"", ""align leg screw with table thread"", ""spin leg"", ""flip table"", ""pick up shelf"", ""attach shelf to table""]","[""56""]","{""Lack_Coffee_Table"": 1}"
variant_036,12,1,0.008620689655172414,0.4224137931034483,True,"[""flip table top"", ""pick up leg"", ""spin leg"", ""pick up leg"", ""spin leg"", ""pick up leg"", ""spin leg"", ""pick up leg"", ""spin leg"", ""flip table"", ""pick up shelf"", ""attach shelf to table""]","[""30""]","{""Lack_Coffee_Table"": 1}"
variant_037,16,1,0.008620689655172414,0.43103448275862066,True,"[""flip table top"", ""pick up leg"", ""spin leg"", ""pick up leg"", ""spin leg"", ""pick up leg"", ""spin leg"", ""pick up leg"", ""spin leg"", ""flip table"", ""pick up shelf"", ""flip table"", ""tighten leg"", ""flip table"", ""pick up shelf"", ""attach shelf to table""]","[""34""]","{""Lack_Coffee_Table"": 1}"
variant_038,11,1,0.008620689655172414,0.4396551724137931,True,"[""flip table top"", ""pick up leg"", ""spin leg"", ""tighten leg"", ""pick up leg"", ""spin leg"", ""pick up leg"", ""spin leg"", ""flip table"", ""pick up shelf"", ""attach shelf to table""]","[""16""]","{""Lack_TV_Bench"": 1}"
variant_039,10,1,0.008620689655172414,0.4482758620689655,True,"[""lay down front panel"", ""pick up side panel"", ""align side panel holes with front panel dowels"", ""pick up side panel"", ""align side panel holes with front panel dowels"", ""pick up bottom panel"", ""slide bottom of drawer"", ""attach drawer back panel"", ""insert drawer pin"", ""position the drawer right side up""]","[""101""]","{""Kallax_Shelf_Drawer"": 1}"
variant_040,26,1,0.008620689655172414,0.45689655172413796,True,"[""lay down table top"", ""flip table top"", ""pick up leg"", ""align leg screw with table thread"", ""spin leg"", ""rotate table"", ""pick up leg"", ""align leg screw with table thread"", ""spin leg"", ""rotate table"", ""pick up leg"", ""align leg screw with table thread"", ""spin leg"", ""tighten leg"", ""rotate table"", ""tighten leg"", ""rotate table"", ""pick up leg"", ""align leg screw with table thread"", ""spin leg"", ""tighten leg"", ""rotate table"", ""tighten leg"", ""flip table"", ""pick up shelf"", ""attach shelf to table""]","[""7""]","{""Lack_TV_Bench"": 1}"
variant_041,18,1,0.008620689655172414,0.46551724137931033,True,"[""lay down table top"", ""pick up leg"", ""align leg screw with table thread"", ""spin leg"", ""pick up leg"", ""align leg screw with table thread"", ""spin leg"", ""pick up leg"", ""align leg screw with table thread"", ""spin leg"", ""pick up leg"", ""align leg screw with table thread"", ""spin leg"", ""pick up shelf"", ""flip table"", ""pick up shelf"", ""attach shelf to table"", ""tighten leg""]","[""53""]","{""Lack_Coffee_Table"": 1}"
variant_042,17,1,0.008620689655172414,0.47413793103448276,True,"[""other"", ""pick up leg"", ""align leg screw with table thread"", ""spin leg"", ""pick up leg"", ""align leg screw with table thread"", ""spin leg"", ""pick up leg"", ""align leg screw with table thread"", ""spin leg"", ""pick up leg"", ""align leg screw with table thread"", ""spin leg"", ""tighten leg"", ""flip table"", ""pick up shelf"", ""attach shelf to table""]","[""2""]","{""Lack_TV_Bench"": 1}"
variant_043,20,1,0.008620689655172414,0.4827586206896552,True,"[""other"", ""pick up leg"", ""align leg screw with table thread"", ""spin leg"", ""pick up leg"", ""align leg screw with table thread"", ""spin leg"", ""push table"", ""pick up leg"", ""align leg screw with table thread"", ""spin leg"", ""tighten leg"", ""pick up leg"", ""align leg screw with table thread"", ""spin leg"", ""tighten leg"", ""flip table"", ""pick up shelf"", ""attach shelf to table"", ""other""]","[""17""]","{""Lack_TV_Bench"": 1}"
variant_044,22,1,0.008620689655172414,0.49137931034482757,True,"[""other"", ""pick up leg"", ""pick up table top"", ""lay down table top"", ""pick up leg"", ""align leg screw with table thread"", ""spin leg"", ""tighten leg"", ""pick up leg"", ""align leg screw with table thread"", ""spin leg"", ""rotate table"", ""pick up leg"", ""align leg screw with table thread"", ""spin leg"", ""pick up leg"", ""align leg screw with table thread"", ""spin leg"", ""flip table"", ""pick up shelf"", ""attach shelf to table"", ""other""]","[""9""]","{""Lack_TV_Bench"": 1}"
variant_045,13,1,0.008620689655172414,0.5,True,"[""other"", ""pick up side panel"", ""attach drawer side panel"", ""pick up side panel"", ""attach drawer side panel"", ""pick up bottom panel"", ""slide bottom of drawer"", ""pick up back panel"", ""attach drawer back panel"", ""pick up pin"", ""insert drawer pin"", ""insert drawer pin"", ""lay down bottom panel""]","[""96""]","{""Kallax_Shelf_Drawer"": 1}"
variant_046,16,1,0.008620689655172414,0.5086206896551724,True,"[""pick up back panel"", ""pick up side panel"", ""pick up front panel"", ""pick up side panel"", ""align side panel holes with front panel dowels"", ""attach drawer side panel"", ""pick up side panel"", ""align side panel holes with front panel dowels"", ""attach drawer side panel"", ""pick up bottom panel"", ""slide bottom of drawer"", ""pick up back panel"", ""attach drawer back panel"", ""pick up pin"", ""insert drawer pin"", ""position the drawer right side up""]","[""110""]","{""Kallax_Shelf_Drawer"": 1}"
variant_047,12,1,0.008620689655172414,0.5172413793103449,True,"[""pick up bottom panel"", ""lay down bottom panel"", ""pick up side panel"", ""attach drawer side panel"", ""pick up side panel"", ""attach drawer side panel"", ""pick up bottom panel"", ""slide bottom of drawer"", ""pick up front panel"", ""align side panel holes with front panel dowels"", ""pick up pin"", ""insert drawer pin""]","[""109""]","{""Kallax_Shelf_Drawer"": 1}"
variant_048,17,1,0.008620689655172414,0.5258620689655172,True,"[""pick up front panel"", ""lay down front panel"", ""pick up side panel"", ""align side panel holes with front panel dowels"", ""attach drawer side panel"", ""pick up side panel"", ""align side panel holes with front panel dowels"", ""attach drawer side panel"", ""other"", ""pick up pin"", ""pick up bottom panel"", ""slide bottom of drawer"", ""pick up back panel"", ""attach drawer back panel"", ""pick up pin"", ""insert drawer pin"", ""position the drawer right side up""]","[""103""]","{""Kallax_Shelf_Drawer"": 1}"
variant_049,16,1,0.008620689655172414,0.5344827586206896,True,"[""pick up front panel"", ""lay down front panel"", ""pick up side panel"", ""align side panel holes with front panel dowels"", ""attach drawer side panel"", ""pick up side panel"", ""align side panel holes with front panel dowels"", ""attach drawer side panel"", ""pick up bottom panel"", ""slide bottom of drawer"", ""attach drawer back panel"", ""pick up pin"", ""insert drawer pin"", ""pick up pin"", ""insert drawer pin"", ""position the drawer right side up""]","[""93""]","{""Kallax_Shelf_Drawer"": 1}"
variant_050,15,1,0.008620689655172414,0.5431034482758621,True,"[""pick up front panel"", ""lay down front panel"", ""pick up side panel"", ""align side panel holes with front panel dowels"", ""attach drawer side panel"", ""pick up side panel"", ""align side panel holes with front panel dowels"", ""attach drawer side panel"", ""pick up bottom panel"", ""slide bottom of drawer"", ""pick up back panel"", ""slide bottom of drawer"", ""pick up pin"", ""insert drawer pin"", ""position the drawer right side up""]","[""106""]","{""Kallax_Shelf_Drawer"": 1}"
variant_051,16,1,0.008620689655172414,0.5517241379310345,True,"[""pick up front panel"", ""lay down front panel"", ""pick up side panel"", ""attach drawer side panel"", ""pick up side panel"", ""attach drawer side panel"", ""pick up bottom panel"", ""slide bottom of drawer"", ""pick up back panel"", ""attach drawer back panel"", ""pick up pin"", ""insert drawer pin"", ""pick up pin"", ""insert drawer pin"", ""position the drawer right side up"", ""other""]","[""99""]","{""Kallax_Shelf_Drawer"": 1}"
variant_052,34,1,0.008620689655172414,0.5603448275862069,True,"[""pick up front panel"", ""pick up side panel"", ""lay down front panel"", ""pick up back panel"", ""pick up side panel"", ""lay down back panel"", ""pick up front panel"", ""align side panel holes with front panel dowels"", ""attach drawer side panel"", ""pick up side panel"", ""align side panel holes with front panel dowels"", ""attach drawer side panel"", ""pick up side panel"", ""pick up side panel"", ""lay down side panel"", ""align side panel holes with front panel dowels"", ""attach drawer side panel"", ""pick up side panel"", ""align side panel holes with front panel dowels"", ""attach drawer side panel"", ""pick up back panel"", ""lay down back panel"", ""pick up bottom panel"", ""slide bottom of drawer"", ""pick up bottom panel"", ""lay down bottom panel"", ""other"", ""pick up bottom panel"", ""slide bottom of drawer"", ""pick up back panel"", ""attach drawer back panel"", ""pick up pin"", ""insert drawer pin"", ""position the drawer right side up""]","[""91""]","{""Kallax_Shelf_Drawer"": 1}"
variant_053,14,1,0.008620689655172414,0.5689655172413793,True,"[""pick up leg"", ""align leg screw with table thread"", ""spin leg"", ""pick up leg"", ""align leg screw with table thread"", ""spin leg"", ""pick up leg"", ""align leg screw with table thread"", ""spin leg"", ""pick up leg"", ""align leg screw with table thread"", ""spin leg"", ""flip table"", ""attach shelf to table""]","[""10""]","{""Lack_TV_Bench"": 1}"
variant_054,16,1,0.008620689655172414,0.5775862068965517,True,"[""pick up leg"", ""align leg screw with table thread"", ""spin leg"", ""pick up leg"", ""align leg screw with table thread"", ""spin leg"", ""pick up leg"", ""align leg screw with table thread"", ""spin leg"", ""pick up leg"", ""align leg screw with table thread"", ""spin leg"", ""rotate table"", ""flip table"", ""pick up shelf"", ""attach shelf to table""]","[""21""]","{""Lack_TV_Bench"": 1}"
variant_055,21,1,0.008620689655172414,0.5862068965517241,True,"[""pick up leg"", ""align leg screw with table thread"", ""spin leg"", ""pick up leg"", ""align leg screw with table thread"", ""spin leg"", ""pick up leg"", ""align leg screw with table thread"", ""spin leg"", ""pick up leg"", ""align leg screw with table thread"", ""spin leg"", ""tighten leg"", ""spin leg"", ""tighten leg"", ""rotate table"", ""spin leg"", ""rotate table"", ""spin leg"", ""tighten leg"", ""flip table""]","[""79""]","{""Lack_Side_Table"": 1}"
variant_056,14,1,0.008620689655172414,0.5948275862068966,True,"[""pick up leg"", ""align leg screw with table thread"", ""spin leg"", ""pick up leg"", ""align leg screw with table thread"", ""spin leg"", ""pick up leg"", ""align leg screw with table thread"", ""spin leg"", ""rotate table"", ""pick up leg"", ""align leg screw with table thread"", ""spin leg"", ""flip table""]","[""85""]","{""Lack_Side_Table"": 1}"
variant_057,16,1,0.008620689655172414,0.603448275862069,True,"[""pick up leg"", ""align leg screw with table thread"", ""spin leg"", ""pick up leg"", ""align leg screw with table thread"", ""spin leg"", ""pick up leg"", ""align leg screw with table thread"", ""spin leg"", ""tighten leg"", ""pick up leg"", ""align leg screw with table thread"", ""spin leg"", ""flip table"", ""pick up shelf"", ""attach shelf to table""]","[""36""]","{""Lack_Coffee_Table"": 1}"
variant_058,14,1,0.008620689655172414,0.6120689655172413,True,"[""pick up leg"", ""align leg screw with table thread"", ""spin leg"", ""pick up leg"", ""align leg screw with table thread"", ""spin leg"", ""pick up leg"", ""spin leg"", ""pick up leg"", ""align leg screw with table thread"", ""spin leg"", ""flip table"", ""pick up shelf"", ""attach shelf to table""]","[""13""]","{""Lack_TV_Bench"": 1}"
variant_059,26,1,0.008620689655172414,0.6206896551724138,True,"[""pick up leg"", ""align leg screw with table thread"", ""spin leg"", ""pick up leg"", ""align leg screw with table thread"", ""spin leg"", ""tighten leg"", ""pick up leg"", ""align leg screw with table thread"", ""spin leg"", ""tighten leg"", ""rotate table"", ""tighten leg"", ""rotate table"", ""tighten leg"", ""pick up leg"", ""align leg screw with table thread"", ""rotate table"", ""align leg screw with table thread"", ""spin leg"", ""rotate table"", ""tighten leg"", ""rotate table"", ""flip table"", ""pick up shelf"", ""attach shelf to table""]","[""43""]","{""Lack_Coffee_Table"": 1}"
variant_060,19,1,0.008620689655172414,0.6293103448275862,True,"[""pick up leg"", ""align leg screw with table thread"", ""spin leg"", ""pick up leg"", ""align leg screw with table thread"", ""spin leg"", ""tighten leg"", ""spin leg"", ""pick up leg"", ""align leg screw with table thread"", ""spin leg"", ""tighten leg"", ""pick up leg"", ""align leg screw with table thread"", ""spin leg"", ""tighten leg"", ""flip table"", ""pick up shelf"", ""attach shelf to table""]","[""35""]","{""Lack_Coffee_Table"": 1}"
variant_061,16,1,0.008620689655172414,0.6379310344827587,True,"[""pick up leg"", ""align leg screw with table thread"", ""spin leg"", ""pick up leg"", ""lay down leg"", ""spin leg"", ""pick up leg"", ""align leg screw with table thread"", ""spin leg"", ""pick up leg"", ""align leg screw with table thread"", ""spin leg"", ""pick up leg"", ""align leg screw with table thread"", ""spin leg"", ""flip table""]","[""61""]","{""Lack_Side_Table"": 1}"
variant_062,16,1,0.008620689655172414,0.646551724137931,True,"[""pick up leg"", ""align leg screw with table thread"", ""spin leg"", ""tighten leg"", ""pick up leg"", ""align leg screw with table thread"", ""spin leg"", ""tighten leg"", ""pick up leg"", ""align leg screw with table thread"", ""spin leg"", ""pick up leg"", ""spin leg"", ""flip table"", ""pick up shelf"", ""attach shelf to table""]","[""28""]","{""Lack_TV_Bench"": 1}"
variant_063,17,1,0.008620689655172414,0.6551724137931034,True,"[""pick up leg"", ""align leg screw with table thread"", ""spin leg"", ""tighten leg"", ""pick up leg"", ""align leg screw with table thread"", ""spin leg"", ""tighten leg"", ""rotate table"", ""pick up leg"", ""align leg screw with table thread"", ""spin leg"", ""pick up leg"", ""align leg screw with table thread"", ""spin leg"", ""tighten leg"", ""flip table""]","[""71""]","{""Lack_Side_Table"": 1}"
variant_064,19,1,0.008620689655172414,0.6637931034482759,True,"[""pick up leg"", ""align leg screw with table thread"", ""spin leg"", ""tighten leg"", ""pick up leg"", ""align leg screw with table thread"", ""spin leg"", ""tighten leg"", ""rotate table"", ""pick up leg"", ""align leg screw with table thread"", ""spin leg"", ""rotate table"", ""pick up leg"", ""align leg screw with table thread"", ""spin leg"", ""tighten leg"", ""rotate table"", ""flip table""]","[""80""]","{""Lack_Side_Table"": 1}"
variant_065,18,1,0.008620689655172414,0.6724137931034483,True,"[""pick up leg"", ""align leg screw with table thread"", ""spin leg"", ""tighten leg"", ""pick up leg"", ""align leg screw with table thread"", ""spin leg"", ""tighten leg"", ""rotate table"", ""pick up leg"", ""align leg screw with table thread"", ""spin leg"", ""tighten leg"", ""pick up leg"", ""align leg screw with table thread"", ""spin leg"", ""tighten leg"", ""flip table""]","[""82""]","{""Lack_Side_Table"": 1}"
variant_066,19,1,0.008620689655172414,0.6810344827586207,True,"[""pick up leg"", ""align leg screw with table thread"", ""spin leg"", ""tighten leg"", ""pick up leg"", ""align leg screw with table thread"", ""spin leg"", ""tighten leg"", ""rotate table"", ""pick up leg"", ""align leg screw with table thread"", ""spin leg"", ""tighten leg"", ""rotate table"", ""pick up leg"", ""align leg screw with table thread"", ""spin leg"", ""tighten leg"", ""flip table""]","[""62""]","{""Lack_Side_Table"": 1}"
variant_067,20,1,0.008620689655172414,0.6896551724137931,True,"[""pick up leg"", ""align leg screw with table thread"", ""spin leg"", ""tighten leg"", ""pick up leg"", ""align leg screw with table thread"", ""tighten leg"", ""spin leg"", ""push table"", ""pick up leg"", ""align leg screw with table thread"", ""spin leg"", ""tighten leg"", ""pick up leg"", ""align leg screw with table thread"", ""spin leg"", ""tighten leg"", ""flip table"", ""pick up shelf"", ""attach shelf to table""]","[""15""]","{""Lack_TV_Bench"": 1}"
variant_068,18,1,0.008620689655172414,0.6982758620689655,True,"[""pick up leg"", ""align leg screw with table thread"", ""spin leg"", ""tighten leg"", ""spin leg"", ""pick up leg"", ""align leg screw with table thread"", ""spin leg"", ""pick up leg"", ""align leg screw with table thread"", ""spin leg"", ""pick up leg"", ""align leg screw with table thread"", ""spin leg"", ""tighten leg"", ""flip table"", ""pick up shelf"", ""attach shelf to table""]","[""57""]","{""Lack_Coffee_Table"": 1}"
variant_069,15,1,0.008620689655172414,0.7068965517241379,True,"[""pick up leg"", ""flip table top"", ""pick up leg"", ""spin leg"", ""pick up leg"", ""spin leg"", ""tighten leg"", ""pick up leg"", ""spin leg"", ""pick up leg"", ""spin leg"", ""tighten leg"", ""flip table"", ""pick up shelf"", ""attach shelf to table""]","[""39""]","{""Lack_Coffee_Table"": 1}"
variant_070,21,1,0.008620689655172414,0.7155172413793104,True,"[""pick up leg"", ""lay down leg"", ""flip table top"", ""pick up leg"", ""align leg screw with table thread"", ""spin leg"", ""pick up leg"", ""align leg screw with table thread"", ""spin leg"", ""pick up leg"", ""align leg screw with table thread"", ""spin leg"", ""pick up leg"", ""align leg screw with table thread"", ""spin leg"", ""flip shelf"", ""pick up shelf"", ""lay down shelf"", ""flip table"", ""flip shelf"", ""attach shelf to table""]","[""29""]","{""Lack_Coffee_Table"": 1}"
variant_071,14,1,0.008620689655172414,0.7241379310344828,True,"[""pick up leg"", ""spin leg"", ""pick up leg"", ""align leg screw with table thread"", ""spin leg"", ""pick up leg"", ""align leg screw with table thread"", ""spin leg"", ""pick up leg"", ""align leg screw with table thread"", ""spin leg"", ""flip table"", ""pick up shelf"", ""attach shelf to table""]","[""8""]","{""Lack_TV_Bench"": 1}"
variant_072,11,1,0.008620689655172414,0.7327586206896551,True,"[""pick up leg"", ""spin leg"", ""pick up leg"", ""spin leg"", ""pick up leg"", ""spin leg"", ""pick up leg"", ""spin leg"", ""flip table"", ""pick up shelf"", ""attach shelf to table""]","[""50""]","{""Lack_Coffee_Table"": 1}"
variant_073,13,1,0.008620689655172414,0.7413793103448276,True,"[""pick up leg"", ""spin leg"", ""pick up leg"", ""spin leg"", ""pick up leg"", ""spin leg"", ""rotate table"", ""pick up leg"", ""rotate table"", ""spin leg"", ""flip table"", ""pick up shelf"", ""attach shelf to table""]","[""46""]","{""Lack_Coffee_Table"": 1}"
variant_074,13,1,0.008620689655172414,0.75,True,"[""pick up leg"", ""spin leg"", ""pick up leg"", ""spin leg"", ""pick up leg"", ""spin leg"", ""tighten leg"", ""pick up leg"", ""spin leg"", ""tighten leg"", ""flip table"", ""pick up shelf"", ""attach shelf to table""]","[""37""]","{""Lack_Coffee_Table"": 1}"
variant_075,10,1,0.008620689655172414,0.7586206896551724,True,"[""pick up leg"", ""spin leg"", ""pick up leg"", ""spin leg"", ""rotate table"", ""pick up leg"", ""spin leg"", ""rotate table"", ""spin leg"", ""flip table""]","[""87""]","{""Lack_Side_Table"": 1}"
variant_076,12,1,0.008620689655172414,0.7672413793103449,True,"[""pick up leg"", ""spin leg"", ""pick up leg"", ""spin leg"", ""rotate table"", ""spin leg"", ""rotate table"", ""pick up leg"", ""spin leg"", ""rotate table"", ""flip table"", ""attach shelf to table""]","[""33""]","{""Lack_Coffee_Table"": 1}"
variant_077,11,1,0.008620689655172414,0.7758620689655172,True,"[""pick up leg"", ""spin leg"", ""rotate table"", ""spin leg"", ""rotate table"", ""pick up leg"", ""spin leg"", ""pick up leg"", ""spin leg"", ""flip table"", ""attach shelf to table""]","[""48""]","{""Lack_Coffee_Table"": 1}"
variant_078,8,1,0.008620689655172414,0.7844827586206896,True,"[""pick up leg"", ""spin leg"", ""spin leg"", ""pick up leg"", ""spin leg"", ""pick up leg"", ""spin leg"", ""flip table""]","[""59""]","{""Lack_Side_Table"": 1}"
variant_079,11,1,0.008620689655172414,0.7931034482758621,True,"[""pick up leg"", ""spin leg"", ""tighten leg"", ""pick up leg"", ""spin leg"", ""rotate table"", ""pick up leg"", ""spin leg"", ""pick up leg"", ""spin leg"", ""flip table""]","[""75""]","{""Lack_Side_Table"": 1}"
variant_080,13,1,0.008620689655172414,0.8017241379310345,True,"[""pick up leg"", ""spin leg"", ""tighten leg"", ""pick up leg"", ""spin leg"", ""tighten leg"", ""pick up leg"", ""spin leg"", ""pick up leg"", ""spin leg"", ""flip table"", ""pick up shelf"", ""attach shelf to table""]","[""1""]","{""Lack_TV_Bench"": 1}"
variant_081,17,1,0.008620689655172414,0.8103448275862069,True,"[""pick up side panel"", ""align side panel holes with front panel dowels"", ""attach drawer side panel"", ""pick up side panel"", ""align side panel holes with front panel dowels"", ""attach drawer side panel"", ""pick up back panel"", ""lay down back panel"", ""pick up bottom panel"", ""slide bottom of drawer"", ""pick up back panel"", ""attach drawer back panel"", ""pick up pin"", ""insert drawer pin"", ""pick up pin"", ""insert drawer pin"", ""position the drawer right side up""]","[""95""]","{""Kallax_Shelf_Drawer"": 1}"
variant_082,22,1,0.008620689655172414,0.8189655172413793,True,"[""pick up side panel"", ""align side panel holes with front panel dowels"", ""attach drawer side panel"", ""pick up side panel"", ""align side panel holes with front panel dowels"", ""attach drawer side panel"", ""pick up back panel"", ""lay down back panel"", ""pick up bottom panel"", ""slide bottom of drawer"", ""pick up back panel"", ""other"", ""attach drawer back panel"", ""pick up pin"", ""other"", ""pick up back panel"", ""other"", ""attach drawer back panel"", ""insert drawer pin"", ""pick up pin"", ""insert drawer pin"", ""position the drawer right side up""]","[""94""]","{""Kallax_Shelf_Drawer"": 1}"
variant_083,22,1,0.008620689655172414,0.8275862068965517,True,"[""pick up side panel"", ""align side panel holes with front panel dowels"", ""pick up side panel"", ""align side panel holes with front panel dowels"", ""pick up bottom panel"", ""position the drawer right side up"", ""slide bottom of drawer"", ""pick up back panel"", ""attach drawer back panel"", ""insert drawer pin"", ""other"", ""pick up side panel"", ""align side panel holes with front panel dowels"", ""attach drawer side panel"", ""pick up side panel"", ""align side panel holes with front panel dowels"", ""attach drawer side panel"", ""pick up bottom panel"", ""slide bottom of drawer"", ""pick up back panel"", ""attach drawer back panel"", ""insert drawer pin""]","[""113""]","{""Kallax_Shelf_Drawer"": 1}"
variant_084,16,1,0.008620689655172414,0.8362068965517241,True,"[""pick up side panel"", ""attach drawer side panel"", ""pick up side panel"", ""attach drawer side panel"", ""other"", ""attach drawer side panel"", ""pick up side panel"", ""attach drawer side panel"", ""pick up bottom panel"", ""slide bottom of drawer"", ""attach drawer back panel"", ""pick up pin"", ""insert drawer pin"", ""pick up pin"", ""insert drawer pin"", ""position the drawer right side up""]","[""108""]","{""Kallax_Shelf_Drawer"": 1}"
variant_085,12,1,0.008620689655172414,0.8448275862068966,True,"[""pick up side panel"", ""attach drawer side panel"", ""pick up side panel"", ""attach drawer side panel"", ""pick up back panel"", ""pick up bottom panel"", ""slide bottom of drawer"", ""pick up back panel"", ""attach drawer back panel"", ""pick up pin"", ""insert drawer pin"", ""lay down bottom panel""]","[""97""]","{""Kallax_Shelf_Drawer"": 1}"
variant_086,16,1,0.008620689655172414,0.853448275862069,True,"[""pick up side panel"", ""attach drawer side panel"", ""pick up side panel"", ""attach drawer side panel"", ""pick up bottom panel"", ""attach drawer side panel"", ""slide bottom of drawer"", ""pick up front panel"", ""align side panel holes with front panel dowels"", ""pick up pin"", ""insert drawer pin"", ""align side panel holes with front panel dowels"", ""pick up pin"", ""insert drawer pin"", ""pick up pin"", ""insert drawer pin""]","[""98""]","{""Kallax_Shelf_Drawer"": 1}"
variant_087,11,1,0.008620689655172414,0.8620689655172413,True,"[""pick up side panel"", ""attach drawer side panel"", ""pick up side panel"", ""attach drawer side panel"", ""pick up bottom panel"", ""slide bottom of drawer"", ""pick up back panel"", ""attach drawer back panel"", ""pick up pin"", ""insert drawer pin"", ""lay down bottom panel""]","[""112""]","{""Kallax_Shelf_Drawer"": 1}"
variant_088,13,1,0.008620689655172414,0.8706896551724138,True,"[""pick up side panel"", ""attach drawer side panel"", ""pick up side panel"", ""attach drawer side panel"", ""pick up bottom panel"", ""slide bottom of drawer"", ""pick up back panel"", ""attach drawer back panel"", ""pick up pin"", ""insert drawer pin"", ""pick up pin"", ""insert drawer pin"", ""lay down bottom panel""]","[""116""]","{""Kallax_Shelf_Drawer"": 1}"
variant_089,13,1,0.008620689655172414,0.8793103448275862,True,"[""pick up side panel"", ""attach drawer side panel"", ""pick up side panel"", ""attach drawer side panel"", ""pick up bottom panel"", ""slide bottom of drawer"", ""pick up back panel"", ""attach drawer back panel"", ""pick up pin"", ""insert drawer pin"", ""pick up pin"", ""insert drawer pin"", ""position the drawer right side up""]","[""102""]","{""Kallax_Shelf_Drawer"": 1}"
variant_090,10,1,0.008620689655172414,0.8879310344827587,True,"[""pick up side panel"", ""attach drawer side panel"", ""pick up side panel"", ""attach drawer side panel"", ""pick up bottom panel"", ""slide bottom of drawer"", ""pick up front panel"", ""align side panel holes with front panel dowels"", ""pick up pin"", ""insert drawer pin""]","[""89""]","{""Kallax_Shelf_Drawer"": 1}"
variant_091,16,1,0.008620689655172414,0.896551724137931,True,"[""pick up side panel"", ""other"", ""align side panel holes with front panel dowels"", ""attach drawer side panel"", ""pick up side panel"", ""align side panel holes with front panel dowels"", ""attach drawer side panel"", ""pick up bottom panel"", ""slide bottom of drawer"", ""pick up back panel"", ""attach drawer back panel"", ""pick up pin"", ""insert drawer pin"", ""pick up pin"", ""insert drawer pin"", ""position the drawer right side up""]","[""105""]","{""Kallax_Shelf_Drawer"": 1}"
variant_092,18,1,0.008620689655172414,0.9051724137931034,True,"[""pick up side panel"", ""pick up back panel"", ""pick up front panel"", ""pick up side panel"", ""align side panel holes with front panel dowels"", ""attach drawer side panel"", ""pick up side panel"", ""align side panel holes with front panel dowels"", ""attach drawer side panel"", ""pick up bottom panel"", ""slide bottom of drawer"", ""pick up back panel"", ""attach drawer back panel"", ""pick up pin"", ""insert drawer pin"", ""pick up pin"", ""insert drawer pin"", ""position the drawer right side up""]","[""115""]","{""Kallax_Shelf_Drawer"": 1}"
variant_093,19,1,0.008620689655172414,0.9137931034482759,True,"[""pick up table top"", ""flip table top"", ""lay down table top"", ""pick up leg"", ""align leg screw with table thread"", ""spin leg"", ""pick up leg"", ""align leg screw with table thread"", ""spin leg"", ""align leg screw with table thread"", ""pick up leg"", ""align leg screw with table thread"", ""spin leg"", ""pick up leg"", ""align leg screw with table thread"", ""spin leg"", ""flip table"", ""pick up shelf"", ""attach shelf to table""]","[""3""]","{""Lack_TV_Bench"": 1}"
variant_094,16,1,0.008620689655172414,0.9224137931034483,True,"[""pick up table top"", ""flip table top"", ""lay down table top"", ""pick up leg"", ""align leg screw with table thread"", ""spin leg"", ""pick up leg"", ""align leg screw with table thread"", ""spin leg"", ""pick up leg"", ""align leg screw with table thread"", ""spin leg"", ""pick up leg"", ""align leg screw with table thread"", ""spin leg"", ""flip table""]","[""70""]","{""Lack_Side_Table"": 1}"
variant_095,15,1,0.008620689655172414,0.9310344827586207,True,"[""pick up table top"", ""flip table top"", ""pick up leg"", ""align leg screw with table thread"", ""spin leg"", ""pick up leg"", ""align leg screw with table thread"", ""spin leg"", ""pick up leg"", ""align leg screw with table thread"", ""spin leg"", ""pick up leg"", ""align leg screw with table thread"", ""spin leg"", ""other""]","[""84""]","{""Lack_Side_Table"": 1}"
variant_096,18,1,0.008620689655172414,0.9396551724137931,True,"[""pick up table top"", ""flip table top"", ""pick up leg"", ""align leg screw with table thread"", ""spin leg"", ""tighten leg"", ""pick up leg"", ""align leg screw with table thread"", ""spin leg"", ""pick up leg"", ""align leg screw with table thread"", ""spin leg"", ""rotate table"", ""pick up leg"", ""align leg screw with table thread"", ""spin leg"", ""tighten leg"", ""flip table""]","[""76""]","{""Lack_Side_Table"": 1}"
variant_097,16,1,0.008620689655172414,0.9482758620689655,True,"[""pick up table top"", ""lay down table top"", ""pick up leg"", ""align leg screw with table thread"", ""spin leg"", ""pick up leg"", ""align leg screw with table thread"", ""spin leg"", ""rotate table"", ""pick up leg"", ""align leg screw with table thread"", ""spin leg"", ""pick up leg"", ""align leg screw with table thread"", ""spin leg"", ""flip table""]","[""60""]","{""Lack_Side_Table"": 1}"
variant_098,18,1,0.008620689655172414,0.9568965517241379,True,"[""pick up table top"", ""pick up leg"", ""align leg screw with table thread"", ""spin leg"", ""pick up leg"", ""spin leg"", ""pick up leg"", ""align leg screw with table thread"", ""spin leg"", ""pick up leg"", ""align leg screw with table thread"", ""spin leg"", ""pick up leg"", ""align leg screw with table thread"", ""spin leg"", ""flip table"", ""pick up shelf"", ""attach shelf to table""]","[""19""]","{""Lack_TV_Bench"": 1}"
variant_099,17,1,0.008620689655172414,0.9655172413793104,True,"[""pick up table top"", ""pick up leg"", ""align leg screw with table thread"", ""spin leg"", ""rotate table"", ""pick up leg"", ""align leg screw with table thread"", ""spin leg"", ""rotate table"", ""pick up leg"", ""align leg screw with table thread"", ""spin leg"", ""rotate table"", ""pick up leg"", ""align leg screw with table thread"", ""spin leg"", ""flip table""]","[""77""]","{""Lack_Side_Table"": 1}"
variant_100,16,1,0.008620689655172414,0.9741379310344828,True,"[""push table top"", ""pick up leg"", ""align leg screw with table thread"", ""spin leg"", ""align leg screw with table thread"", ""spin leg"", ""pick up leg"", ""align leg screw with table thread"", ""spin leg"", ""pick up leg"", ""spin leg"", ""flip table"", ""spin leg"", ""flip table"", ""pick up shelf"", ""attach shelf to table""]","[""49""]","{""Lack_Coffee_Table"": 1}"
variant_101,17,1,0.008620689655172414,0.9827586206896551,True,"[""rotate table"", ""pick up leg"", ""align leg screw with table thread"", ""spin leg"", ""pick up leg"", ""align leg screw with table thread"", ""spin leg"", ""lay down leg"", ""align leg screw with table thread"", ""spin leg"", ""pick up leg"", ""align leg screw with table thread"", ""spin leg"", ""flip table"", ""pick up shelf"", ""other"", ""attach shelf to table""]","[""51""]","{""Lack_Coffee_Table"": 1}"
variant_102,14,1,0.008620689655172414,0.9913793103448276,True,"[""rotate table"", ""pick up leg"", ""align leg screw with table thread"", ""spin leg"", ""pick up leg"", ""align leg screw with table thread"", ""spin leg"", ""pick up leg"", ""align leg screw with table thread"", ""spin leg"", ""pick up leg"", ""align leg screw with table thread"", ""spin leg"", ""flip table""]","[""86""]","{""Lack_Side_Table"": 1}"
variant_103,16,1,0.008620689655172414,1.0,True,"[""spin leg"", ""tighten leg"", ""pick up leg"", ""align leg screw with table thread"", ""spin leg"", ""tighten leg"", ""other"", ""pick up leg"", ""align leg screw with table thread"", ""spin leg"", ""pick up leg"", ""align leg screw with table thread"", ""spin leg"", ""flip table"", ""pick up shelf"", ""attach shelf to table""]","[""44""]","{""Lack_Coffee_Table"": 1}"
