event_id,case_id,replaced_activity,replaced_score,inserted_gt_activity,inserted_original_score,gt_original_non_na_rank
case0:frames752-780,0,pick up leg,0.012940730234341962,other,0.00028126178325952163,5
case0:frames1846-1880,0,tighten leg,0.06777173456023722,other,0.01927330799619941,4
case0:frames1893-1903,0,pick up leg,0.02213137410581112,rotate table,0.004525730852037668,5
case1:frames1451-1467,1,tighten leg,0.08163687982596457,pick up leg,0.06669935607351363,4
case2:frames541-577,2,other,0.014867362044040218,pick up leg,0.011554463333191557,4
case3:frames176-251,3,spin leg,0.2385873852049311,pick up table top,2.6376801785469675e-05,21
case3:frames251-387,3,rotate table,0.13851423754000708,flip table top,0.012909025807269192,6
case3:frames387-468,3,spin leg,0.12747606183229773,lay down table top,5.825806029850041e-05,29
case4:frames123-178,4,pick up leg,0.08988119824366136,flip table top,0.00025220392867181956,8
case5:frames1217-1332,5,pick up leg,0.013993816656748885,tighten leg,0.0025050706068134826,8
case5:frames1332-1377,5,flip table top,0.009252739345861806,push table,0.0021769461636722554,8
case6:frames108-164,6,pick up leg,0.24730583812509263,flip table top,0.0024319880259489374,10
case6:frames1839-1946,6,align leg screw with table thread,0.09530210554181973,flip table,0.04271008243140216,5
case6:frames2074-2406,6,tighten leg,0.0999479553134865,attach shelf to table,0.06092781305919031,5
case7:frames0-31,7,spin leg,0.09745684338192787,lay down table top,9.99104728004069e-05,12
case7:frames681-794,7,tighten leg,0.18116067626216836,rotate table,0.004064261814575118,6
case7:frames1231-1312,7,pick up leg,0.13775940035055909,rotate table,0.0035441449535601015,7
case7:frames2335-2353,7,align leg screw with table thread,0.08196607397662269,rotate table,0.00558538885120975,6
case7:frames2928-2951,7,flip table,0.14902376351149185,rotate table,0.040375416045603546,5
case9:frames0-73,9,spin leg,0.036060968567043133,other,0.0031313933623469854,11
case9:frames136-200,9,align leg screw with table thread,0.08226380264386535,pick up table top,0.0014660895831184462,20
case9:frames200-240,9,spin leg,0.08288448825478553,lay down table top,7.001462945481763e-05,29
case9:frames240-282,9,pick up shelf,0.10172170365140551,pick up leg,0.07617017662241346,4
case9:frames643-665,9,spin leg,0.16876650584692304,pick up leg,0.10408953225917437,4
case9:frames2319-2379,9,flip table,0.011125663916269938,other,0.0004257263174319329,9
case10:frames1916-2008,10,rotate table,0.14590431067525692,pick up leg,0.10734768199693898,5
case11:frames130-202,11,tighten leg,0.16690070726003292,align leg screw with table thread,0.038954138134916626,4
case11:frames1632-1701,11,pick up shelf,0.09780674157799155,align leg screw with table thread,0.051338680304478905,6
case12:frames2490-2643,12,attach shelf to table,0.0936245400309441,other,0.0003661717061904294,7
case14:frames360-597,14,pick up shelf,0.061246393682663075,tighten leg,0.06088343828932268,4
case15:frames380-427,15,pick up leg,0.1779688559472561,tighten leg,0.023454764025642515,4
case15:frames516-533,15,spin leg,0.09836144087945714,tighten leg,0.04494712783900254,4
case15:frames827-853,15,align leg screw with table thread,0.07996133170448817,push table,2.3127292829135862e-05,22
case17:frames0-148,17,rotate table,0.06919767346384155,other,0.028897408800312895,8
case17:frames563-671,17,align leg screw with table thread,0.12395976063433206,pick up leg,0.04858610956257002,5
case17:frames1112-1127,17,align leg screw with table thread,0.02356393001973629,push table,0.00019701829878613353,8
case17:frames1582-1664,17,flip table,0.047679140436940076,tighten leg,0.04661021944953174,4
case17:frames2850-2909,17,rotate table,0.0071610755650168756,other,0.0015156098791413893,7
case18:frames91-151,18,attach shelf to table,0.14973630383222675,flip table top,0.0022181768688218045,11
case18:frames1746-1854,18,align leg screw with table thread,0.11943948594853282,flip table,0.08521996262586778,4
case18:frames1960-2111,18,align leg screw with table thread,0.18022489804305777,attach shelf to table,0.12201367042317296,4
case18:frames2117-2175,18,flip table,0.008291258558968147,rotate table,0.007772718129703647,4
case19:frames71-167,19,attach shelf to table,0.0016840088947750094,pick up table top,1.7063403864684783e-06,19
case20:frames62-122,20,rotate table,0.11648479849100113,flip table top,0.0040625023888424035,9
case22:frames3120-3165,22,flip table,0.006884374262558089,flip shelf,0.001345140745656358,5
case24:frames2421-2572,24,pick up bottom panel,0.11620459110832261,pick up shelf,0.09338330153980298,4
case24:frames2899-2932,24,rotate table,0.05873814778346004,pick up shelf,0.01643402609183933,4
case25:frames54-112,25,lay down table top,0.10123057316603332,flip table top,0.032624024303694224,6
case26:frames740-830,26,spin leg,0.1100813902500603,tighten leg,0.02075996326489581,5
case26:frames1332-1993,26,pick up leg,0.12658734766254975,tighten leg,0.04364135868181813,6
case29:frames127-156,29,pick up shelf,0.10554615462776916,pick up leg,0.06446695995741877,4
case29:frames157-181,29,align leg screw with table thread,0.04616111625606815,lay down leg,0.0009861815681991477,12
case29:frames193-275,29,tighten leg,0.13049429873140847,flip table top,0.0023107028022556135,11
case29:frames2082-2180,29,pick up leg,0.09171215120859787,flip shelf,8.248934570975526e-05,20
case29:frames2243-2297,29,pick up leg,0.09217501500690425,lay down shelf,0.013146954190300743,9
case29:frames2464-2533,29,pick up leg,0.08611622718382168,flip shelf,0.0022183061042544095,11
case30:frames55-210,30,pick up shelf,0.14463339314285306,flip table top,0.08105218965680369,4
case30:frames1085-1190,30,spin leg,0.11973939459948313,pick up leg,0.10850690649600611,4
case31:frames931-1091,31,pick up leg,0.1329810395720415,tighten leg,0.009744593734103546,5
case31:frames3363-3453,31,align leg screw with table thread,0.16999113361040752,pick up shelf,0.023220962110078996,6
case33:frames57-97,33,tighten leg,0.0637331728823483,pick up leg,0.04200537549331784,4
case33:frames401-493,33,tighten leg,0.16805890960234177,pick up leg,0.030990792256172583,4
case33:frames1386-1426,33,lay down shelf,0.08628175188787282,pick up leg,0.023806375917047262,9
case34:frames2977-3209,34,pick up leg,0.21243563488703862,tighten leg,0.014077621873403931,5
case35:frames839-924,35,align leg screw with table thread,0.13959157848182846,tighten leg,0.0009743064498145352,9
case36:frames1798-1827,36,pick up leg,0.02960177690818392,tighten leg,0.01992311733293122,4
case37:frames1113-1228,37,align leg screw with table thread,0.09079749091811802,tighten leg,0.07861446628104085,4
case37:frames1987-2059,37,attach shelf to table,0.06358880971351431,pick up shelf,0.06234430376854208,4
case39:frames260-541,39,spin leg,0.0870499502622201,flip table top,0.04947422213066913,5
case39:frames2873-2970,39,pick up leg,0.1023391861775794,tighten leg,0.04936397351209343,5
case40:frames103-173,40,pick up leg,0.1111833818256855,flip table top,0.014191298985055514,9
case40:frames223-251,40,flip table,0.13762211817915418,pick up leg,0.1263643866404891,4
case41:frames2516-2579,41,spin leg,0.1472504943136185,pick up shelf,0.030233570803252476,6
case41:frames2763-2839,41,align leg screw with table thread,0.1109322308513679,lay down shelf,0.00175800550019439,11
case42:frames0-275,42,other,0.08970205960033292,flip table top,0.0248729571192102,7
case42:frames1397-1616,42,pick up leg,0.1874951104799362,tighten leg,0.00906512519285151,4
case42:frames2188-2346,42,pick up leg,0.10927735089878493,tighten leg,0.00611777905421921,8
case43:frames932-972,43,pick up leg,0.020500396378338337,tighten leg,0.0031218731310218573,4
case43:frames1549-1555,43,align leg screw with table thread,0.18508428893983364,rotate table,0.0023942403495311737,6
case43:frames1600-1613,43,spin leg,0.17662948369979858,rotate table,0.003302468452602625,5
case43:frames1685-1698,43,pick up leg,0.10920626670122147,rotate table,0.009862246296296898,6
case43:frames2152-2174,43,spin leg,0.18542324006557465,rotate table,0.001688463835638355,6
case44:frames609-702,44,spin leg,0.15360881724665243,tighten leg,0.026222511715385862,6
case44:frames775-840,44,attach shelf to table,0.13725347969179544,align leg screw with table thread,0.07531120582268788,5
case44:frames1278-1327,44,flip table,0.09733729186106702,tighten leg,0.035888095842484306,6
case44:frames1327-1432,44,align leg screw with table thread,0.12025129624775478,other,0.0003037582848697812,14
case44:frames1497-1534,44,pick up leg,0.11686070303659181,align leg screw with table thread,0.07142500317579992,4
case46:frames1456-1459,46,spin leg,0.025624491274356842,rotate table,0.002125435508787632,4
case49:frames45-154,49,spin leg,0.13301785823402054,push table top,3.774215592617578e-05,28
case51:frames62-85,51,pick up shelf,0.08720429209263428,rotate table,0.036477511829656105,4
case51:frames886-910,51,spin leg,0.002153734404904147,lay down leg,0.00023312895124642333,7
case51:frames2092-2173,51,rotate table,0.013258271612065994,other,0.00034435103391584605,11
case52:frames1744-1792,52,lay down shelf,0.07731644218438305,align leg screw with table thread,0.03649715520441532,6
case53:frames0-178,53,flip table top,0.14030466318716495,lay down table top,4.521966097905697e-05,18
case53:frames2356-2445,53,flip table,0.13557422893603197,pick up shelf,0.0045376907500407,6
case53:frames2953-3049,53,spin leg,0.000259439750607271,tighten leg,0.00018167968998265374,4
case54:frames618-663,54,pick up leg,0.06252985716693932,tighten leg,0.001240301600450443,7
case54:frames2411-2583,54,align leg screw with table thread,0.044961994254642146,tighten leg,0.02397084065109253,4
case57:frames2083-2111,57,align leg screw with table thread,0.020970864620591913,tighten leg,0.004512388492003083,7
case58:frames31-184,58,pick up leg,0.06371431961789532,flip table top,0.0348273676552268,6
case58:frames820-1242,58,pick up leg,0.06875352374767947,spin leg,0.06241556262306128,4
case58:frames2552-2644,58,spin leg,0.010455179421747427,rotate table,0.002257941633180725,5
case60:frames0-143,60,rotate table,0.025273281038849505,pick up table top,4.7961121040984165e-05,27
case60:frames143-185,60,rotate table,0.054013598000719434,lay down table top,8.999636325565266e-06,23
case61:frames590-649,61,align leg screw with table thread,0.2198202063219022,lay down leg,0.0033681372168742245,6
case62:frames418-566,62,align leg screw with table thread,0.12005834594192738,tighten leg,0.02931379382120999,5
case62:frames1061-1131,62,rotate table,0.07441094517707825,tighten leg,0.007872732462627548,6
case62:frames2354-2537,62,pick up leg,0.12013798607564201,tighten leg,0.024730619020210426,6
case63:frames61-103,63,spin leg,0.11679655419928688,pick up leg,0.07090049371167663,4
case64:frames85-141,64,flip table,0.1559296772424464,flip table top,0.04605514869347514,4
case64:frames566-585,64,pick up side panel,0.013266442931796374,push table,1.4111097578662387e-05,22
case64:frames1031-1040,64,pick up bottom panel,0.1038944199681282,rotate table,0.05052206665277481,4
case65:frames59-217,65,push table top,0.0036042030474134983,flip table,0.0005944953401369644,11
case66:frames1224-1297,66,pick up leg,0.04143192352446383,tighten leg,0.02247616270403952,5
case66:frames1975-2019,66,align leg screw with table thread,0.08684871142560785,tighten leg,0.08430894275873223,4
case66:frames2719-2863,66,flip table,0.13090786930115428,tighten leg,0.020815801858488057,5
case69:frames988-1018,69,tighten leg,0.0905741090575854,rotate table,0.02029823560733348,4
case69:frames1616-1640,69,align leg screw with table thread,0.12564995884895325,rotate table,0.11171719618141651,4
case70:frames86-181,70,align leg screw with table thread,0.16452612422014537,pick up table top,7.649109534931516e-05,17
case70:frames181-286,70,pick up leg,0.12900618336030414,flip table top,0.0014635225336643912,9
case70:frames286-357,70,pick up leg,0.1468618588233498,lay down table top,2.605778715252187e-05,24
case71:frames2395-2420,71,pick up leg,0.010034317942336201,tighten leg,0.0005839993845438584,6
case75:frames777-868,75,flip table,0.12046505646411698,rotate table,0.11558864729294738,4
case75:frames868-881,75,spin leg,0.09610334611856021,pick up leg,0.037020858377218246,4
case76:frames70-91,76,pick up shelf,0.11816904339052382,pick up table top,0.0007099259719758439,23
case76:frames91-132,76,rotate table,0.09142756425752872,flip table top,0.0082200791235309,9
case76:frames169-191,76,tighten leg,0.11035279557108879,pick up leg,0.07347380928695202,4
case76:frames481-508,76,tighten leg,0.19002441647979948,pick up leg,0.0934979807999399,4
case76:frames1202-1241,76,pick up leg,0.09448318565503144,rotate table,0.03612232108851178,6
case77:frames58-131,77,pick up leg,0.10460296528388376,pick up table top,0.0003207418677908981,17
case77:frames462-517,77,spin leg,0.10048839287324385,rotate table,0.08315342777429825,4
case77:frames840-877,77,spin leg,0.08131259961708172,rotate table,0.0666618002830325,4
case77:frames877-926,77,tighten leg,0.1392682537588538,pick up leg,0.08684052785440367,4
case77:frames1231-1254,77,tighten leg,0.05702560022473335,rotate table,0.023862605671519817,6
case77:frames1259-1297,77,tighten leg,0.1419136141868014,pick up leg,0.0521932275671708,5
case77:frames1621-1739,77,pick up leg,0.047279196933417,flip table,0.037707111644321833,5
case78:frames78-135,78,attach drawer side panel,0.0453468542219254,flip table top,0.006961098185887462,12
case80:frames2126-2175,80,flip table,0.08682249383810832,tighten leg,0.00838131806338016,5
case80:frames2175-2216,80,flip table,0.15609058774099116,rotate table,0.0103464216027954,5
case82:frames609-690,82,pick up leg,0.08511801974640952,tighten leg,0.07130203935329193,4
case82:frames1989-2067,82,spin leg,0.07006043764070058,tighten leg,0.005765870457159905,6
case82:frames2516-2583,82,pick up leg,0.07250813928557866,tighten leg,0.0007580043096442833,6
case84:frames63-124,84,spin leg,0.10607941059365136,pick up table top,0.00021359088082061165,17
case84:frames124-174,84,flip table,0.08936438525095582,flip table top,0.014124499978497624,7
case84:frames1775-2053,84,pick up leg,0.10241652344413799,other,0.0009688866235631545,9
case85:frames1639-1682,85,spin leg,0.13496651769030926,pick up leg,0.06991515863080357,5
case89:frames70-125,89,pick up leg,0.0879283258183436,pick up side panel,0.0018293011912398718,12
case89:frames125-314,89,attach shelf to table,0.05416854598963505,attach drawer side panel,0.010611977634234502,6
case89:frames314-360,89,pick up shelf,0.10266000469741614,pick up side panel,0.002476650617925612,10
case89:frames360-451,89,spin leg,0.12663147082695594,attach drawer side panel,0.0009382053132547619,10
case89:frames451-533,89,spin leg,0.1320951075815573,pick up bottom panel,0.00023362486544789224,17
case89:frames533-662,89,pick up leg,0.04449194196120713,slide bottom of drawer,0.000838630194365148,15
case89:frames662-705,89,spin leg,0.0932183607026588,pick up front panel,9.279489279643438e-05,25
case89:frames705-904,89,tighten leg,0.016622687376399135,align side panel holes with front panel dowels,0.011249699409882626,4
case89:frames904-984,89,pick up leg,0.013944155257195234,pick up pin,3.698366199387237e-05,19
case89:frames984-1068,89,pick up leg,0.0266258493509321,insert drawer pin,0.0006130752791207106,12
case90:frames73-175,90,pick up leg,0.06624662930912831,attach drawer side panel,0.0017403866679837937,7
case90:frames1037-1068,90,other,0.02928263769154587,lay down bottom panel,0.007514782955930117,6
case91:frames72-221,91,align leg screw with table thread,0.14166649505996065,pick up front panel,0.0002514287921593793,27
case91:frames226-267,91,spin leg,0.05639410536827111,pick up side panel,0.002237755345271491,10
case91:frames339-411,91,pick up shelf,0.10483375631479754,lay down front panel,2.8402292050897257e-05,31
case91:frames411-447,91,pick up shelf,0.0832397445725898,pick up back panel,1.607553168822859e-05,27
case91:frames447-499,91,pick up leg,0.15724461812239426,pick up side panel,0.013417681052277867,7
case91:frames627-643,91,align side panel holes with front panel dowels,0.11873947456479073,lay down back panel,4.619123785687407e-06,32
case91:frames653-699,91,spin leg,0.08374597933953223,pick up front panel,9.392473293701187e-05,18
case91:frames699-777,91,align leg screw with table thread,0.2032267065384449,align side panel holes with front panel dowels,0.07877610442348015,4
case91:frames859-931,91,pick up leg,0.15847846834609905,pick up side panel,0.018355219521456294,6
case91:frames931-1152,91,pick up leg,0.10117562907448721,align side panel holes with front panel dowels,0.0036135266926898136,9
case91:frames1152-1219,91,pick up leg,0.09488193868701138,attach drawer side panel,0.00908694245310417,6
case91:frames1219-1275,91,attach drawer side panel,0.17867719900927373,pick up side panel,0.0014296187821725783,11
case91:frames1332-1363,91,align side panel holes with front panel dowels,0.07733520973593958,pick up side panel,0.005233977590837787,6
case91:frames1363-1378,91,align leg screw with table thread,0.026918994262814522,lay down side panel,6.928392243329047e-06,30
case91:frames1378-1481,91,pick up leg,0.06409181551374857,align side panel holes with front panel dowels,0.010720266676869568,9
case91:frames1481-1527,91,pick up leg,0.07707570432482855,attach drawer side panel,0.03154750099486631,4
case91:frames2021-2047,91,pick up leg,0.0457275714725256,pick up back panel,0.01552203856408596,6
case91:frames2052-2103,91,flip table,0.03632111788964739,lay down back panel,0.00011854934130978483,29
case91:frames2103-2119,91,pick up shelf,0.10327427368611097,pick up bottom panel,0.0010488666339369956,16
case91:frames2150-2391,91,spin leg,0.1918965101984032,slide bottom of drawer,0.002989294209969916,10
case91:frames2391-2427,91,attach drawer side panel,0.07954603744049867,pick up bottom panel,0.0007251870844508327,14
case91:frames2427-2448,91,pick up leg,0.03241106743613879,lay down bottom panel,2.829604099609978e-05,27
case91:frames2448-2592,91,spin leg,0.05008689355519083,other,0.0009159418760747132,15
case91:frames2643-2952,91,tighten leg,0.10541249269366786,slide bottom of drawer,0.0015493992853681422,11
case91:frames2967-3008,91,lay down leg,0.014031998267987879,pick up back panel,0.006674112161485161,6
case91:frames3029-3646,91,align leg screw with table thread,0.1629407342034279,attach drawer back panel,0.0024847492219135315,12
case91:frames3646-3713,91,spin leg,0.06649504985604714,pick up pin,0.0011657074948689386,12
case91:frames3713-3934,91,spin leg,0.13606268843442068,insert drawer pin,0.04616763768823,5
case91:frames3934-4037,91,tighten leg,0.14312872738075597,position the drawer right side up,0.00023957832448466486,21
case92:frames68-94,92,attach drawer side panel,0.013116795772265714,pick up front panel,0.0002683070944420671,15
case92:frames95-123,92,slide bottom of drawer,0.11985679835613285,lay down front panel,7.287898305159095e-05,22
case93:frames65-99,93,spin leg,0.12386562735499705,pick up front panel,8.253562688931947e-06,26
case93:frames99-126,93,tighten leg,0.10604600856701533,lay down front panel,1.354555056170486e-06,31
case93:frames126-322,93,tighten leg,0.09365766676979101,pick up side panel,0.00014518107803139304,18
case93:frames322-339,93,tighten leg,0.23756654122296503,align side panel holes with front panel dowels,0.0013208172064931953,10
case93:frames339-416,93,align leg screw with table thread,0.19278659410290905,attach drawer side panel,0.01187368981727677,7
case93:frames416-486,93,pick up leg,0.09509564185781139,pick up side panel,0.000206658174075918,13
case93:frames486-547,93,tighten leg,0.09905378850268536,align side panel holes with front panel dowels,0.0007450203125013924,11
case93:frames547-617,93,align leg screw with table thread,0.11761286152260644,attach drawer side panel,0.002504709289600474,10
case93:frames617-666,93,attach shelf to table,0.16301758077033623,pick up bottom panel,0.00019423009993892155,17
case93:frames666-937,93,align leg screw with table thread,0.01873280591850351,slide bottom of drawer,0.004369905597153996,9
case93:frames1002-1542,93,align leg screw with table thread,0.07710055852377856,attach drawer back panel,0.0010826964527411661,16
case93:frames1542-1564,93,tighten leg,0.10642383789474313,pick up pin,7.021441640311174e-05,22
case93:frames1564-1602,93,tighten leg,0.08647364848538448,insert drawer pin,0.00033354280075352445,14
case93:frames1602-1629,93,pick up leg,0.14148024359235056,pick up pin,0.0001361118152595332,21
case93:frames1629-1723,93,pick up leg,0.08137961477041245,insert drawer pin,0.0006606282432256465,11
case93:frames1755-1837,93,pick up leg,0.1548548424389304,position the drawer right side up,4.188552591630269e-05,20
case94:frames434-447,94,flip table,0.019140014424920082,lay down back panel,4.318973151384853e-05,28
case94:frames808-830,94,align side panel holes with front panel dowels,0.08426358516920697,other,0.0004512195102341304,18
case94:frames1253-1386,94,align leg screw with table thread,0.0393310379292956,other,0.001361030350654575,14
case94:frames1457-1930,94,pick up back panel,0.02011501755029845,other,0.0007472171481520559,15
case94:frames2189-2211,94,align side panel holes with front panel dowels,0.004186830917288634,pick up pin,0.003049434329361909,4
case94:frames2212-2266,94,pick up back panel,0.003617086396035221,insert drawer pin,0.00257260060041315,6
case95:frames436-523,95,align leg screw with table thread,0.04061984300784681,pick up side panel,0.0062627857684789375,7
case95:frames713-765,95,pick up side panel,0.02909584852078786,pick up back panel,0.0007801962360994926,10
case95:frames765-866,95,spin leg,0.07809422082627321,lay down back panel,7.589561865397807e-07,32
case96:frames48-98,96,attach drawer side panel,0.01324519408866763,other,0.001747345756739378,10
case97:frames695-796,97,align side panel holes with front panel dowels,0.07832605581808982,pick up back panel,0.033673879533711044,5
case97:frames2979-3322,97,insert drawer pin,0.05994872700961975,lay down bottom panel,0.011066143229229067,5
case98:frames208-251,98,attach drawer side panel,0.07999725570512373,pick up side panel,0.04914980485688809,6
case98:frames883-944,98,spin leg,0.13188417637568028,pick up front panel,0.0019555203839072568,18
case98:frames1164-1584,98,attach drawer side panel,0.155123115858684,align side panel holes with front panel dowels,0.10098510670608708,5
case98:frames2101-2546,98,spin leg,0.09993071730426523,align side panel holes with front panel dowels,0.09317435441182906,4
case98:frames2546-2586,98,attach shelf to table,0.08694198653101921,pick up pin,0.039056600863114,4
case99:frames0-64,99,other,0.013764793751761317,pick up front panel,0.00825440992048243,4
case99:frames64-168,99,spin leg,0.01906605505456145,lay down front panel,4.951333232620177e-05,23
case99:frames280-365,99,pick up leg,0.03309037874945823,attach drawer side panel,0.0012609500657109654,5
case99:frames365-429,99,spin leg,0.1053846811701078,pick up side panel,0.034682856774452375,4
case99:frames1399-1511,99,spin leg,0.012033806475561246,other,0.001571906786661462,8
case100:frames32-112,100,pick up leg,0.020944968052208423,pick up front panel,0.0055493695224868135,9
case100:frames112-200,100,attach drawer side panel,0.030377367088063198,lay down front panel,0.00016448101368124216,20
case101:frames121-132,101,spin leg,0.06904358162798664,lay down front panel,2.537166065766624e-06,31
case101:frames189-215,101,attach drawer side panel,0.060493044107435986,pick up side panel,0.0027338975028564725,8
case101:frames216-287,101,pick up leg,0.026642759592915084,align side panel holes with front panel dowels,0.0038651740342431086,5
case101:frames330-354,101,spin leg,0.07856498907009761,pick up side panel,0.010679207543338029,6
case101:frames360-395,101,pick up leg,0.009181892821964409,align side panel holes with front panel dowels,0.0009232754478164549,6
case101:frames456-477,101,align leg screw with table thread,0.1511289764727865,pick up bottom panel,0.0066966224417445205,6
case101:frames510-584,101,tighten leg,0.005905210890026914,slide bottom of drawer,9.255279134801665e-05,12
case101:frames820-950,101,tighten leg,0.014316203273259677,attach drawer back panel,0.0003036816938010116,12
case101:frames1087-1196,101,tighten leg,0.011152370550900424,insert drawer pin,2.42131850052061e-05,14
case101:frames1226-1283,101,pick up shelf,0.07649328769593124,position the drawer right side up,0.00012512489468606778,19
case102:frames597-629,102,align side panel holes with front panel dowels,0.04029219748736068,pick up back panel,0.0013423758458657176,10
case102:frames634-754,102,slide bottom of drawer,0.01828252203607311,attach drawer back panel,0.0010409736055104683,10
case102:frames814-847,102,pick up pin,0.0037451181313813186,insert drawer pin,0.0035327988690837765,4
case103:frames71-81,103,align leg screw with table thread,0.038230723887681964,pick up front panel,0.0006721076497342438,14
case103:frames81-100,103,pick up shelf,0.036089081905390084,lay down front panel,7.244013838652264e-06,31
case103:frames501-570,103,pick up leg,0.01580673450793045,other,0.0011346977747355897,11
case103:frames570-595,103,align side panel holes with front panel dowels,0.08646434664726257,pick up pin,2.0062295225216075e-05,25
case103:frames1047-1082,103,pick up leg,0.048763394408992355,pick up back panel,9.964251491640295e-05,21
case103:frames1082-1265,103,spin leg,0.07712531690180424,attach drawer back panel,0.01453119738229749,8
case104:frames69-125,104,spin leg,0.05607063925292875,pick up side panel,0.0026111157951943043,11
case104:frames125-178,104,pick up leg,0.05394443265109692,align side panel holes with front panel dowels,0.003188923528453089,8
case104:frames178-209,104,pick up leg,0.0584290700574075,attach drawer side panel,0.038718099916173566,5
case104:frames209-243,104,pick up leg,0.07060958914842237,pick up side panel,0.004321477797074134,10
case104:frames243-264,104,tighten leg,0.008860276967641852,align side panel holes with front panel dowels,0.0010143255460120383,6
case104:frames264-381,104,tighten leg,0.025988768881712206,attach drawer side panel,0.007625926849153689,5
case104:frames381-459,104,pick up shelf,0.11557439073490408,pick up bottom panel,0.0020408516915477568,15
case104:frames459-576,104,tighten leg,0.037202849669748135,slide bottom of drawer,0.0009381750948790811,11
case104:frames576-620,104,pick up leg,0.19461565735665234,pick up back panel,0.00012009263710669157,19
case104:frames620-788,104,pick up leg,0.017109122975463315,attach drawer back panel,0.0006398807946381913,12
case104:frames788-808,104,attach drawer side panel,0.015171469375491142,pick up pin,0.00010772498062578961,18
case104:frames808-852,104,attach drawer side panel,0.027971612797542053,insert drawer pin,0.0019949517022310333,10
case104:frames852-888,104,pick up leg,0.17244268871015972,pick up pin,8.309112874687546e-05,22
case104:frames888-936,104,pick up leg,0.03449581858391563,insert drawer pin,8.111812288310223e-05,16
case104:frames936-1017,104,pick up leg,0.06710775049380314,position the drawer right side up,6.78265056239418e-05,22
case105:frames206-294,105,pick up side panel,0.15560919351198457,other,0.0008456311549128837,15
case105:frames1176-1246,105,pick up bottom panel,0.17242695677227207,position the drawer right side up,0.13013592921862646,4
case106:frames70-90,106,pick up shelf,0.052299018017947674,pick up front panel,5.465436879603658e-05,25
case106:frames90-127,106,align leg screw with table thread,0.15996764116996043,lay down front panel,3.4160537300497686e-06,31
case106:frames127-157,106,pick up leg,0.12978320432205995,pick up side panel,0.0035732203900503616,10
case106:frames166-273,106,tighten leg,0.03860466609595813,align side panel holes with front panel dowels,0.003293164988335605,7
case106:frames325-351,106,attach drawer side panel,0.025579833102640875,pick up side panel,0.0077260363009722475,8
case106:frames402-467,106,spin leg,0.17026647547116647,align side panel holes with front panel dowels,0.03135628082001438,4
case106:frames467-476,106,align leg screw with table thread,0.0859917551279068,attach drawer side panel,0.01718560978770256,4
case106:frames491-526,106,spin leg,0.06675667422158378,pick up bottom panel,0.00227933188102075,13
case106:frames546-714,106,tighten leg,0.0818829982253235,slide bottom of drawer,0.0007482966128528849,11
case106:frames801-832,106,flip table top,0.007449385229377977,pick up back panel,3.539133984069791e-05,26
case106:frames882-1124,106,pick up leg,0.012310646451270777,slide bottom of drawer,0.00016248486648060665,11
case106:frames1124-1148,106,spin leg,0.024356135167181492,pick up pin,3.109509634668939e-05,20
case106:frames1148-1296,106,pick up leg,0.08575596604999658,insert drawer pin,0.0002740181631894744,13
case106:frames1303-1423,106,spin leg,0.04701877397795518,position the drawer right side up,0.00043197455391540037,15
case107:frames366-507,107,attach shelf to table,0.03504313537454669,attach drawer side panel,0.007267175242304802,12
case107:frames716-762,107,align side panel holes with front panel dowels,0.08628134429454803,pick up back panel,0.00650914562056246,10
case107:frames762-1022,107,align side panel holes with front panel dowels,0.071240841360906,attach drawer back panel,0.01493261236912356,6
case107:frames1228-1273,107,insert drawer pin,0.03755173186461131,lay down bottom panel,0.0005307490563912627,19
case108:frames296-345,108,rotate table,0.0991833568835745,pick up side panel,0.08147036892418959,4
case108:frames345-584,108,spin leg,0.17517894656089558,attach drawer side panel,0.14577734560771965,4
case108:frames584-936,108,align leg screw with table thread,0.1061358934649351,other,0.0007028537332768213,18
case108:frames1066-1151,108,align side panel holes with front panel dowels,0.1437485904597184,attach drawer side panel,0.05661453017417122,5
case108:frames1151-1221,108,align leg screw with table thread,0.08760628193350775,pick up bottom panel,0.011526277633882793,12
case109:frames94-131,109,pick up leg,0.17109942265056274,pick up bottom panel,0.000372417553916347,20
case109:frames131-145,109,spin leg,0.09288800780528358,lay down bottom panel,1.1205655417662846e-05,27
case109:frames145-188,109,flip table,0.09747920523202697,pick up side panel,0.004239342745994542,11
case109:frames319-375,109,spin leg,0.1011747055287872,pick up side panel,0.001308709895316237,15
case109:frames375-584,109,attach shelf to table,0.150693019591361,attach drawer side panel,0.0002553630405791888,12
case109:frames584-659,109,lay down shelf,0.1084540194955965,pick up bottom panel,0.00016672210146983466,19
case109:frames659-852,109,pick up shelf,0.058974553739237046,slide bottom of drawer,0.0009333828944891421,11
case109:frames965-1005,109,align leg screw with table thread,0.08638446470722556,pick up front panel,0.0008782980248724925,19
case109:frames1005-1603,109,tighten leg,0.053757298976045885,align side panel holes with front panel dowels,0.0006118428285126994,11
case109:frames1718-1739,109,flip table,0.14732077221075693,pick up pin,0.0004807190686863448,18
case109:frames1739-1994,109,spin leg,0.15130159276373245,insert drawer pin,0.0010327366388439402,12
case110:frames139-140,110,align leg screw with table thread,0.018272163346409798,pick up back panel,6.709497392876074e-05,17
case110:frames296-427,110,rotate table,0.035924750749903325,pick up front panel,0.0009214329209582141,14
case110:frames629-689,110,align leg screw with table thread,0.11926217327515284,attach drawer side panel,0.05580460441609224,5
case110:frames2715-2925,110,flip table,0.04712370886727946,position the drawer right side up,0.03820566490435989,4
case111:frames43-78,111,push table top,0.01748547572892026,pick up side panel,0.0019577972424615706,8
case111:frames78-165,111,pick up leg,0.08981454270709863,align side panel holes with front panel dowels,0.011286682618217242,8
case111:frames165-207,111,align leg screw with table thread,0.023700827411154195,attach drawer side panel,0.0006122127399846379,10
case111:frames207-242,111,align leg screw with table thread,0.013931468514991658,pick up side panel,0.0013700730362740745,7
case111:frames242-384,111,pick up leg,0.11766916592146309,align side panel holes with front panel dowels,0.06441052031414715,4
case111:frames384-418,111,align side panel holes with front panel dowels,0.06564374284490067,attach drawer side panel,0.03631982037468868,6
case112:frames55-108,112,align leg screw with table thread,0.009423164253228537,pick up side panel,0.005481544618477237,4
case112:frames577-619,112,spin leg,0.018725801769289233,pick up back panel,0.010704852668346749,4
case112:frames980-1065,112,insert drawer pin,0.011865803822258707,lay down bottom panel,0.002923432652674177,12
case113:frames173-210,113,tighten leg,0.15170070669941,pick up side panel,0.00017031805583502392,15
case113:frames210-360,113,spin leg,0.20017576103409132,align side panel holes with front panel dowels,0.0016983928515886266,9
case113:frames370-400,113,spin leg,0.12142938772837321,pick up side panel,0.0008248015966576834,12
case113:frames400-520,113,tighten leg,0.1345440263549487,align side panel holes with front panel dowels,0.0006634962706205745,11
case113:frames570-600,113,align leg screw with table thread,0.08324734171231588,pick up bottom panel,0.0009115759360914429,12
case113:frames640-700,113,align leg screw with table thread,0.1587639699379603,position the drawer right side up,2.7340443496844578e-05,25
case113:frames700-870,113,tighten leg,0.10279186144471168,slide bottom of drawer,0.0033258813043657402,11
case113:frames870-880,113,align leg screw with table thread,0.10837716609239578,pick up back panel,5.902670181967551e-06,26
case113:frames910-1130,113,tighten leg,0.1468563511967659,attach drawer back panel,0.0002140028709122403,13
case113:frames1247-1388,113,tighten leg,0.16465739707019947,insert drawer pin,9.667024092545654e-05,16
case113:frames1425-2117,113,tighten leg,0.1265115606291704,other,0.00015006845466546294,17
case113:frames2117-2153,113,pick up shelf,0.07059044597877397,pick up side panel,0.0012236774814987762,11
case113:frames2153-2193,113,tighten leg,0.04159841798245907,align side panel holes with front panel dowels,0.004193916083750082,8
case113:frames2193-2283,113,tighten leg,0.10031377779733804,attach drawer side panel,0.0009435655866076963,9
case113:frames2303-2333,113,pick up leg,0.0932818241417408,pick up side panel,0.0013780337176285684,11
case113:frames2343-2373,113,spin leg,0.05207714190085729,align side panel holes with front panel dowels,0.006370511674322188,6
case113:frames2373-2443,113,tighten leg,0.20496064871549607,attach drawer side panel,0.006654411830407168,7
case113:frames2463-2473,113,pick up leg,0.06723704077303409,pick up bottom panel,0.00026627325132722035,14
case113:frames2473-2703,113,align leg screw with table thread,0.08112001843426539,slide bottom of drawer,0.0008742673301363222,12
case113:frames2723-2743,113,tighten leg,0.2068643219769001,pick up back panel,8.056728202063824e-05,22
case113:frames2783-2933,113,tighten leg,0.21078476461271445,attach drawer back panel,0.00025027159446229535,16
case113:frames2983-3153,113,tighten leg,0.1306069644934991,insert drawer pin,0.00027645720647877383,13
case114:frames57-112,114,pick up leg,0.060018550807779486,pick up side panel,0.019615463997152718,5
case115:frames78-137,115,tighten leg,0.09267501425692591,pick up side panel,0.0005663607419484248,14
case115:frames142-162,115,tighten leg,0.13222629874944686,pick up back panel,2.2225162683753297e-05,26
case115:frames174-249,115,tighten leg,0.14618983012934525,pick up front panel,1.109392018406652e-05,27
case115:frames249-408,115,align leg screw with table thread,0.23610842312281988,pick up side panel,0.0006680555715600509,17
case115:frames408-499,115,tighten leg,0.21528685993545657,align side panel holes with front panel dowels,0.0007244647134499686,11
case115:frames499-536,115,align leg screw with table thread,0.11034618257670789,attach drawer side panel,0.0013488363301557664,10
case115:frames541-582,115,spin leg,0.1334318336917133,pick up side panel,0.000233504286414955,17
case115:frames582-642,115,tighten leg,0.05572222905854384,align side panel holes with front panel dowels,0.0033590434429546195,7
case115:frames793-900,115,align leg screw with table thread,0.10825853314355155,pick up bottom panel,0.00040538674848079117,14
case115:frames900-1079,115,align leg screw with table thread,0.053865284310372845,slide bottom of drawer,0.0010753545263657274,10
case115:frames1085-1142,115,pick up shelf,0.1293669410883204,pick up back panel,0.0001517216004957159,21
case115:frames1142-1432,115,align leg screw with table thread,0.046232136390332516,attach drawer back panel,0.00106125746046771,9
case115:frames1432-1461,115,tighten leg,0.11363199764284594,pick up pin,0.0001559496236511442,20
case115:frames1461-1485,115,align leg screw with table thread,0.06344299018383026,insert drawer pin,0.0013407429942162707,12
case115:frames1485-1526,115,tighten leg,0.12561153438760014,pick up pin,0.0002940241233218552,20
case115:frames1526-1561,115,tighten leg,0.04824233331850597,insert drawer pin,0.000753109113013904,13
case115:frames1561-1694,115,spin leg,0.05883588620874667,position the drawer right side up,0.00014128904477640622,19
case116:frames2072-2139,116,slide bottom of drawer,0.1383027803542009,lay down bottom panel,0.0017241748821323931,9
