model_id,frames,correct_frames,non_na_frames,correct_non_na_frames,accuracy_all_frames,accuracy_non_na_frames,max_score_conservation_error,non_na_segments,correct_non_na_segments_original,correct_non_na_segments_after_na_removal,accuracy_non_na_segments_original,accuracy_non_na_segments_after_na_removal
clip_based__c3d_and_p3d__c3d__pretrained,320390,153831,276058,140037,0.4801367083866538,0.5072738337595722,2.2737367544323206e-13,1856,753,849,0.4057112068965517,0.4574353448275862
clip_based__c3d_and_p3d__p3d__pretrained,320390,201275,276058,183638,0.628218733418646,0.6652152808467786,2.2737367544323206e-13,1856,1102,1183,0.59375,0.6373922413793104
clip_based__i3d__depth__pretrained,320390,119600,276058,93857,0.37329504666188085,0.3399901469980946,1.1368683772161603e-13,1856,357,521,0.19234913793103448,0.2807112068965517
clip_based__i3d__dev1__pretrained,320390,173946,276058,157121,0.5429195667779894,0.5691593795506741,4.547473508864641e-13,1856,850,908,0.4579741379310345,0.4892241379310345
clip_based__i3d__dev2__pretrained,320390,201657,276058,182704,0.6294110303068136,0.6618319338689695,1.1368683772161603e-13,1856,993,1075,0.5350215517241379,0.5792025862068966
clip_based__i3d__dev3__pretrained,320390,192756,276058,172793,0.6016292643340928,0.6259300581761804,2.2737367544323206e-13,1856,866,979,0.4665948275862069,0.5274784482758621
frame_based__resnet18__pretrained,320390,91983,276058,81010,0.287096975561035,0.2934528251309507,1.1368683772161603e-13,1856,470,522,0.25323275862068967,0.28125
frame_based__resnet50__pretrained,320390,104469,276058,93437,0.3260682293454852,0.33846872758623187,4.547473508864641e-13,1856,396,410,0.21336206896551724,0.2209051724137931
pose_based__HCN_32__pretrained,320390,130437,276058,123313,0.4071194481725397,0.446692361750067,4.547473508864641e-13,1856,743,763,0.40032327586206895,0.4110991379310345
pose_based__ST_GCN_64__pretrained,320390,145412,276058,123557,0.4538593589063329,0.44757623397981583,3.637978807091713e-12,1856,548,665,0.2952586206896552,0.3582974137931034
