condition,sources,components,cases,observations,candidates,bridges,local_generated_rows,shared_generated_rows,empty_generated_rows,interface_variables,maximum_component_interface,maximum_cases_in_component,maximum_candidates_in_component,lookup_requests,shared_coefficient_terms,logical_deliveries,cross_host_deliveries,central_upload_messages,central_candidate_records,candidate_owner_discovery_deliveries,case_edge_discovery_deliveries,coordinator_election_deliveries,notification_registration_deliveries,intra_case_row_construction_deliveries,construction_completion_deliveries
seed0_K1_C116,1,116,116,1856,5568,0,824,0,7,0,0,1,102,831,0,4489,0,1,5568,116,0,0,348,2261,1764
seed0_K1_C58,1,58,116,1856,5568,58,824,0,7,0,0,2,168,831,0,17887,0,1,5568,116,116,13340,290,2261,1764
seed0_K1_C29,1,29,116,1856,5568,87,824,0,7,0,0,4,270,831,0,24586,0,1,5568,116,174,20010,261,2261,1764
seed0_K1_C15,1,15,116,1856,5568,101,824,0,7,0,0,8,435,831,0,27820,0,1,5568,116,202,23230,247,2261,1764
seed0_K1_C8,1,8,116,1856,5568,108,824,0,7,0,0,16,843,831,0,29437,0,1,5568,116,216,24840,240,2261,1764
seed0_K1_C4,1,4,116,1856,5568,112,824,0,7,0,0,32,1593,831,0,30361,0,1,5568,116,224,25760,236,2261,1764
seed0_K1_C2,1,2,116,1856,5568,114,824,0,7,0,0,64,2988,831,0,30823,0,1,5568,116,228,26220,234,2261,1764
seed0_K1_C1,1,1,116,1856,5568,115,824,0,7,0,0,116,5568,831,0,31054,0,1,5568,116,230,26450,233,2261,1764
seed0_K2_C116,2,116,116,1856,5568,0,90,734,7,2331,35,1,102,1662,6850,9435,3882,2,5568,232,0,0,580,5391,3232
seed0_K2_C58,2,58,116,1856,5568,58,90,734,7,2331,63,2,168,1662,6850,22775,11728,2,5568,232,116,13340,464,5391,3232
seed0_K2_C29,2,29,116,1856,5568,87,90,734,7,2331,115,4,270,1662,6850,29445,15213,2,5568,232,174,20010,406,5391,3232
seed0_K2_C15,2,15,116,1856,5568,101,90,734,7,2331,195,8,435,1662,6850,32665,17320,2,5568,232,202,23230,378,5391,3232
seed0_K2_C8,2,8,116,1856,5568,108,90,734,7,2331,351,16,843,1662,6850,34275,18470,2,5568,232,216,24840,364,5391,3232
seed0_K2_C4,2,4,116,1856,5568,112,90,734,7,2331,652,32,1593,1662,6850,35195,19390,2,5568,232,224,25760,356,5391,3232
seed0_K2_C2,2,2,116,1856,5568,114,90,734,7,2331,1249,64,2988,1662,6850,35655,19390,2,5568,232,228,26220,352,5391,3232
seed0_K2_C1,2,1,116,1856,5568,115,90,734,7,2331,2331,116,5568,1662,6850,35885,19389,2,5568,232,230,26450,350,5391,3232
seed0_K4_C116,4,116,116,1856,5568,0,66,758,7,2350,35,1,102,3288,6922,15748,10472,4,5568,457,0,0,1030,9836,4425
seed0_K4_C58,4,58,116,1856,5568,58,66,758,7,2350,63,2,168,3288,6922,28979,22459,4,5568,457,116,13340,805,9836,4425
seed0_K4_C29,4,29,116,1856,5568,87,66,758,7,2350,115,4,270,3288,6922,35591,27558,4,5568,457,174,20010,689,9836,4425
seed0_K4_C15,4,15,116,1856,5568,101,66,758,7,2350,196,8,435,3288,6922,38783,30713,4,5568,457,202,23230,633,9836,4425
seed0_K4_C8,4,8,116,1856,5568,108,66,758,7,2350,352,16,843,3288,6922,40379,32314,4,5568,457,216,24840,605,9836,4425
seed0_K4_C4,4,4,116,1856,5568,112,66,758,7,2350,657,32,1593,3288,6922,41291,33228,4,5568,457,224,25760,589,9836,4425
seed0_K4_C2,4,2,116,1856,5568,114,66,758,7,2350,1261,64,2988,3288,6922,41747,33685,4,5568,457,228,26220,581,9836,4425
seed0_K4_C1,4,1,116,1856,5568,115,66,758,7,2350,2350,116,5568,3288,6922,41975,33913,4,5568,457,230,26450,577,9836,4425
seed0_K8_C116,8,116,116,1856,5568,0,61,763,7,2359,35,1,102,5840,6936,24615,20002,8,5568,808,0,0,1732,16295,5780
seed0_K8_C58,8,58,116,1856,5568,58,61,763,7,2359,63,2,168,5840,6936,37719,32378,8,5568,808,116,13340,1380,16295,5780
seed0_K8_C29,8,29,116,1856,5568,87,61,763,7,2359,115,4,270,5840,6936,44223,38070,8,5568,808,174,20010,1156,16295,5780
seed0_K8_C15,8,15,116,1856,5568,101,61,763,7,2359,196,8,435,5840,6936,47359,41227,8,5568,808,202,23230,1044,16295,5780
seed0_K8_C8,8,8,116,1856,5568,108,61,763,7,2359,352,16,843,5840,6936,48927,42887,8,5568,808,216,24840,988,16295,5780
seed0_K8_C4,8,4,116,1856,5568,112,61,763,7,2359,664,32,1593,5840,6936,49823,43804,8,5568,808,224,25760,956,16295,5780
seed0_K8_C2,8,2,116,1856,5568,114,61,763,7,2359,1261,64,2988,5840,6936,50271,44254,8,5568,808,228,26220,940,16295,5780
seed0_K8_C1,8,1,116,1856,5568,115,61,763,7,2359,2359,116,5568,5840,6936,50495,44479,8,5568,808,230,26450,932,16295,5780
