job,condition,method,sources,components,status,optimal_components,cases_in_optimal_components,root_solved_components,components_with_incumbent,unstarted_components,cases_in_unstarted_components,complete_matching,objective,lower_bound,upper_bound,relative_gap,elapsed_seconds,peak_rss_bytes,bound_prunes_after_query,bound_prunes_before_query,branch_operations,candidate_upload_messages,candidate_upload_records,central_solver_calls,empty_rows_checked,event_emission_records,exact_local_solves_completed,feasible_incumbents,feasible_nodes,fixed_values_sent,fully_evaluated_nodes,fully_fixed_shared_row_prunes,given_row_upload_coefficient_terms,given_row_upload_records,inexact_query_nodes,interrupted_source_calls,local_infeasibility_prunes,local_infeasible_replies,local_limited_replies,local_optimal_replies,local_unknown_replies,max_unresolved_frontier,metadata_upload_records,nodes_pruned_before_query,optimization_replies,optimization_requests,partial_query_nodes,pending_optimization_requests,pending_retention_requests,queried_nodes,raw_frame_upload_records,response_interface_values,retention_confirmations,retention_requests,score_upload_records,shared_rows_checked,shared_rows_checked_prequery,shared_rows_checked_returned,shared_rows_violated,source_calls,violated_empty_rows,visited_nodes,z3_checks
central_C58,seed0_K1_C58,central,1,58,optimal,58,116,,58,0,0,True,5317048970204269258217/5000000000000000000,5317048970204269258217/5000000000000000000,5317048970204269258217/5000000000000000000,0,2.0644925830420107,97484800,0,0,0,1,5568,58,7,1856,0,0,0,0,0,0,116,58,0,0,0,0,0,0,0,0,5568,0,0,0,0,0,0,0,0,0,0,0,5568,0,0,0,0,0,0,0,58
distributed_K2_C58,seed0_K2_C58,distributed,2,58,limited,23,46,15,24,34,68,False,,,,,300.00875050004106,302727168,2458,0,3645,,,0,7,0,13105,171,171,188414,6553,729,,,1,1,278,278,1,12827,0,41,,729,13106,13106,0,0,0,6553,,296894,342,342,,135123,66179,68944,5501,13106,0,7282,13106
central_C116,seed0_K1_C116,central,1,116,optimal,116,116,,116,0,0,True,5329723780795545381667/5000000000000000000,5329723780795545381667/5000000000000000000,5329723780795545381667/5000000000000000000,0,1.9762971249874681,98009088,0,0,0,1,5568,116,7,1856,0,0,0,0,0,0,0,0,0,0,0,0,0,0,0,0,5568,0,0,0,0,0,0,0,0,0,0,0,5568,0,0,0,0,0,0,0,116
distributed_K1_C116,seed0_K1_C116,distributed,1,116,optimal,116,116,116,116,0,0,True,5329723780795545381667/5000000000000000000,5329723780795545381667/5000000000000000000,5329723780795545381667/5000000000000000000,0,2.029153708019294,95272960,0,0,0,,,0,7,1856,116,116,116,0,116,0,,,0,0,0,0,0,116,0,1,,0,116,116,0,0,0,116,,0,116,116,,0,0,0,0,116,0,116,116
distributed_K2_C116,seed0_K2_C116,distributed,2,116,optimal,116,116,96,116,0,0,True,5329723780795545381667/5000000000000000000,5329723780795545381667/5000000000000000000,5329723780795545381667/5000000000000000000,0,91.90888454194646,211353600,1656,0,2596,,,0,7,1856,9350,292,292,64218,4675,633,,,0,0,131,131,0,9219,0,23,,633,9350,9350,0,0,0,4675,,104675,584,584,,27218,8802,18416,4016,9350,0,5308,9350
distributed_K4_C116,seed0_K4_C116,distributed,4,116,optimal,116,116,94,116,0,0,True,5329723780795545381667/5000000000000000000,5329723780795545381667/5000000000000000000,5329723780795545381667/5000000000000000000,0,82.25330720795318,284262400,1678,0,2642,,,0,7,1856,18558,298,298,64608,4720,680,,,0,0,102,102,0,18456,0,23,,680,18558,18558,0,0,0,4720,,106337,1166,1166,,28931,9674,19257,4219,18558,0,5400,18558
distributed_K8_C116,seed0_K8_C116,distributed,8,116,optimal,116,116,93,116,0,0,True,5329723780795545381667/5000000000000000000,5329723780795545381667/5000000000000000000,5329723780795545381667/5000000000000000000,0,83.746873666998,397230080,1684,0,2659,,,0,7,1856,34012,302,302,64726,4747,687,,,0,0,102,102,0,33910,0,23,,687,34012,34012,0,0,0,4747,,107045,2124,2124,,29115,9706,19409,4251,34012,0,5434,34012
distributed_K1_C58,seed0_K1_C58,distributed,1,58,optimal,58,116,58,58,0,0,True,5317048970204269258217/5000000000000000000,5317048970204269258217/5000000000000000000,5317048970204269258217/5000000000000000000,0,1.976487666950561,93470720,0,0,0,,,0,7,1856,58,58,58,0,58,0,,,0,0,0,0,0,58,0,1,,0,58,58,0,0,0,58,,0,58,58,,0,0,0,0,58,0,58,58
distributed_K4_C58,seed0_K4_C58,distributed,4,58,limited,23,46,14,24,34,68,False,,,,,300.00806920800824,443334656,2844,0,4191,,,0,7,0,30059,178,178,224430,7515,860,,,1,1,301,301,1,29758,0,41,,860,30060,30060,0,0,0,7515,,349547,712,712,,169425,84970,84455,6289,30060,0,8375,30060
distributed_K8_C58,seed0_K8_C58,distributed,8,58,limited,23,46,13,24,34,68,False,,,,,300.00653641601093,758038528,3076,0,4511,,,0,7,0,64514,184,184,246334,8104,913,,,0,1,333,333,1,64181,0,41,,913,64515,64521,1,6,0,8105,,382252,1449,1449,,186425,94154,92271,6670,64515,0,9018,64514
central_C29,seed0_K1_C29,central,1,29,optimal,29,116,,29,0,0,True,5311687647964224343797/5000000000000000000,5311687647964224343797/5000000000000000000,5311687647964224343797/5000000000000000000,0,2.1671939169755206,96616448,0,0,0,1,5568,29,7,1856,0,0,0,0,0,0,174,87,0,0,0,0,0,0,0,0,5568,0,0,0,0,0,0,0,0,0,0,0,5568,0,0,0,0,0,0,0,29
distributed_K1_C29,seed0_K1_C29,distributed,1,29,optimal,29,116,29,29,0,0,True,5311687647964224343797/5000000000000000000,5311687647964224343797/5000000000000000000,5311687647964224343797/5000000000000000000,0,2.170262624975294,96141312,0,0,0,,,0,7,1856,29,29,29,0,29,0,,,0,0,0,0,0,29,0,1,,0,29,29,0,0,0,29,,0,29,29,,0,0,0,0,29,0,29,29
distributed_K2_C29,seed0_K2_C29,distributed,2,29,limited,2,8,1,3,26,104,False,,,,,300.0156071250094,237502464,1301,0,1948,,,0,7,0,6887,87,87,120350,3444,410,,,1,1,107,107,1,6780,0,63,,410,6888,6888,0,0,0,3444,,234763,174,174,,88235,44624,43611,2829,6888,0,3854,6888
distributed_K4_C29,seed0_K4_C29,distributed,4,29,limited,2,8,1,3,26,104,False,,,,,300.00840995809995,345571328,1587,0,2299,,,0,7,0,16340,90,90,142945,4085,471,,,0,1,109,109,1,16231,0,63,,471,16341,16344,1,3,0,4086,,280529,360,360,,110671,54724,55947,3241,16341,0,4557,16341
distributed_K8_C29,seed0_K8_C29,distributed,8,29,limited,2,8,1,3,26,104,False,,,,,300.0198747080285,496795648,1777,0,2550,,,0,7,0,36488,101,101,168168,4561,492,,,0,1,133,133,1,36355,0,63,,492,36489,36496,1,7,0,4562,,333318,808,808,,126496,61903,64593,3547,36489,0,5054,36488
central_C15,seed0_K1_C15,central,1,15,optimal,15,116,,15,0,0,True,5311687647964224343797/5000000000000000000,5311687647964224343797/5000000000000000000,5311687647964224343797/5000000000000000000,0,2.5375080830417573,109658112,0,0,0,1,5568,15,7,1856,0,0,0,0,0,0,202,101,0,0,0,0,0,0,0,0,5568,0,0,0,0,0,0,0,0,0,0,0,5568,0,0,0,0,0,0,0,15
distributed_K1_C15,seed0_K1_C15,distributed,1,15,optimal,15,116,15,15,0,0,True,5311687647964224343797/5000000000000000000,5311687647964224343797/5000000000000000000,5311687647964224343797/5000000000000000000,0,2.534641542006284,107331584,0,0,0,,,0,7,1856,15,15,15,0,15,0,,,0,0,0,0,0,15,0,1,,0,15,15,0,0,0,15,,0,15,15,,0,0,0,0,15,0,15,15
distributed_K2_C15,seed0_K2_C15,distributed,2,15,limited,0,0,0,1,14,108,False,,,,,300.0201098329853,246530048,511,0,818,,,0,7,0,2768,34,34,79971,1384,202,,,0,1,21,21,1,2747,0,58,,202,2769,2770,1,1,0,1385,,222675,68,68,,75594,34698,40896,1317,2769,0,1587,2769
distributed_K4_C15,seed0_K4_C15,distributed,4,15,limited,0,0,0,1,14,108,False,,,,,300.012072750018,243302400,668,0,1008,,,0,7,0,6913,33,33,103437,1728,236,,,0,1,19,19,1,6894,0,60,,236,6914,6916,1,2,0,1729,,286097,132,132,,98912,44780,54132,1541,6914,0,1965,6914
distributed_K8_C15,seed0_K8_C15,distributed,8,15,limited,0,0,0,1,14,108,False,,,,,300.01940433401614,323190784,754,0,1129,,,0,7,0,15563,37,37,116111,1945,268,,,0,1,25,25,1,15538,0,60,,268,15564,15568,1,4,0,1946,,322413,296,296,,110880,50248,60632,1741,15564,0,2214,15563
central_C8,seed0_K1_C8,central,1,8,optimal,8,116,,8,0,0,True,5311615014960605888547/5000000000000000000,5311615014960605888547/5000000000000000000,5311615014960605888547/5000000000000000000,0,3.3095134160248563,122355712,0,0,0,1,5568,8,7,1856,0,0,0,0,0,0,216,108,0,0,0,0,0,0,0,0,5568,0,0,0,0,0,0,0,0,0,0,0,5568,0,0,0,0,0,0,0,8
distributed_K1_C8,seed0_K1_C8,distributed,1,8,optimal,8,116,8,8,0,0,True,5311615014960605888547/5000000000000000000,5311615014960605888547/5000000000000000000,5311615014960605888547/5000000000000000000,0,3.3377210409380496,120848384,0,0,0,,,0,7,1856,8,8,8,0,8,0,,,0,0,0,0,0,8,0,1,,0,8,8,0,0,0,8,,0,8,8,,0,0,0,0,8,0,8,8
distributed_K2_C8,seed0_K2_C8,distributed,2,8,limited,0,0,0,1,7,100,False,,,,,300.02653870906215,205750272,246,0,426,,,0,7,0,1390,20,20,39717,695,106,,,0,1,3,3,1,1387,0,58,,106,1391,1392,1,1,0,696,,226791,40,40,,61849,17249,44600,775,1391,0,802,1391
distributed_K4_C8,seed0_K4_C8,distributed,4,8,limited,0,0,0,1,7,100,False,,,,,300.0375840420602,234569728,332,0,533,,,0,7,0,3552,20,20,52677,888,126,,,0,1,3,3,1,3549,0,60,,126,3553,3556,1,3,0,889,,294546,80,80,,80919,22854,58065,902,3553,0,1015,3552
distributed_K8_C8,seed0_K8_C8,distributed,8,8,limited,0,0,0,1,7,100,False,,,,,300.00818116695154,256933888,390,0,614,,,0,7,0,8273,24,24,61568,1034,140,,,0,1,6,6,1,8267,0,60,,140,8274,8280,1,6,0,1035,,348218,192,192,,94251,26623,67628,997,8274,0,1175,8273
central_C4,seed0_K1_C4,central,1,4,optimal,4,116,,4,0,0,True,5311131334359797710647/5000000000000000000,5311131334359797710647/5000000000000000000,5311131334359797710647/5000000000000000000,0,5.9782567920628935,207454208,0,0,0,1,5568,4,7,1856,0,0,0,0,0,0,224,112,0,0,0,0,0,0,0,0,5568,0,0,0,0,0,0,0,0,0,0,0,5568,0,0,0,0,0,0,0,4
distributed_K1_C4,seed0_K1_C4,distributed,1,4,optimal,4,116,4,4,0,0,True,5311131334359797710647/5000000000000000000,5311131334359797710647/5000000000000000000,5311131334359797710647/5000000000000000000,0,5.918197999941185,207962112,0,0,0,,,0,7,1856,4,4,4,0,4,0,,,0,0,0,0,0,4,0,1,,0,4,4,0,0,0,4,,0,4,4,,0,0,0,0,4,0,4,4
distributed_K2_C4,seed0_K2_C4,distributed,2,4,limited,0,0,0,1,3,84,False,,,,,300.0077350840438,226443264,108,0,373,,,0,7,0,1047,21,21,68575,523,77,,,0,0,21,21,0,1026,0,161,,77,1047,1048,1,1,0,524,,334516,42,42,,108678,29878,78800,1312,1047,0,601,1047
distributed_K4_C4,seed0_K4_C4,distributed,4,4,limited,0,0,0,1,3,84,False,,,,,300.055905333953,230506496,127,0,416,,,0,7,0,2356,22,22,80238,589,93,,,0,1,24,24,1,2332,0,165,,93,2357,2360,1,3,0,590,,382858,88,88,,126451,36661,89790,1482,2357,0,683,2356
distributed_K8_C4,seed0_K8_C4,distributed,8,4,limited,0,0,0,1,3,84,False,,,,,300.0380653749453,287244288,140,0,437,,,0,7,0,5021,23,23,86586,627,96,,,0,1,27,27,1,4994,0,166,,96,5022,5024,1,2,0,628,,414270,184,184,,135378,39698,95680,1708,5022,0,724,5021
central_C2,seed0_K1_C2,central,1,2,optimal,2,116,,2,0,0,True,5311131334359797710647/5000000000000000000,5311131334359797710647/5000000000000000000,5311131334359797710647/5000000000000000000,0,12.773412041016854,452476928,0,0,0,1,5568,2,7,1856,0,0,0,0,0,0,228,114,0,0,0,0,0,0,0,0,5568,0,0,0,0,0,0,0,0,0,0,0,5568,0,0,0,0,0,0,0,2
distributed_K1_C2,seed0_K1_C2,distributed,1,2,optimal,2,116,2,2,0,0,True,5311131334359797710647/5000000000000000000,5311131334359797710647/5000000000000000000,5311131334359797710647/5000000000000000000,0,12.652774375048466,448495616,0,0,0,,,0,7,1856,2,2,2,0,2,0,,,0,0,0,0,0,2,0,1,,0,2,2,0,0,0,2,,0,2,2,,0,0,0,0,2,0,2,2
distributed_K2_C2,seed0_K2_C2,distributed,2,2,limited,0,0,0,0,1,64,False,,,,,300.0193457499845,242696192,0,0,284,,,0,7,0,569,0,0,40470,285,0,,,1,1,0,0,1,569,0,285,,0,570,570,0,0,0,285,,307826,0,0,,110676,14400,96276,2033,570,0,285,569
distributed_K4_C2,seed0_K4_C2,distributed,4,2,limited,0,0,0,0,1,64,False,,,,,300.02642083296087,242941952,0,0,362,,,0,7,0,1448,0,0,65703,362,0,,,0,1,0,0,1,1448,0,363,,0,1449,1452,1,3,0,363,,394218,0,0,,150307,25055,125252,2735,1449,0,363,1449
distributed_K8_C2,seed0_K8_C2,distributed,8,2,limited,0,0,0,0,1,64,False,,,,,300.017575457925,306921472,0,0,384,,,0,7,0,3079,0,0,73920,385,0,,,1,1,0,0,1,3079,0,385,,0,3080,3080,0,0,0,385,,422580,0,0,,162875,28475,134400,3011,3080,0,385,3079
central_C1,seed0_K1_C1,central,1,1,optimal,1,116,,1,0,0,True,5311131334359797710647/5000000000000000000,5311131334359797710647/5000000000000000000,5311131334359797710647/5000000000000000000,0,26.722106042085215,875692032,0,0,0,1,5568,1,7,1856,0,0,0,0,0,0,230,115,0,0,0,0,0,0,0,0,5568,0,0,0,0,0,0,0,0,0,0,0,5568,0,0,0,0,0,0,0,1
distributed_K1_C1,seed0_K1_C1,distributed,1,1,optimal,1,116,1,1,0,0,True,5311131334359797710647/5000000000000000000,5311131334359797710647/5000000000000000000,5311131334359797710647/5000000000000000000,0,26.688075875048526,962052096,0,0,0,,,0,7,1856,1,1,1,0,1,0,,,0,0,0,0,0,1,0,1,,0,1,1,0,0,0,1,,0,1,1,,0,0,0,0,1,0,1,1
distributed_K2_C1,seed0_K2_C1,distributed,2,1,limited,0,0,0,0,0,0,False,,,2659910619741526465431/2500000000000000000,,300.0881046659779,320094208,0,0,62,,,0,7,0,124,0,0,1953,62,0,,,0,1,0,0,1,124,0,63,,0,125,126,1,1,0,63,,144522,0,0,,46055,547,45508,1808,125,0,63,125
distributed_K4_C1,seed0_K4_C1,distributed,4,1,limited,0,0,0,0,0,0,False,,,665242809002597327789/625000000000000000,,300.1552437080536,245317632,0,0,112,,,0,7,0,448,0,0,6328,112,0,,,0,1,0,0,1,448,0,113,,0,449,452,1,3,0,113,,263200,0,0,,87523,2627,84896,3420,449,0,113,448
distributed_K8_C1,seed0_K8_C1,distributed,8,1,limited,0,0,0,0,0,0,False,,,2661059430190669281381/2500000000000000000,,300.0337030000519,219168768,0,0,149,,,0,7,0,1199,0,0,11175,150,0,,,1,1,0,0,1,1199,0,150,,0,1200,1200,0,0,0,150,,353553,0,0,,118558,4871,113687,4700,1200,0,150,1200
